Date,Open,High,Low,Close
03/30/22,7537.25,7578.75,7523.82,7578.75
03/29/22,7473.14,7584.11,7473.14,7537.25
03/28/22,7483.35,7539.3,7471.47,7473.14
03/25/22,7467.38,7502.67,7441.28,7483.35
03/24/22,7460.63,7492,7453.25,7467.38
03/23/22,7476.72,7521.14,7459.36,7460.63
03/22/22,7442.39,7490.46,7442.39,7476.72
03/21/22,7404.73,7464.95,7402.6,7442.39
03/18/22,7385.34,7406.13,7318.9,7404.73
03/17/22,7291.68,7385.34,7260.51,7385.34
03/16/22,7175.7,7312.23,7175.7,7291.68
03/15/22,7193.47,7193.47,7075.82,7175.7
03/14/22,7155.64,7222.87,7143.95,7193.47
03/11/22,7099.09,7260.4,7099.03,7155.64
03/10/22,7190.72,7192.75,7065.96,7099.09
03/09/22,6964.11,7190.72,6964.11,7190.72
03/08/22,6959.48,7013.51,6893.55,6964.11
03/07/22,6987.14,7030.74,6787.98,6959.48
03/04/22,7238.85,7238.85,6980.86,6987.14
03/03/22,7429.56,7468.83,7231.51,7238.85
03/02/22,7330.2,7462.22,7320.77,7429.56
03/01/22,7458.25,7499.33,7327.79,7330.2
02/28/22,7489.46,7489.46,7361.59,7458.25
02/25/22,7207.38,7497.94,7207.38,7489.46
02/24/22,7498.18,7498.18,7204.74,7207.38
02/23/22,7494.21,7549.98,7490.54,7498.18
02/22/22,7484.33,7531.32,7365.04,7494.21
02/21/22,7513.62,7571.07,7446.43,7484.33
02/18/22,7537.37,7570.56,7508.73,7513.62
02/17/22,7603.78,7607.24,7499.86,7537.37
02/16/22,7608.92,7630.72,7560.94,7603.78
02/15/22,7531.59,7608.92,7513.16,7608.92
02/14/22,7661.02,7661.02,7483.36,7531.59
02/11/22,7672.4,7672.4,7596.11,7661.02
02/10/22,7643.42,7687.27,7622.74,7672.4
02/09/22,7567.07,7657.93,7567.07,7643.42
02/08/22,7573.47,7631.31,7548.19,7567.07
02/07/22,7516.4,7591.65,7508.48,7573.47
02/04/22,7528.84,7599.73,7497.21,7516.4
02/03/22,7583,7605.75,7528.69,7528.84
02/02/22,7535.78,7605.64,7535.78,7583
02/01/22,7464.37,7549.29,7463.01,7535.78
01/31/22,7466.07,7523.95,7450.89,7464.37
01/28/22,7554.31,7554.31,7420.2,7466.07
01/27/22,7469.78,7596.7,7388.8,7554.31
01/26/22,7371.46,7525.58,7371.46,7469.78
01/25/22,7297.15,7382.6,7297.15,7371.46
01/24/22,7494.13,7494.13,7283.38,7297.15
01/21/22,7585.01,7585.01,7450.49,7494.13
01/20/22,7589.66,7619.01,7549.87,7585.01
01/19/22,7563.55,7614.93,7525.15,7589.66
01/18/22,7611.23,7613.05,7531.96,7563.55
01/17/22,7542.95,7616.06,7542.95,7611.23
01/14/22,7563.85,7568.16,7523.02,7542.95
01/13/22,7551.72,7566.46,7530.12,7563.85
01/12/22,7491.37,7564.2,7491.37,7551.72
01/11/22,7445.25,7497.12,7445.25,7491.37
01/10/22,7485.28,7496.12,7422.94,7445.25
01/07/22,7450.37,7485.28,7431.86,7485.28
01/06/22,7516.87,7516.87,7419.95,7450.37
01/05/22,7505.15,7529.97,7484.28,7516.87
01/04/22,7384.54,7520.79,7384.54,7505.15
12/31/21,7403.01,7403.01,7357.1,7384.54
12/30/21,7420.69,7433.39,7403.01,7403.01
12/29/21,7372.1,7457.14,7372.1,7420.69
12/28/21,7372.1,7372.1,7372.1,7372.1
12/27/21,7372.1,7372.1,7372.1,7372.1
12/24/21,7373.34,7403.65,7368.83,7372.1
12/23/21,7341.66,7385.42,7331.05,7373.34
12/22/21,7297.41,7341.66,7273.45,7341.66
12/21/21,7198.03,7297.41,7198.03,7297.41
12/20/21,7269.92,7269.92,7101.04,7198.03
12/17/21,7260.61,7286.5,7236.17,7269.92
12/16/21,7170.75,7273.34,7170.75,7260.61
12/15/21,7218.64,7224.85,7166.83,7170.75
12/14/21,7231.44,7284.47,7218.64,7218.64
12/13/21,7291.78,7309.23,7226.63,7231.44
12/10/21,7321.26,7331.58,7284.82,7291.78
12/09/21,7337.05,7366.1,7302.96,7321.26
12/08/21,7339.9,7378.92,7333.56,7337.05
12/07/21,7232.28,7344.69,7232.28,7339.9
12/06/21,7122.32,7246.25,7122.32,7232.28
12/03/21,7129.21,7196.05,7105.29,7122.32
12/02/21,7168.68,7168.68,7083.21,7129.21
12/01/21,7059.45,7182.01,7059.35,7168.68
11/30/21,7109.95,7109.95,6989.66,7059.45
11/29/21,7044.03,7161.91,7044.03,7109.95
11/26/21,7310.37,7310.37,7042.12,7044.03
11/25/21,7286.32,7311.94,7286.32,7310.37
11/24/21,7266.69,7307.89,7245.98,7286.32
11/23/21,7255.46,7293.07,7204.37,7266.69
11/22/21,7223.57,7272.63,7207.81,7255.46
11/19/21,7255.96,7289.51,7198.76,7223.57
11/18/21,7291.2,7291.26,7241.99,7255.96
11/17/21,7326.97,7326.97,7289.98,7291.2
11/16/21,7351.86,7368.25,7324.13,7326.97
11/15/21,7347.91,7363.48,7324.11,7351.86
11/12/21,7384.18,7402.68,7340.49,7347.91
11/11/21,7340.15,7394.41,7329.68,7384.18
11/10/21,7274.04,7340.15,7270.11,7340.15
11/09/21,7300.4,7314.13,7268.79,7274.04
11/08/21,7303.96,7316.54,7293.5,7300.4
11/05/21,7279.91,7331.25,7270.03,7303.96
11/04/21,7248.89,7292.96,7247.59,7279.91
11/03/21,7274.81,7277.64,7235.32,7248.89
11/02/21,7288.62,7288.62,7240.02,7274.81
11/01/21,7237.57,7303.39,7237.57,7288.62
10/29/21,7249.47,7249.47,7192.05,7237.57
10/28/21,7253.27,7257.85,7219.71,7249.47
10/27/21,7277.62,7280.45,7247.25,7253.27
10/26/21,7222.82,7281.17,7222.82,7277.62
10/25/21,7204.55,7247.53,7204.55,7222.82
10/22/21,7190.3,7235.19,7190.3,7204.55
10/21/21,7223.1,7227.06,7181.7,7190.3
10/20/21,7217.53,7229.26,7199.29,7223.1
10/19/21,7203.83,7223.29,7189.5,7217.53
10/18/21,7234.03,7234.03,7180.2,7203.83
10/15/21,7207.71,7243.85,7206.26,7234.03
10/14/21,7141.82,7216.15,7141.82,7207.71
10/13/21,7130.23,7152.87,7087.93,7141.82
10/12/21,7146.85,7146.85,7063.43,7130.23
10/11/21,7095.55,7146.85,7085.85,7146.85
10/08/21,7078.04,7109.34,7070.53,7095.55
10/07/21,6995.87,7094.93,6995.87,7078.04
10/06/21,7077.1,7077.1,6945.5,6995.87
10/05/21,7011.01,7084.52,7011.01,7077.1
10/04/21,7027.07,7072.48,7002.72,7011.01
10/01/21,7086.42,7086.42,6989.64,7027.07
09/30/21,7108.16,7159.61,7072.57,7086.42
09/29/21,7028.1,7117.52,7026.85,7108.16
09/28/21,7063.4,7071.36,7015.58,7028.1
09/27/21,7051.48,7122.09,7043.21,7063.4
09/24/21,7078.35,7080.23,7041.34,7051.48
09/23/21,7083.37,7131.43,7070.68,7078.35
09/22/21,6980.98,7090.48,6980.98,7083.37
09/21/21,6903.91,7004.88,6903.91,6980.98
09/20/21,6963.64,6963.64,6828.28,6903.91
09/17/21,7027.48,7092.69,6941.69,6963.64
09/16/21,7016.49,7058.99,7016.32,7027.48
09/15/21,7034.06,7047.27,7016.49,7016.49
09/14/21,7068.43,7068.45,7020.1,7034.06
09/13/21,7029.2,7090.81,7029.2,7068.43
09/10/21,7024.21,7055.22,7014.42,7029.2
09/09/21,7095.53,7095.53,6998.62,7024.21
09/08/21,7149.37,7149.37,7061.13,7095.53
09/07/21,7187.18,7187.18,7147.94,7149.37
09/06/21,7138.35,7195.62,7138.35,7187.18
09/03/21,7163.9,7182.23,7123.87,7138.35
09/02/21,7149.84,7168.78,7129.71,7163.9
09/01/21,7119.7,7187.34,7119.7,7149.84
08/31/21,7148.01,7160.49,7092.03,7119.7
08/27/21,7124.98,7157.6,7108.53,7148.01
08/26/21,7150.12,7150.12,7095.43,7124.98
08/25/21,7125.78,7151.75,7121.29,7150.12
08/24/21,7109.02,7129.66,7076.06,7125.78
08/23/21,7087.9,7147.8,7087.9,7109.02
08/20/21,7058.86,7095.61,7032.45,7087.9
08/19/21,7169.32,7169.32,6993.06,7058.86
08/18/21,7181.11,7198.79,7143.55,7169.32
08/17/21,7153.98,7188.55,7118.67,7181.11
08/16/21,7218.71,7218.71,7117.78,7153.98
08/13/21,7193.23,7224.46,7193.13,7218.71
08/12/21,7220.14,7220.7,7182.92,7193.23
08/11/21,7161.04,7220.14,7157.74,7220.14
08/10/21,7132.3,7166.67,7115.87,7161.04
08/09/21,7122.95,7138.8,7089.74,7132.3
08/06/21,7120.43,7135.39,7103.71,7122.95
08/05/21,7123.86,7130.35,7099.03,7120.43
08/04/21,7105.72,7142.54,7105.72,7123.86
08/03/21,7081.72,7119.19,7074.32,7105.72
08/02/21,7032.3,7111.66,7032.3,7081.72
07/30/21,7078.42,7078.42,6996.93,7032.3
07/29/21,7016.63,7093.93,7008.65,7078.42
07/28/21,6996.08,7023.35,6974.8,7016.63
07/27/21,7025.43,7028.37,6929.64,6996.08
07/26/21,7027.58,7038.65,6980.67,7025.43
07/23/21,6968.3,7033.27,6968.3,7027.58
07/22/21,6998.28,7018.95,6956.24,6968.3
07/21/21,6881.13,7007.75,6881.13,6998.28
07/20/21,6844.39,6929.89,6827.26,6881.13
07/19/21,7008.09,7008.09,6813.03,6844.39
07/16/21,7012.02,7056.73,6978.06,7008.09
07/15/21,7091.19,7111.77,7005.02,7012.02
07/14/21,7124.72,7124.72,7073.59,7091.19
07/13/21,7125.42,7152.44,7116.26,7124.72
07/12/21,7121.88,7134.87,7066.2,7125.42
07/09/21,7030.66,7121.88,7030.22,7121.88
07/08/21,7151.02,7151.02,6981.57,7030.66
07/07/21,7100.88,7153.68,7100.88,7151.02
07/06/21,7164.91,7170.6,7075.73,7100.88
07/05/21,7123.27,7168.03,7111.51,7164.91
07/02/21,7125.16,7162.16,7110.3,7123.27
07/01/21,7037.47,7134.21,7037.47,7125.16
06/30/21,7087.55,7100.71,7010.57,7037.47
06/29/21,7072.97,7120.77,7071.86,7087.55
06/28/21,7136.07,7136.22,7071.95,7072.97
06/25/21,7109.97,7139.08,7109.79,7136.07
06/24/21,7074.06,7119.41,7070.9,7109.97
06/23/21,7090.01,7129.4,7074.06,7074.06
06/22/21,7062.29,7098.67,7061.13,7090.01
06/21/21,7017.47,7065.05,6948.63,7062.29
06/18/21,7153.43,7154.63,7008.74,7017.47
06/17/21,7184.95,7184.95,7132.96,7153.43
06/16/21,7172.48,7217.54,7169.21,7184.95
06/15/21,7146.68,7189.63,7142.71,7172.48
06/14/21,7134.06,7188.26,7131.79,7146.68
06/11/21,7088.18,7140.7,7088.18,7134.06
06/10/21,7081.01,7117.74,7080.02,7088.18
06/09/21,7095.09,7095.72,7046.02,7081.01
06/08/21,7077.22,7120.73,7074.94,7095.09
06/07/21,7069.04,7098.31,7042.19,7077.22
06/04/21,7064.35,7071.81,7039.74,7069.04
06/03/21,7108,7108.04,7013.85,7064.35
06/02/21,7080.46,7122.54,7074.06,7108
06/01/21,7022.61,7118.03,7022.61,7080.46
05/28/21,7019.67,7054.91,7019.58,7022.61
05/27/21,7026.93,7044.01,7008.53,7019.67
05/26/21,7029.79,7050.88,6998.19,7026.93
05/25/21,7051.59,7067.6,7029.79,7029.79
05/24/21,7018.05,7054.63,7013.51,7051.59
05/21/21,7019.79,7028.17,6973.31,7018.05
05/20/21,6950.2,7019.79,6926.85,7019.79
05/19/21,7034.24,7034.24,6897.06,6950.2
05/18/21,7032.85,7102.57,7030.37,7034.24
05/17/21,7043.61,7066.76,6989.11,7032.85
05/14/21,6963.33,7048.67,6963.33,7043.61
05/13/21,7004.63,7004.63,6823.6,6963.33
05/12/21,6947.99,7028.1,6945.33,7004.63
05/11/21,7123.68,7123.68,6912.36,6947.99
05/10/21,7129.71,7164.18,7104.4,7123.68
05/07/21,7076.17,7143.46,7076.17,7129.71
05/06/21,7039.3,7076.17,7026.75,7076.17
05/05/21,6923.17,7047.75,6923.17,7039.3
05/04/21,6969.81,7034.26,6912.28,6923.17
04/30/21,6961.48,7009.47,6946.04,6969.81
04/29/21,6963.67,7019.76,6953.87,6961.48
04/28/21,6944.97,6986.7,6944.06,6963.67
04/27/21,6963.12,6975.07,6929.77,6944.97
04/26/21,6938.56,6971.52,6913.39,6963.12
04/23/21,6938.24,6938.56,6891.75,6938.56
04/22/21,6895.29,6941.11,6889.32,6938.24
04/21/21,6859.87,6914.88,6859.61,6895.29
04/20/21,7000.08,7001.27,6857.07,6859.87
04/19/21,7019.53,7040.26,6979.23,7000.08
04/16/21,6983.5,7037.65,6983.5,7019.53
04/15/21,6939.58,6994.9,6939.26,6983.5
04/14/21,6890.49,6942.33,6880.67,6939.58
04/13/21,6889.12,6895.13,6859.72,6890.49
04/12/21,6915.75,6916.08,6853.75,6889.12
04/09/21,6942.22,6949.56,6906.37,6915.75
04/08/21,6885.32,6942.22,6884.79,6942.22
04/07/21,6823.55,6898.38,6823.55,6885.32
04/06/21,6737.3,6843.73,6737.3,6823.55
04/05/21,6713.63,6766.52,6713.63,6737.3
04/02/21,6713.63,6766.52,6713.63,6737.3
04/01/21,6713.63,6766.52,6713.63,6737.3
03/31/21,6772.12,6775.67,6713.63,6713.63
03/30/21,6736.17,6792.23,6729.46,6772.12
03/29/21,6740.59,6758.78,6705.42,6736.17
03/26/21,6674.83,6742.14,6674.83,6740.59
03/25/21,6712.89,6729.92,6618.61,6674.83
03/24/21,6699.19,6722.61,6649.37,6712.89
03/23/21,6726.1,6726.1,6664.76,6699.19
03/22/21,6708.71,6732.67,6650.96,6726.1
03/19/21,6779.68,6779.68,6664.56,6708.71
03/18/21,6762.67,6791.76,6740.53,6779.68
03/17/21,6803.61,6805.73,6753.82,6762.67
03/16/21,6749.7,6812.78,6749.64,6803.61
03/15/21,6761.47,6804.91,6723.67,6749.7
03/12/21,6736.96,6766.44,6709,6761.47
03/11/21,6725.6,6755.32,6699.34,6736.96
03/10/21,6730.34,6740.77,6677.02,6725.6
03/09/21,6719.13,6786.8,6689.9,6730.34
03/08/21,6630.52,6726.4,6612.74,6719.13
03/05/21,6650.88,6710.8,6560.79,6630.52
03/04/21,6675.47,6675.47,6581.19,6650.88
03/03/21,6613.75,6705.3,6613.75,6675.47
03/02/21,6588.53,6660.82,6560.91,6613.75
03/01/21,6483.43,6612.74,6483.43,6588.53
02/26/21,6651.96,6651.96,6465.57,6483.43
02/25/21,6658.97,6702.88,6644.68,6651.96
02/24/21,6625.94,6669.86,6572.28,6658.97
02/23/21,6612.24,6675.42,6555.88,6625.94
02/22/21,6624.02,6624.71,6545.93,6612.24
02/19/21,6617.15,6646.16,6600.59,6624.02
02/18/21,6710.9,6721.76,6591.43,6617.15
02/17/21,6748.86,6760.29,6701.59,6710.9
02/16/21,6756.11,6799.92,6736.85,6748.86
02/15/21,6589.79,6775.37,6589.79,6756.11
02/12/21,6528.72,6589.79,6485.13,6589.79
02/11/21,6524.36,6554.15,6514.92,6528.72
02/10/21,6531.56,6577,6481.02,6524.36
02/09/21,6523.53,6540.97,6501.02,6531.56
02/08/21,6489.33,6567.7,6489.33,6523.53
02/05/21,6503.72,6518.65,6457.6,6489.33
02/04/21,6507.82,6553.37,6478.15,6503.72
02/03/21,6516.65,6573.1,6489.51,6507.82
02/02/21,6466.42,6523.51,6466.42,6516.65
02/01/21,6407.46,6495.56,6407.46,6466.42
01/29/21,6526.15,6526.15,6397.24,6407.46
01/28/21,6567.37,6567.37,6439.55,6526.15
01/27/21,6654.01,6661.31,6505.84,6567.37
01/26/21,6638.85,6702.35,6636.34,6654.01
01/25/21,6695.07,6714.61,6610.26,6638.85
01/22/21,6715.42,6715.66,6651.71,6695.07
01/21/21,6740.39,6776.92,6715.42,6715.42
01/20/21,6712.95,6751.81,6697.46,6740.39
01/19/21,6720.65,6770.66,6697.67,6712.95
01/18/21,6735.71,6741.47,6709.33,6720.65
01/15/21,6801.96,6802.05,6676.55,6735.71
01/14/21,6745.52,6801.96,6736.78,6801.96
01/13/21,6754.11,6772.57,6736.01,6745.52
01/12/21,6798.48,6816.65,6738.21,6754.11
01/11/21,6873.26,6873.26,6768.72,6798.48
01/08/21,6856.96,6886.34,6836.08,6873.26
01/07/21,6841.86,6903.61,6795.11,6856.96
01/06/21,6612.25,6859.14,6611.87,6841.86
01/05/21,6571.88,6622.77,6544.25,6612.25
01/04/21,6460.52,6662.66,6460.52,6571.88
12/31/20,6555.82,6555.82,6439.41,6460.52
12/30/20,6602.65,6622.98,6552.46,6555.82
12/29/20,6502.11,6676.6,6502.11,6602.65
12/24/20,6495.75,6530.28,6479.59,6502.11
12/23/20,6453.16,6497.28,6431.21,6495.75
12/22/20,6416.32,6457.47,6382.61,6453.16
12/21/20,6529.18,6529.18,6315.34,6416.32
12/18/20,6551.06,6604.54,6518.25,6529.18
12/17/20,6570.91,6601.63,6551.06,6551.06
12/16/20,6513.32,6598.42,6513.32,6570.91
12/15/20,6531.83,6558.24,6484.04,6513.32
12/14/20,6546.75,6583.7,6524.7,6531.83
12/11/20,6599.76,6607.44,6520.54,6546.75
12/10/20,6564.29,6640.74,6561.11,6599.76
12/09/20,6558.82,6623.03,6558.82,6564.29
12/08/20,6555.39,6567.59,6518.37,6558.82
12/07/20,6550.23,6601.11,6519.82,6555.39
12/04/20,6490.27,6559.18,6489.75,6550.23
12/03/20,6463.39,6491.49,6430.27,6490.27
12/02/20,6384.73,6468.64,6367.51,6463.39
12/01/20,6266.19,6400.24,6263.6,6384.73
11/30/20,6367.58,6404.02,6266.19,6266.19
11/27/20,6362.93,6375.91,6302.22,6367.58
11/26/20,6391.09,6412.65,6349.53,6362.93
11/25/20,6432.17,6468.73,6375.25,6391.09
11/24/20,6333.84,6432.42,6333.72,6432.17
11/23/20,6351.45,6392.08,6325.24,6333.84
11/20/20,6334.35,6386.7,6324.6,6351.45
11/19/20,6385.24,6385.24,6314.26,6334.35
11/18/20,6365.33,6395.91,6326.74,6385.24
11/17/20,6421.29,6424.53,6308.99,6365.33
11/16/20,6316.39,6463.51,6316.39,6421.29
11/13/20,6338.94,6338.97,6280.4,6316.39
11/12/20,6382.1,6382.1,6295.79,6338.94
11/11/20,6296.85,6397.28,6293.21,6382.1
11/10/20,6186.29,6307,6180.47,6296.85
11/09/20,5910.02,6258.31,5910.02,6186.29
11/06/20,5906.18,5950.22,5858.48,5910.02
11/05/20,5883.26,5933.05,5881.87,5906.18
11/04/20,5786.77,5885.67,5711.21,5883.26
11/03/20,5654.97,5787.61,5654.97,5786.77
11/02/20,5577.27,5665.3,5554.73,5654.97
10/30/20,5581.75,5593.4,5534.08,5577.27
10/29/20,5582.8,5616.58,5534.66,5581.75
10/28/20,5728.99,5728.99,5525.52,5582.8
10/27/20,5792.01,5806.23,5728.18,5728.99
10/26/20,5860.28,5868.36,5782.37,5792.01
10/23/20,5785.65,5885.38,5781.78,5860.28
10/22/20,5776.5,5796.44,5716.4,5785.65
10/21/20,5889.22,5903.38,5769.62,5776.5
10/20/20,5884.65,5915.47,5861.81,5889.22
10/19/20,5919.58,5959.67,5871.95,5884.65
10/16/20,5832.52,5933.81,5832.52,5919.58
10/15/20,5935.06,5935.06,5786.2,5832.52
10/14/20,5969.71,6009.81,5926.49,5935.06
10/13/20,6001.38,6008.04,5949.97,5969.71
10/12/20,6016.65,6037.08,5995.11,6001.38
10/09/20,5978.03,6040.47,5978.03,6016.65
10/08/20,5946.25,6004.15,5929.41,5978.03
10/07/20,5949.94,5977.15,5929.16,5946.25
10/06/20,5942.94,5971.48,5903.4,5949.94
10/05/20,5902.12,5974.22,5902.12,5942.94
10/02/20,5879.45,5902.12,5809.61,5902.12
10/01/20,5866.1,5925.77,5849.82,5879.45
09/30/20,5897.5,5931.37,5854.46,5866.1
09/29/20,5927.93,5927.93,5862.93,5897.5
09/28/20,5842.67,5954.42,5842.67,5927.93
09/25/20,5822.78,5843.72,5771.49,5842.67
09/24/20,5899.26,5899.26,5805.28,5822.78
09/23/20,5829.46,5974.88,5829.46,5899.26
09/22/20,5804.29,5871.28,5794.54,5829.46
09/21/20,6007.05,6007.05,5779.24,5804.29
09/18/20,6049.92,6055.24,6006.28,6007.05
09/17/20,6078.48,6078.48,5998.69,6049.92
09/16/20,6105.54,6119.24,6057.63,6078.48
09/15/20,6026.25,6123.69,6026.17,6105.54
09/14/20,6032.09,6080.02,6011.83,6026.25
09/11/20,6003.32,6057.69,5992.93,6032.09
09/10/20,6012.84,6028.76,5950.62,6003.32
09/09/20,5930.3,6031.25,5923.43,6012.84
09/08/20,5937.4,5985.26,5868.87,5930.3
09/07/20,5799.08,5946.93,5798.47,5937.4
09/04/20,5850.86,5904.16,5778.4,5799.08
09/03/20,5940.95,5996.24,5838.02,5850.86
09/02/20,5862.05,5974.7,5862.05,5940.95
09/01/20,5963.57,5972.52,5824.04,5862.05
08/28/20,5999.99,6033.04,5962.46,5963.57
08/27/20,6045.6,6062.52,5999.99,5999.99
08/26/20,6037.01,6050.81,5992.22,6045.6
08/25/20,6104.73,6173.48,6032.1,6037.01
08/24/20,6001.89,6119.8,6001.89,6104.73
08/21/20,6013.34,6036.51,5948.8,6001.89
08/20/20,6111.98,6111.98,6009.61,6013.34
08/19/20,6076.62,6114.83,6045,6111.98
08/18/20,6127.44,6162.66,6062.58,6076.62
08/17/20,6090.04,6140.19,6061.46,6127.44
08/14/20,6185.62,6185.62,6036.13,6090.04
08/13/20,6280.12,6280.12,6185.62,6185.62
08/12/20,6154.34,6297.2,6151.64,6280.12
08/11/20,6050.59,6206,6050.59,6154.34
08/10/20,6032.18,6099.48,6028.49,6050.59
08/07/20,6026.94,6046.02,5996.73,6032.18
08/06/20,6104.72,6104.72,5980.44,6026.94
08/05/20,6036,6111.5,6036,6104.72
08/04/20,6032.85,6056.47,5986.77,6036
08/03/20,5897.76,6038.76,5857.06,6032.85
07/31/20,5989.99,6046.33,5897.76,5897.76
07/30/20,6131.46,6145.83,5924.7,5989.99
07/29/20,6129.26,6155.06,6116.72,6131.46
07/28/20,6104.88,6149.86,6083.65,6129.26
07/27/20,6123.82,6127.62,6086.64,6104.88
07/24/20,6211.44,6211.44,6099.06,6123.82
07/23/20,6207.1,6273.63,6202.9,6211.44
07/22/20,6269.73,6270.96,6197.45,6207.1
07/21/20,6261.52,6315.68,6253.9,6269.73
07/20/20,6290.3,6297.64,6222.15,6261.52
07/17/20,6250.69,6293.68,6230.01,6290.3
07/16/20,6292.65,6296.78,6227.33,6250.69
07/15/20,6179.75,6323.55,6179.75,6292.65
07/14/20,6176.19,6179.75,6093.23,6179.75
07/13/20,6095.41,6187.33,6095.41,6176.19
07/10/20,6049.62,6108.2,6003.19,6095.41
07/09/20,6156.16,6176.84,6040.26,6049.62
07/08/20,6189.9,6208.43,6144.52,6156.16
07/07/20,6285.94,6285.94,6179.97,6189.9
07/06/20,6157.3,6304.19,6157.3,6285.94
07/03/20,6240.36,6262.71,6137.09,6157.3
07/02/20,6157.96,6258.6,6157.96,6240.36
07/01/20,6169.74,6201.95,6084.48,6157.96
06/30/20,6225.77,6237.51,6146.98,6169.74
06/29/20,6159.3,6251.96,6122.95,6225.77
06/26/20,6147.14,6262.13,6147.14,6159.3
06/25/20,6123.69,6162.44,6029.25,6147.14
06/24/20,6320.12,6320.12,6123.69,6123.69
06/23/20,6244.62,6342.19,6244.62,6320.12
06/22/20,6292.6,6309.04,6225.53,6244.62
06/19/20,6224.07,6319.81,6224.07,6292.6
06/18/20,6253.25,6284.96,6184.88,6224.07
06/17/20,6242.79,6309.74,6233.24,6253.25
06/16/20,6064.7,6299.02,6064.7,6242.79
06/15/20,6105.18,6105.18,5952.44,6064.7
06/12/20,6076.7,6184.29,5993.2,6105.18
06/11/20,6329.13,6329.13,6076.7,6076.7
06/10/20,6335.72,6387.35,6293.83,6329.13
06/09/20,6472.59,6475.01,6325.07,6335.72
06/08/20,6484.3,6511.84,6423.06,6472.59
06/05/20,6341.44,6489.99,6341.44,6484.3
06/04/20,6382.41,6402.57,6314.59,6341.44
06/03/20,6220.14,6394.7,6220.14,6382.41
06/02/20,6166.42,6238.25,6165.05,6220.14
06/01/20,6076.6,6179.34,6076.6,6166.42
05/29/20,6218.79,6218.79,6060.16,6076.6
05/28/20,6144.25,6234.04,6144.25,6218.79
05/27/20,6067.76,6167.96,6067.76,6144.25
05/26/20,5993.28,6130.12,5993.28,6067.76
05/22/20,6015.25,6015.25,5888.58,5993.28
05/21/20,6067.16,6093.74,6004.1,6015.25
05/20/20,6002.23,6074.46,5961.56,6067.16
05/19/20,6048.59,6111.96,5965.1,6002.23
05/18/20,5799.77,6058.17,5799.61,6048.59
05/15/20,5741.54,5837.88,5741.54,5799.77
05/14/20,5904.05,5904.05,5661.14,5741.54
05/13/20,5994.77,5994.77,5893.35,5904.05
05/12/20,5939.73,6012.98,5911.37,5994.77
05/11/20,5935.98,5999.13,5898.32,5939.73
05/07/20,5853.76,5941.86,5853.6,5935.98
05/06/20,5849.42,5897.44,5839.57,5853.76
05/05/20,5753.78,5869.45,5753.78,5849.42
05/04/20,5763.06,5792.85,5702.03,5753.78
05/01/20,5901.21,5901.21,5746.06,5763.06
04/30/20,6115.25,6151.58,5897.91,5901.21
04/29/20,5958.5,6129.6,5950.83,6115.25
04/28/20,5846.79,5977.76,5835.92,5958.5
04/27/20,5752.23,5855.61,5752.23,5846.79
04/24/20,5826.61,5827.24,5728.8,5752.23
04/23/20,5770.63,5843.61,5735.93,5826.61
04/22/20,5641.03,5777.06,5641.03,5770.63
04/21/20,5812.83,5812.83,5641.03,5641.03
04/20/20,5786.96,5823.93,5707.73,5812.83
04/17/20,5628.43,5839.33,5628.43,5786.96
04/16/20,5597.65,5657.63,5577.78,5628.43
04/15/20,5791.31,5791.71,5576.35,5597.65
04/14/20,5842.66,5894.71,5778.98,5791.31
04/13/20,5842.66,5842.66,5842.66,5842.66
04/10/20,5842.66,5842.66,5842.66,5842.66
04/09/20,5677.73,5842.66,5677.68,5842.66
04/08/20,5704.45,5704.45,5589.73,5677.73
04/07/20,5582.39,5780.21,5582.39,5704.45
04/06/20,5415.5,5590.58,5415.5,5582.39
04/03/20,5480.22,5486.29,5396.66,5415.5
04/02/20,5454.57,5552.36,5395.07,5480.22
04/01/20,5671.96,5671.96,5414.72,5454.57
03/31/20,5563.74,5702.66,5545.85,5671.96
03/30/20,5510.33,5567.2,5351.84,5563.74
03/27/20,5815.73,5815.73,5407.06,5510.33
03/26/20,5688.2,5815.73,5503.35,5815.73
03/25/20,5446.01,5741.42,5400.47,5688.2
03/24/20,4993.89,5446.01,4993.89,5446.01
03/23/20,5190.78,5194.83,4922.76,4993.89
03/20/20,5151.61,5419.3,5151.61,5190.78
03/19/20,5080.58,5181.04,4942.37,5151.61
03/18/20,5294.9,5294.9,5006.2,5080.58
03/17/20,5151.08,5308.95,4978.84,5294.9
03/16/20,5366.11,5366.11,4898.79,5151.08
03/13/20,5237.48,5696.48,5237.48,5366.11
03/12/20,5876.52,5876.52,5237.48,5237.48
03/11/20,5960.23,6088.5,5860.75,5876.52
03/10/20,5965.77,6231.06,5927.85,5960.23
03/09/20,6462.55,6462.55,5891.56,5965.77
03/06/20,6705.43,6705.43,6431.44,6462.55
03/05/20,6815.59,6834.12,6662.61,6705.43
03/04/20,6718.2,6856.27,6700.23,6815.59
03/03/20,6654.89,6846.28,6654.89,6718.2
03/02/20,6580.61,6775.18,6496.01,6654.89
02/28/20,6796.4,6796.4,6460.08,6580.61
02/27/20,7042.47,7042.47,6729.99,6796.4
02/26/20,7017.88,7044.66,6871.85,7042.47
02/25/20,7156.83,7198.23,7004.94,7017.88
02/24/20,7403.92,7403.92,7114.45,7156.83
02/21/20,7436.64,7436.7,7370.63,7403.92
02/20/20,7457.02,7480.49,7436.64,7436.64
02/19/20,7382.01,7462.01,7382.01,7457.02
02/18/20,7433.25,7433.25,7353.41,7382.01
02/17/20,7409.13,7449.95,7409.13,7433.25
02/14/20,7452.03,7472.85,7403.69,7409.13
02/13/20,7534.37,7534.37,7406.94,7452.03
02/12/20,7499.44,7547.65,7499.01,7534.37
02/11/20,7446.88,7499.44,7499.44,7499.44
02/10/20,7466.7,7466.7,7427.85,7446.88
02/07/20,7504.79,7506.26,7441.14,7466.7
02/06/20,7482.48,7533.57,7482.48,7504.79
02/05/20,7439.82,7512.41,7408.45,7482.48
02/04/20,7326.31,7442.08,7326.31,7439.82
02/03/20,7286.01,7359.98,7285.16,7326.31
01/31/20,7381.96,7398.34,7275.03,7286.01
01/30/20,7483.57,7483.57,7357.62,7381.96
01/29/20,7480.69,7514.73,7462.21,7483.57
01/28/20,7412.05,7491.44,7410.37,7480.69
01/27/20,7585.98,7585.98,7392.83,7412.05
01/24/20,7507.67,7642.21,7507.59,7585.98
01/23/20,7571.92,7572.13,7503.17,7507.67
01/22/20,7610.7,7637.35,7563.52,7571.92
01/21/20,7651.44,7651.44,7550.47,7610.7
01/20/20,7674.56,7682.77,7639.62,7651.44
01/17/20,7609.81,7689.67,7609.81,7674.56
01/16/20,7642.8,7653.58,7595.31,7609.81
01/15/20,7622.35,7642.8,7609.44,7642.8
01/14/20,7617.6,7650.69,7588.81,7622.35
01/13/20,7587.85,7635.77,7582.51,7617.6
01/10/20,7598.12,7631.96,7585.07,7587.85
01/09/20,7574.93,7627.76,7574.93,7598.12
01/08/20,7573.85,7579.48,7524.96,7574.93
01/07/20,7575.34,7604.59,7562.14,7573.85
01/06/20,7622.4,7622.4,7528.08,7575.34
01/03/20,7604.3,7626.41,7551,7622.4
01/02/20,7542.44,7624.78,7542.44,7604.3
01/01/20,7542.44,7587.41,7532.38,7542.44
12/31/19,7587.05,7587.41,7532.38,7542.44
12/30/19,7644.9,7644.9,7587.05,7587.05
12/27/19,7632.24,7665.4,7622.46,7644.9
12/26/19,7632.24,7632.24,7632.24,7632.24
12/25/19,7632.24,7636.16,7608.22,7632.24
12/24/19,7623.59,7636.16,7608.22,7632.24
12/23/19,7582.48,7628.2,7559.63,7623.59
12/20/19,7573.82,7599.52,7564.59,7582.48
12/19/19,7540.75,7575.9,7526.1,7573.82
12/18/19,7525.28,7557.05,7515.17,7540.75
12/17/19,7519.05,7537.66,7497.15,7525.28
12/16/19,7353.44,7552.65,7353.18,7519.05
12/13/19,7273.47,7429.04,7223.42,7353.44
12/12/19,7216.25,7307.36,7216.08,7273.47
12/11/19,7213.76,7250.67,7195.49,7216.25
12/10/19,7233.9,7234.4,7137.84,7213.76
12/09/19,7239.66,7255.73,7217.8,7233.9
12/06/19,7137.85,7241.5,7137.85,7239.66
12/05/19,7188.5,7194.78,7131.16,7137.85
12/04/19,7158.76,7190.04,7139.91,7188.5
12/03/19,7285.94,7285.94,7134.93,7158.76
12/02/19,7346.53,7400.27,7277.02,7285.94
11/29/19,7416.43,7421.4,7346.53,7346.53
11/28/19,7429.78,7429.78,7385.32,7416.43
11/27/19,7403.14,7446,7400.38,7429.78
11/26/19,7396.29,7421.3,7384.96,7403.14
11/25/19,7326.81,7401.78,7326.81,7396.29
11/22/19,7238.55,7343.26,7238.47,7326.81
11/21/19,7262.49,7262.49,7197.33,7238.55
11/20/19,7323.8,7323.8,7219.11,7262.49
11/19/19,7307.7,7404.47,7307.7,7323.8
11/18/19,7302.94,7335.36,7293.4,7307.7
11/15/19,7292.76,7335.55,7243.15,7302.94
11/14/19,7351.21,7351.28,7292.76,7292.76
11/13/19,7365.44,7365.44,7301.71,7351.21
11/12/19,7328.54,7390,7328.18,7365.44
11/11/19,7359.38,7359.38,7258.46,7328.54
11/08/19,7406.41,7406.83,7349.12,7359.38
11/07/19,7396.65,7431.94,7396,7406.41
11/06/19,7388.08,7398.78,7363.55,7396.65
11/05/19,7369.69,7402.79,7369.61,7388.08
11/04/19,7302.42,7392.73,7302.42,7369.69
11/01/19,7248.38,7307.18,7248.38,7302.42
10/31/19,7330.78,7335.16,7245.23,7248.38
10/30/19,7306.26,7334.04,7278.18,7330.78
10/29/19,7331.28,7335.73,7264.74,7306.26
10/28/19,7324.47,7346.92,7291.59,7331.28
10/25/19,7328.25,7331.17,7279.78,7324.47
10/24/19,7260.74,7338.87,7255.46,7328.25
10/23/19,7212.49,7265.86,7194.13,7260.74
10/22/19,7163.64,7230.17,7146.69,7212.49
10/21/19,7150.57,7197.53,7139.38,7163.64
10/18/19,7182.32,7197.14,7146.11,7150.57
10/17/19,7167.95,7237.78,7162.04,7182.32
10/16/19,7211.64,7217.63,7149.84,7167.95
10/15/19,7213.45,7242.37,7176.67,7211.64
10/14/19,7247.08,7251.8,7194.21,7213.45
10/11/19,7186.36,7250.09,7144.66,7247.08
10/10/19,7166.5,7212.9,7130.52,7186.36
10/09/19,7143.15,7196.41,7139.9,7166.5
10/08/19,7197.88,7223.86,7143.15,7143.15
10/07/19,7155.38,7206.89,7132.98,7197.88
10/04/19,7077.64,7157.75,7077.4,7155.38
10/03/19,7122.54,7129.02,7004.43,7077.64
10/02/19,7360.32,7360.32,7119.72,7122.54
10/01/19,7408.21,7433.24,7352.83,7360.32
09/30/19,7426.21,7439.62,7402.2,7408.21
09/27/19,7351.08,7440.77,7351,7426.21
09/26/19,7289.99,7387.09,7277.15,7351.08
09/25/19,7291.43,7292,7212.96,7289.99
09/24/19,7326.08,7348.97,7281.91,7291.43
09/23/19,7344.92,7362.3,7284.75,7326.08
09/20/19,7356.42,7376.31,7322.01,7344.92
09/19/19,7314.05,7373.08,7290.69,7356.42
09/18/19,7320.4,7350.52,7300.37,7314.05
09/17/19,7321.41,7350.24,7292.23,7320.4
09/16/19,7367.46,7378.32,7321.41,7321.41
09/13/19,7344.67,7380.29,7318.23,7367.46
09/12/19,7338.03,7369.34,7303.17,7344.67
09/11/19,7267.95,7346.71,7267.95,7338.03
09/10/19,7235.81,7270.5,7199.4,7267.95
09/09/19,7282.34,7325.21,7205.98,7235.81
09/06/19,7271.17,7284.11,7244.13,7282.34
09/05/19,7311.26,7330.71,7250.63,7271.17
09/04/19,7268.19,7334.55,7268.19,7311.26
09/03/19,7281.94,7301.47,7239.1,7268.19
09/02/19,7207.18,7315.26,7206.9,7281.94
08/30/19,7184.32,7240.37,7179.7,7207.18
08/29/19,7114.71,7199.2,7103.12,7184.32
08/28/19,7089.58,7131.21,7050,7114.71
08/27/19,7094.98,7110.76,7044.73,7089.58
08/23/19,7128.18,7188.59,7094.98,7094.98
08/22/19,7203.97,7203.97,7103.67,7128.18
08/21/19,7125,7215.53,7122.12,7203.97
08/20/19,7189.65,7231.65,7121.24,7125
08/19/19,7117.15,7214.23,7117.15,7189.65
08/16/19,7067.01,7125.9,7067.01,7117.15
08/15/19,7147.88,7148.75,7020.22,7067.01
08/14/19,7250.9,7268.73,7112.05,7147.88
08/13/19,7226.72,7281.14,7166.86,7250.9
08/12/19,7253.85,7305.56,7207.46,7226.72
08/09/19,7285.9,7297.28,7237.13,7253.85
08/08/19,7198.7,7285.9,7191.25,7285.9
08/07/19,7171.69,7237.88,7153.89,7198.7
08/06/19,7223.85,7241.57,7166.98,7171.69
08/05/19,7407.06,7407.06,7200.54,7223.85
08/02/19,7584.87,7585.24,7397.91,7407.06
08/01/19,7586.78,7609.98,7535.9,7584.87
07/31/19,7646.77,7648.2,7576.12,7586.78
07/30/19,7686.61,7727.49,7643.65,7646.77
07/29/19,7549.06,7711.34,7548.86,7686.61
07/26/19,7489.05,7553.55,7486.74,7549.06
07/25/19,7501.46,7542.64,7462.73,7489.05
07/24/19,7556.86,7558.01,7479.07,7501.46
07/23/19,7514.93,7598.6,7514.93,7556.86
07/22/19,7508.7,7549.71,7491.79,7514.93
07/19/19,7493.09,7546.65,7475.49,7508.7
07/18/19,7535.46,7535.46,7482.6,7493.09
07/17/19,7577.2,7577.2,7519.22,7535.46
07/16/19,7531.72,7590.07,7524.52,7577.2
07/15/19,7505.97,7548.33,7487.44,7531.72
07/12/19,7509.82,7537.1,7493.8,7505.97
07/11/19,7530.69,7558.34,7501.66,7509.82
07/10/19,7536.47,7559.12,7515.61,7530.69
07/09/19,7549.27,7553.3,7517.94,7536.47
07/08/19,7553.14,7571.34,7538.67,7549.27
07/05/19,7603.58,7603.61,7541.86,7553.14
07/04/19,7609.32,7622.58,7601.33,7603.58
07/03/19,7559.19,7621.02,7558.47,7609.32
07/02/19,7497.5,7565.27,7497.5,7559.19
07/01/19,7425.63,7530.24,7425.63,7497.5
06/28/19,7402.33,7436.18,7398.92,7425.63
06/27/19,7416.39,7439.43,7375.51,7402.33
06/26/19,7422.43,7435.9,7405.54,7416.39
06/25/19,7416.69,7429.72,7373.22,7422.43
06/24/19,7407.5,7435.54,7399.56,7416.69
06/21/19,7424.44,7456.79,7382.94,7407.5
06/20/19,7403.54,7460.83,7403.54,7424.44
06/19/19,7443.04,7454.93,7399.17,7403.54
06/18/19,7357.31,7469.19,7345.55,7443.04
06/17/19,7345.78,7370.7,7324.54,7357.31
06/14/19,7368.57,7368.8,7316.44,7345.78
06/13/19,7367.62,7398.61,7350.98,7368.57
06/12/19,7398.45,7398.45,7329.26,7367.62
06/11/19,7375.54,7420.73,7375.54,7398.45
06/10/19,7331.94,7380.14,7331.94,7375.54
06/07/19,7259.85,7347.41,7258.16,7331.94
06/06/19,7220.22,7275.66,7218.67,7259.85
06/05/19,7216.74,7259.24,7201.36,7220.22
06/04/19,7184.8,7223.96,7138.14,7214.29
06/03/19,7161.71,7186.71,7079.71,7184.8
05/31/19,7218.16,7218.16,7130.85,7161.71
05/30/19,7185.3,7236.68,7180.57,7218.16
05/29/19,7268.95,7268.95,7151.37,7185.3
05/28/19,7277.73,7314.85,7262.8,7268.95
05/24/19,7231.04,7303.04,7231.01,7277.73
05/23/19,7334.19,7334.19,7211.33,7231.04
05/22/19,7328.92,7373.27,7313.55,7334.19
05/21/19,7310.88,7370.02,7310.88,7328.92
05/20/19,7348.62,7360.34,7268.63,7310.88
05/17/19,7353.51,7354.22,7307.33,7348.62
05/16/19,7296.95,7353.51,7265.77,7353.51
05/15/19,7241.6,7308.1,7223.08,7296.95
05/14/19,7163.68,7241.6,7163.68,7241.6
05/13/19,7203.29,7217.12,7150.89,7163.68
05/10/19,7207.41,7268.17,7189.86,7203.29
05/09/19,7271,7271,7192.18,7207.41
05/08/19,7260.47,7278.32,7222.88,7271
05/07/19,7380.64,7380.64,7251.03,7260.47
05/03/19,7351.31,7418.17,7350.01,7380.64
05/02/19,7385.26,7393.94,7339.45,7351.31
05/01/19,7385.26,7446.46,7379.65,7385.26
04/30/19,7440.66,7451.32,7394.07,7418.22
04/29/19,7428.19,7456.49,7406.53,7440.66
04/26/19,7434.13,7442.39,7398.57,7428.19
04/25/19,7471.75,7473.32,7405.99,7434.13
04/24/19,7523.07,7523.79,7456.74,7471.75
04/23/19,7459.88,7528.93,7459.88,7523.07
04/22/19,7459.88,7475.91,7437.87,7459.88
04/19/19,7459.88,7475.91,7437.87,7459.88
04/18/19,7471.32,7475.91,7437.87,7459.88
04/17/19,7469.92,7478.95,7445.12,7471.32
04/16/19,7436.87,7485.93,7436.87,7469.92
04/15/19,7437.06,7447.08,7420.27,7436.87
04/12/19,7417.95,7454.78,7415,7437.06
04/11/19,7421.91,7441.89,7383.47,7417.95
04/10/19,7425.57,7441.36,7409.39,7421.91
04/09/19,7451.89,7477.62,7413.27,7425.57
04/08/19,7446.87,7459.93,7420.41,7451.89
04/05/19,7401.94,7461.39,7400.79,7446.87
04/04/19,7418.28,7418.43,7367.44,7401.94
04/03/19,7391.12,7418.31,7380.93,7418.28
04/02/19,7317.38,7403.56,7316.81,7391.12
04/01/19,7279.19,7352.15,7279.19,7317.38
03/29/19,7234.33,7287.72,7223.3,7279.19
03/28/19,7194.19,7265.47,7190.87,7234.33
03/27/19,7196.29,7222.64,7160.14,7194.19
03/26/19,7177.58,7221.02,7169.37,7196.29
03/25/19,7207.59,7208.09,7146.83,7177.58
03/22/19,7355.31,7356.37,7192.76,7207.59
03/21/19,7291.01,7370.61,7290.62,7355.31
03/20/19,7324,7341.57,7291.01,7291.01
03/19/19,7299.19,7350.1,7294.5,7324
03/18/19,7228.28,7299.19,7228.19,7299.19
03/15/19,7185.43,7243.8,7185.43,7228.28
03/14/19,7159.19,7215.45,7148.08,7185.43
03/13/19,7151.15,7181.85,7128.71,7159.19
03/12/19,7130.62,7166.55,7083.22,7151.15
03/11/19,7104.31,7181.61,7104.31,7130.62
03/08/19,7157.55,7157.55,7077.93,7104.31
03/07/19,7196,7196,7126.57,7157.55
03/06/19,7183.43,7211.83,7170.25,7196
03/05/19,7134.39,7191.65,7127.18,7183.43
03/04/19,7106.73,7166.19,7106.73,7134.39
03/01/19,7074.73,7129.72,7074.73,7106.73
02/28/19,7107.2,7107.2,7041.03,7074.73
02/27/19,7151.12,7151.12,7082.62,7107.2
02/26/19,7183.74,7183.79,7091.59,7151.12
02/25/19,7178.6,7210.7,7158.19,7183.74
02/22/19,7167.39,7220.52,7162.37,7178.6
02/21/19,7228.62,7228.78,7141.85,7167.39
02/20/19,7179.17,7234.16,7177.95,7228.62
02/19/19,7219.47,7219.53,7162.8,7179.17
02/18/19,7236.68,7242.09,7209.7,7219.47
02/15/19,7197.01,7261.63,7185.23,7236.68
02/14/19,7190.84,7232.83,7183.01,7197.01
02/13/19,7133.14,7205.07,7133.14,7190.84
02/12/19,7129.11,7168.61,7121.72,7133.14
02/11/19,7071.18,7149.23,7071.18,7129.11
02/08/19,7093.58,7115.83,7064.9,7071.18
02/07/19,7173.09,7187.51,7093.58,7093.58
02/06/19,7177.37,7184.22,7146.65,7173.09
02/05/19,7034.13,7180.71,7033.57,7177.37
02/04/19,7020.22,7046.58,7002.42,7034.13
02/01/19,6968.85,7024.45,6968.85,7020.22
01/31/19,6941.63,6994.88,6941.09,6968.85
01/30/19,6833.93,6967.7,6833.93,6941.63
01/29/19,6747.1,6860.34,6747.1,6833.93
01/28/19,6809.22,6812.53,6734,6747.1
01/25/19,6818.95,6858.19,6806.77,6809.22
01/24/19,6842.88,6854.59,6802.03,6818.95
01/23/19,6901.39,6901.63,6834.3,6842.88
01/22/19,6970.59,6970.59,6880.69,6901.39
01/21/19,6968.33,6987.93,6954.52,6970.59
01/18/19,6834.92,6984.36,6834.92,6968.33
01/17/19,6862.68,6862.68,6799.03,6834.92
01/16/19,6895.02,6912.44,6848.57,6862.68
01/15/19,6855.02,6910.45,6849.63,6895.02
01/14/19,6918.18,6918.21,6841.74,6855.02
01/11/19,6942.87,7001.94,6902.65,6918.18
01/10/19,6906.63,6948.18,6860.82,6942.87
01/09/19,6861.6,6938.31,6861.6,6906.63
01/08/19,6810.88,6901.48,6804.89,6861.6
01/07/19,6837.42,6874.11,6778.01,6810.88
01/04/19,6692.66,6850.37,6692.5,6837.42
01/03/19,6734.23,6753.14,6685.09,6692.66
01/02/19,6728.13,6753.29,6599.48,6734.23
01/01/19,6728.13,6752.54,6718.32,6728.13
