"Date","Price","Open","High","Low","Change %"
"Mar 27, 2022","1.1774","1.1990","1.2017","1.1772","-1.87%"
"Mar 20, 2022","1.1998","1.1922","1.2056","1.1880","0.63%"
"Mar 13, 2022","1.1923","1.1949","1.1964","1.1820","-0.18%"
"Mar 06, 2022","1.1945","1.2105","1.2194","1.1853","-1.30%"
"Feb 27, 2022","1.2102","1.1897","1.2153","1.1866","1.76%"
"Feb 20, 2022","1.1893","1.2012","1.2042","1.1891","-0.89%"
"Feb 13, 2022","1.2000","1.1948","1.2011","1.1900","0.47%"
"Feb 06, 2022","1.1944","1.1818","1.1964","1.1793","1.08%"
"Jan 30, 2022","1.1816","1.2023","1.2073","1.1804","-1.74%"
"Jan 23, 2022","1.2025","1.1952","1.2043","1.1870","0.64%"
"Jan 16, 2022","1.1948","1.1979","1.2043","1.1933","-0.23%"
"Jan 09, 2022","1.1975","1.1961","1.2015","1.1951","0.17%"
"Jan 02, 2022","1.1955","1.1901","1.1999","1.1875","0.49%"
"Dec 26, 2021","1.1897","1.1827","1.1952","1.1826","0.63%"
"Dec 19, 2021","1.1823","1.1784","1.1884","1.1694","0.41%"
"Dec 12, 2021","1.1775","1.1728","1.1832","1.1689","0.41%"
"Dec 05, 2021","1.1727","1.1688","1.1782","1.1626","0.31%"
"Nov 28, 2021","1.1691","1.1787","1.1842","1.1689","-0.76%"
"Nov 21, 2021","1.1780","1.1919","1.1934","1.1767","-1.13%"
"Nov 14, 2021","1.1915","1.1722","1.1932","1.1711","1.75%"
"Nov 07, 2021","1.1710","1.1668","1.1739","1.1641","0.39%"
"Oct 31, 2021","1.1664","1.1833","1.1846","1.1633","-1.47%"
"Oct 24, 2021","1.1838","1.1818","1.1903","1.1796","0.31%"
"Oct 17, 2021","1.1802","1.1853","1.1878","1.1806","-0.41%"
"Oct 10, 2021","1.1851","1.1767","1.1874","1.1739","0.75%"
"Oct 03, 2021","1.1763","1.1683","1.1801","1.1662","0.72%"
"Sep 26, 2021","1.1679","1.1677","1.1731","1.1548","0.09%"
"Sep 19, 2021","1.1668","1.1712","1.1726","1.1608","-0.41%"
"Sep 12, 2021","1.1716","1.1716","1.1766","1.1676","0.04%"
"Sep 05, 2021","1.1711","1.1667","1.1739","1.1608","0.38%"
"Aug 29, 2021","1.1667","1.1667","1.1681","1.1622","0.05%"
"Aug 22, 2021","1.1661","1.1658","1.1708","1.1635","0.15%"
"Aug 15, 2021","1.1644","1.1757","1.1789","1.1639","-0.93%"
"Aug 08, 2021","1.1753","1.1801","1.1836","1.1738","-0.33%"
"Aug 01, 2021","1.1792","1.1712","1.1809","1.1683","0.71%"
"Jul 25, 2021","1.1709","1.1682","1.1768","1.1662","0.33%"
"Jul 18, 2021","1.1671","1.1665","1.1710","1.1530","0.12%"
"Jul 11, 2021","1.1657","1.1710","1.1762","1.1653","-0.38%"
"Jul 04, 2021","1.1702","1.1653","1.1718","1.1602","0.46%"
"Jun 27, 2021","1.1648","1.1632","1.1678","1.1605","0.20%"
"Jun 20, 2021","1.1625","1.1643","1.1726","1.1619","-0.12%"
"Jun 13, 2021","1.1639","1.1655","1.1709","1.1588","-0.08%"
"Jun 06, 2021","1.1648","1.1629","1.1673","1.1568","0.15%"
"May 30, 2021","1.1631","1.1632","1.1677","1.1566","-0.03%"
"May 23, 2021","1.1634","1.1626","1.1664","1.1530","0.19%"
"May 16, 2021","1.1612","1.1607","1.1654","1.1568","0.04%"
"May 09, 2021","1.1607","1.1499","1.1683","1.1493","1.06%"
"May 02, 2021","1.1485","1.1494","1.1599","1.1474","-0.05%"
"Apr 25, 2021","1.1491","1.1466","1.1531","1.1466","0.23%"
"Apr 18, 2021","1.1465","1.1543","1.1645","1.1466","-0.62%"
"Apr 11, 2021","1.1537","1.1537","1.1577","1.1467","0.20%"
"Apr 04, 2021","1.1514","1.1757","1.1804","1.1495","-2.05%"
"Mar 28, 2021","1.1755","1.1694","1.1776","1.1678","0.58%"
"Mar 21, 2021","1.1687","1.1653","1.1717","1.1565","0.31%"
"Mar 14, 2021","1.1651","1.1643","1.1721","1.1573","0.06%"
"Mar 07, 2021","1.1644","1.1610","1.1700","1.1588","0.27%"
"Feb 28, 2021","1.1613","1.1543","1.1636","1.1535","0.68%"
"Feb 21, 2021","1.1535","1.1566","1.1708","1.1452","-0.23%"
"Feb 14, 2021","1.1562","1.1424","1.1575","1.1421","1.26%"
"Feb 07, 2021","1.1418","1.1401","1.1438","1.1365","0.16%"
"Jan 31, 2021","1.1400","1.1296","1.1445","1.1285","1.00%"
"Jan 24, 2021","1.1287","1.1242","1.1350","1.1228","0.37%"
"Jan 17, 2021","1.1245","1.1244","1.1327","1.1202","0.00%"
"Jan 10, 2021","1.1245","1.1104","1.1280","1.1064","1.32%"
"Jan 03, 2021","1.1099","1.1173","1.1182","1.1005","-0.85%"
"Dec 27, 2020","1.1194","1.1108","1.1200","1.0996","0.87%"
"Dec 20, 2020","1.1098","1.0993","1.1171","1.0848","0.63%"
"Dec 13, 2020","1.1029","1.0964","1.1134","1.0929","1.04%"
"Dec 06, 2020","1.0915","1.1090","1.1133","1.0833","-1.52%"
"Nov 29, 2020","1.1083","1.1133","1.1201","1.1006","-0.40%"
"Nov 22, 2020","1.1127","1.1198","1.1280","1.1109","-0.67%"
"Nov 15, 2020","1.1202","1.1148","1.1219","1.1114","0.55%"
"Nov 08, 2020","1.1141","1.1082","1.1289","1.1050","0.57%"
"Nov 01, 2020","1.1078","1.1108","1.1184","1.1025","-0.26%"
"Oct 25, 2020","1.1107","1.1001","1.1133","1.0980","1.05%"
"Oct 18, 2020","1.0992","1.1025","1.1099","1.0929","-0.24%"
"Oct 11, 2020","1.1018","1.1040","1.1105","1.0963","-0.11%"
"Oct 04, 2020","1.1030","1.1039","1.1065","1.0912","-0.08%"
"Sep 27, 2020","1.1039","1.0959","1.1079","1.0918","0.77%"
"Sep 20, 2020","1.0955","1.0907","1.0976","1.0844","0.44%"
"Sep 13, 2020","1.0907","1.0805","1.1011","1.0790","1.01%"
"Sep 06, 2020","1.0798","1.1217","1.1227","1.0761","-3.74%"
"Aug 30, 2020","1.1217","1.1221","1.1281","1.1150","0.05%"
"Aug 23, 2020","1.1211","1.1097","1.1227","1.1056","1.07%"
"Aug 16, 2020","1.1092","1.1053","1.1183","1.1022","0.41%"
"Aug 09, 2020","1.1047","1.1063","1.1151","1.1042","-0.21%"
"Aug 02, 2020","1.1070","1.1103","1.1135","1.1037","-0.32%"
"Jul 26, 2020","1.1105","1.0976","1.1137","1.0930","1.18%"
"Jul 19, 2020","1.0976","1.1001","1.1113","1.0941","-0.20%"
"Jul 12, 2020","1.0997","1.1164","1.1181","1.0944","-1.55%"
"Jul 05, 2020","1.1170","1.1107","1.1191","1.1026","0.64%"
"Jun 28, 2020","1.1099","1.0987","1.1111","1.0894","0.95%"
"Jun 21, 2020","1.0994","1.1046","1.1112","1.0986","-0.56%"
"Jun 14, 2020","1.1056","1.1140","1.1225","1.1020","-0.77%"
"Jun 07, 2020","1.1142","1.1233","1.1283","1.1091","-0.71%"
"May 31, 2020","1.1222","1.1120","1.1280","1.1079","0.89%"
"May 24, 2020","1.1123","1.1169","1.1265","1.1043","-0.39%"
"May 17, 2020","1.1168","1.1174","1.1246","1.1108","-0.23%"
"May 10, 2020","1.1193","1.1442","1.1475","1.1183","-2.22%"
"May 03, 2020","1.1447","1.1383","1.1509","1.1343","0.52%"
"Apr 26, 2020","1.1388","1.1431","1.1537","1.1367","-0.36%"
"Apr 19, 2020","1.1430","1.1500","1.1509","1.1279","-0.58%"
"Apr 12, 2020","1.1496","1.1389","1.1519","1.1369","0.94%"
"Apr 05, 2020","1.1388","1.1349","1.1463","1.1279","0.39%"
"Mar 29, 2020","1.1344","1.1178","1.1444","1.1121","1.46%"
"Mar 22, 2020","1.1180","1.0905","1.1231","1.0649","2.71%"
"Mar 15, 2020","1.0886","1.1065","1.1130","1.0523","-1.54%"
"Mar 08, 2020","1.1056","1.1555","1.1562","1.1047","-4.38%"
"Mar 01, 2020","1.1562","1.1652","1.1652","1.1435","-0.56%"
"Feb 23, 2020","1.1627","1.1951","1.1994","1.1570","-2.78%"
"Feb 16, 2020","1.1960","1.2032","1.2078","1.1882","-0.71%"
"Feb 09, 2020","1.2046","1.1776","1.2057","1.1758","2.26%"
"Feb 02, 2020","1.1780","1.1914","1.1914","1.1711","-1.00%"
"Jan 26, 2020","1.1899","1.1860","1.1925","1.1781","0.31%"
"Jan 19, 2020","1.1862","1.1721","1.1922","1.1690","1.12%"
"Jan 12, 2020","1.1731","1.1745","1.1784","1.1631","-0.10%"
"Jan 05, 2020","1.1743","1.1709","1.1830","1.1701","0.15%"
"Dec 29, 2019","1.1725","1.1689","1.1837","1.1684","0.21%"
"Dec 22, 2019","1.1701","1.1725","1.1759","1.1637","-0.32%"
"Dec 15, 2019","1.1738","1.1984","1.2046","1.1685","-2.05%"
"Dec 08, 2019","1.1984","1.1886","1.2085","1.1751","0.88%"
"Dec 01, 2019","1.1879","1.1731","1.1891","1.1661","1.18%"
"Nov 24, 2019","1.1740","1.1640","1.1768","1.1640","0.86%"
"Nov 17, 2019","1.1640","1.1679","1.1736","1.1620","-0.28%"
"Nov 10, 2019","1.1673","1.1595","1.1706","1.1595","0.72%"
"Nov 03, 2019","1.1590","1.1604","1.1651","1.1550","0.06%"
"Oct 27, 2019","1.1583","1.1572","1.1636","1.1557","0.09%"
"Oct 20, 2019","1.1573","1.1596","1.1661","1.1526","-0.34%"
"Oct 13, 2019","1.1612","1.1453","1.1666","1.1348","1.37%"
"Oct 06, 2019","1.1455","1.1231","1.1504","1.1085","1.97%"
"Sep 29, 2019","1.1234","1.1236","1.1325","1.1189","0.00%"
"Sep 22, 2019","1.1234","1.1321","1.1362","1.1227","-0.81%"
"Sep 15, 2019","1.1326","1.1288","1.1381","1.1233","0.34%"
"Sep 08, 2019","1.1288","1.1156","1.1292","1.1092","1.36%"
"Sep 01, 2019","1.1136","1.1051","1.1183","1.0930","0.67%"
"Aug 25, 2019","1.1062","1.0999","1.1094","1.0962","0.40%"
"Aug 18, 2019","1.1018","1.0954","1.1078","1.0885","0.56%"
"Aug 11, 2019","1.0957","1.0741","1.0999","1.0722","2.00%"
"Aug 04, 2019","1.0742","1.0933","1.0957","1.0731","-1.83%"
"Jul 28, 2019","1.0942","1.1134","1.1135","1.0880","-1.67%"
"Jul 21, 2019","1.1128","1.1150","1.1249","1.1104","-0.11%"
"Jul 14, 2019","1.1140","1.1157","1.1167","1.1046","-0.15%"
"Jul 07, 2019","1.1157","1.1156","1.1173","1.1098","0.00%"
"Jun 30, 2019","1.1157","1.1164","1.1214","1.1123","-0.07%"
"Jun 23, 2019","1.1165","1.1211","1.1218","1.1119","-0.38%"
"Jun 16, 2019","1.1208","1.1239","1.1273","1.1143","-0.23%"
"Jun 09, 2019","1.1234","1.1250","1.1274","1.1193","-0.04%"
"Jun 02, 2019","1.1238","1.1309","1.1334","1.1233","-0.54%"
"May 26, 2019","1.1299","1.1367","1.1393","1.1265","-0.42%"
"May 19, 2019","1.1347","1.1401","1.1462","1.1297","-0.46%"
"May 12, 2019","1.1400","1.1563","1.1596","1.1388","-1.48%"
"May 05, 2019","1.1571","1.1705","1.1778","1.1561","-1.61%"
"Apr 28, 2019","1.1760","1.1593","1.1773","1.1555","1.48%"
"Apr 21, 2019","1.1588","1.1558","1.1603","1.1511","0.29%"
"Apr 14, 2019","1.1555","1.1574","1.1606","1.1516","-0.18%"
"Apr 07, 2019","1.1576","1.1624","1.1645","1.1550","-0.41%"
"Mar 31, 2019","1.1624","1.1610","1.1763","1.1576","0.05%"
"Mar 24, 2019","1.1618","1.1672","1.1789","1.1559","-0.51%"
"Mar 17, 2019","1.1677","1.1735","1.1752","1.1461","-0.53%"
"Mar 10, 2019","1.1739","1.1584","1.1807","1.1522","1.36%"
"Mar 03, 2019","1.1581","1.1607","1.1717","1.1554","-0.22%"
"Feb 24, 2019","1.1606","1.1535","1.1727","1.1496","0.86%"
"Feb 17, 2019","1.1507","1.1423","1.1542","1.1403","0.82%"
"Feb 10, 2019","1.1413","1.1432","1.1442","1.1309","-0.12%"
"Feb 03, 2019","1.1427","1.1424","1.1464","1.1334","0.08%"
"Jan 27, 2019","1.1418","1.1569","1.1586","1.1370","-1.32%"
"Jan 20, 2019","1.1571","1.1335","1.1608","1.1281","2.13%"
"Jan 13, 2019","1.1330","1.1204","1.1415","1.1127","1.12%"
"Jan 06, 2019","1.1204","1.1174","1.1212","1.1035","0.30%"
"Dec 30, 2018","1.1170","1.1084","1.1205","1.0946","0.59%"
"Dec 23, 2018","1.1105","1.1128","1.1245","1.1034","-0.02%"
"Dec 16, 2018","1.1107","1.1135","1.1159","1.1042","-0.18%"
"Dec 09, 2018","1.1127","1.1188","1.1210","1.1002","-0.54%"
"Dec 02, 2018","1.1187","1.1283","1.1289","1.1150","-0.76%"
"Nov 25, 2018","1.1273","1.1334","1.1353","1.1204","-0.23%"
"Nov 18, 2018","1.1299","1.1234","1.1321","1.1195","0.51%"
"Nov 11, 2018","1.1242","1.1439","1.1556","1.1226","-1.79%"
"Nov 04, 2018","1.1447","1.1435","1.1511","1.1398","0.47%"
"Oct 28, 2018","1.1393","1.1247","1.1429","1.1184","1.25%"
"Oct 21, 2018","1.1252","1.1359","1.1369","1.1240","-0.88%"
"Oct 14, 2018","1.1352","1.1359","1.1427","1.1318","-0.23%"
"Oct 07, 2018","1.1378","1.1380","1.1465","1.1354","-0.09%"
"Sep 30, 2018","1.1388","1.1226","1.1397","1.1210","1.46%"
"Sep 23, 2018","1.1224","1.1131","1.1275","1.1111","0.84%"
"Sep 16, 2018","1.1130","1.1240","1.1303","1.1113","-0.93%"
"Sep 09, 2018","1.1235","1.1196","1.1267","1.1163","0.45%"
"Sep 02, 2018","1.1185","1.1187","1.1224","1.1047","0.11%"
"Aug 26, 2018","1.1173","1.1043","1.1193","1.0991","1.03%"
"Aug 19, 2018","1.1059","1.1119","1.1189","1.1046","-0.82%"
"Aug 12, 2018","1.1150","1.1211","1.1243","1.1136","-0.36%"
"Aug 05, 2018","1.1190","1.1241","1.1254","1.1072","-0.49%"
"Jul 29, 2018","1.1245","1.1232","1.1295","1.1189","-0.02%"
"Jul 22, 2018","1.1247","1.1204","1.1282","1.1177","0.37%"
"Jul 15, 2018","1.1206","1.1328","1.1346","1.1161","-1.05%"
"Jul 08, 2018","1.1325","1.1330","1.1349","1.1232","0.13%"
"Jul 01, 2018","1.1310","1.1310","1.1368","1.1275","0.05%"
"Jun 24, 2018","1.1304","1.1382","1.1391","1.1248","-0.69%"
"Jun 17, 2018","1.1383","1.1442","1.1462","1.1357","-0.53%"
"Jun 10, 2018","1.1444","1.1394","1.1474","1.1321","0.41%"
"Jun 03, 2018","1.1397","1.1444","1.1466","1.1314","-0.44%"
"May 27, 2018","1.1447","1.1419","1.1500","1.1348","0.22%"
"May 20, 2018","1.1422","1.1455","1.1464","1.1365","-0.16%"
"May 13, 2018","1.1440","1.1349","1.1481","1.1329","0.89%"
"May 06, 2018","1.1339","1.1320","1.1461","1.1309","0.21%"
"Apr 29, 2018","1.1315","1.1367","1.1417","1.1305","-0.40%"
"Apr 22, 2018","1.1361","1.1403","1.1522","1.1357","-0.32%"
"Apr 15, 2018","1.1397","1.1552","1.1602","1.1374","-1.31%"
"Apr 08, 2018","1.1548","1.1482","1.1594","1.1441","0.65%"
"Apr 01, 2018","1.1473","1.1388","1.1498","1.1374","0.85%"
"Mar 25, 2018","1.1376","1.1449","1.1476","1.1366","-0.57%"
"Mar 18, 2018","1.1441","1.1346","1.1538","1.1335","0.86%"
"Mar 11, 2018","1.1343","1.1252","1.1354","1.1239","0.80%"
"Mar 04, 2018","1.1253","1.1188","1.1269","1.1150","0.40%"
"Feb 25, 2018","1.1208","1.1367","1.1403","1.1168","-1.35%"
"Feb 18, 2018","1.1361","1.1311","1.1383","1.1273","0.37%"
"Feb 11, 2018","1.1319","1.1288","1.1319","1.1211","0.08%"
"Feb 04, 2018","1.1310","1.1341","1.1453","1.1222","-0.20%"
"Jan 28, 2018","1.1333","1.1396","1.1475","1.1318","-0.66%"
"Jan 21, 2018","1.1408","1.1306","1.1514","1.1306","0.65%"
"Jan 14, 2018","1.1334","1.1260","1.1363","1.1221","0.60%"
"Jan 07, 2018","1.1266","1.1283","1.1355","1.1200","-0.13%"
"Dec 31, 2017","1.1281","1.1261","1.1305","1.1205","0.15%"
"Dec 24, 2017","1.1264","1.1266","1.1301","1.1243","-0.04%"
"Dec 17, 2017","1.1268","1.1338","1.1376","1.1245","-0.58%"
"Dec 10, 2017","1.1334","1.1381","1.1418","1.1287","-0.43%"
"Dec 03, 2017","1.1383","1.1339","1.1510","1.1275","0.47%"
"Nov 26, 2017","1.1330","1.1173","1.1397","1.1133","1.35%"
"Nov 19, 2017","1.1179","1.1201","1.1312","1.1156","-0.21%"
"Nov 12, 2017","1.1203","1.1303","1.1317","1.1092","-0.93%"
"Nov 05, 2017","1.1308","1.1269","1.1377","1.1247","0.40%"
"Oct 29, 2017","1.1263","1.1312","1.1454","1.1186","-0.40%"
"Oct 22, 2017","1.1308","1.1202","1.1333","1.1141","1.05%"
"Oct 15, 2017","1.1191","1.1259","1.1293","1.1080","-0.42%"
"Oct 08, 2017","1.1238","1.1143","1.1268","1.1069","0.93%"
"Oct 01, 2017","1.1135","1.1321","1.1365","1.1119","-1.81%"
"Sep 24, 2017","1.1340","1.1287","1.1437","1.1280","0.41%"
"Sep 17, 2017","1.1294","1.1364","1.1394","1.1237","-0.76%"
"Sep 10, 2017","1.1381","1.0965","1.1399","1.0954","3.77%"
"Sep 03, 2017","1.0967","1.0928","1.0980","1.0837","0.43%"
"Aug 27, 2017","1.0920","1.0820","1.0934","1.0743","1.03%"
"Aug 20, 2017","1.0809","1.0938","1.0977","1.0785","-1.26%"
"Aug 13, 2017","1.0947","1.1007","1.1054","1.0931","-0.55%"
"Aug 06, 2017","1.1008","1.1071","1.1102","1.0964","-0.60%"
"Jul 30, 2017","1.1074","1.1183","1.1212","1.1044","-0.93%"
"Jul 23, 2017","1.1178","1.1128","1.1249","1.1128","0.32%"
"Jul 16, 2017","1.1142","1.1420","1.1441","1.1118","-2.43%"
"Jul 09, 2017","1.1419","1.1314","1.1439","1.1173","0.99%"
"Jul 02, 2017","1.1307","1.1396","1.1423","1.1284","-0.82%"
"Jun 25, 2017","1.1401","1.1366","1.1413","1.1256","0.35%"
"Jun 18, 2017","1.1361","1.1416","1.1451","1.1303","-0.42%"
"Jun 11, 2017","1.1409","1.1365","1.1469","1.1278","0.22%"
"Jun 04, 2017","1.1384","1.1400","1.1568","1.1291","-0.33%"
"May 28, 2017","1.1422","1.1457","1.1558","1.1407","-0.24%"
"May 21, 2017","1.1449","1.1613","1.1629","1.1426","-1.56%"
"May 14, 2017","1.1631","1.1788","1.1827","1.1607","-1.37%"
"May 07, 2017","1.1793","1.1800","1.1931","1.1766","-0.09%"
"Apr 30, 2017","1.1804","1.1871","1.1882","1.1750","-0.68%"
"Apr 23, 2017","1.1885","1.1764","1.1903","1.1723","-0.49%"
"Apr 16, 2017","1.1944","1.1813","1.2029","1.1747","1.19%"
"Apr 09, 2017","1.1803","1.1682","1.1812","1.1670","1.02%"
"Apr 02, 2017","1.1684","1.1759","1.1773","1.1637","-0.86%"
"Mar 26, 2017","1.1785","1.1563","1.1786","1.1447","2.05%"
"Mar 19, 2017","1.1548","1.1548","1.1624","1.1457","0.05%"
"Mar 12, 2017","1.1542","1.1402","1.1550","1.1375","1.20%"
"Mar 05, 2017","1.1405","1.1583","1.1600","1.1383","-1.46%"
"Feb 26, 2017","1.1574","1.1806","1.1823","1.1574","-1.94%"
"Feb 19, 2017","1.1803","1.1691","1.1906","1.1682","0.91%"
"Feb 12, 2017","1.1697","1.1757","1.1830","1.1639","-0.36%"
"Feb 05, 2017","1.1739","1.1587","1.1778","1.1562","1.37%"
"Jan 29, 2017","1.1580","1.1741","1.1784","1.1569","-1.32%"
"Jan 22, 2017","1.1735","1.1560","1.1820","1.1548","1.50%"
"Jan 15, 2017","1.1562","1.1330","1.1619","1.1287","1.05%"
"Jan 08, 2017","1.1442","1.1639","1.1656","1.1404","-1.91%"
"Jan 01, 2017","1.1665","1.1745","1.1842","1.1646","-0.58%"
"Dec 25, 2016","1.1733","1.1734","1.1785","1.1537","-0.20%"
"Dec 18, 2016","1.1756","1.1960","1.1976","1.1709","-1.69%"
"Dec 11, 2016","1.1958","1.1922","1.2015","1.1870","0.43%"
"Dec 04, 2016","1.1907","1.1921","1.2046","1.1665","-0.16%"
"Nov 27, 2016","1.1926","1.1769","1.1959","1.1663","1.21%"
"Nov 20, 2016","1.1784","1.1680","1.1825","1.1574","1.06%"
"Nov 13, 2016","1.1660","1.1610","1.1734","1.1486","0.45%"
"Nov 06, 2016","1.1608","1.1241","1.1680","1.1081","3.30%"
"Oct 30, 2016","1.1237","1.1093","1.1295","1.1052","1.32%"
"Oct 23, 2016","1.1091","1.1233","1.1262","1.1091","-1.34%"
"Oct 16, 2016","1.1242","1.1106","1.1265","1.1041","1.21%"
"Oct 09, 2016","1.1108","1.1096","1.1156","1.0938","0.06%"
"Oct 02, 2016","1.1101","1.1517","1.1529","1.0606","-3.83%"
"Sep 25, 2016","1.1543","1.1538","1.1646","1.1471","-0.12%"
"Sep 18, 2016","1.1557","1.1643","1.1722","1.1521","-0.82%"
"Sep 11, 2016","1.1652","1.1816","1.1885","1.1647","-1.35%"
"Sep 04, 2016","1.1811","1.1929","1.2008","1.1772","-0.88%"
"Aug 28, 2016","1.1916","1.1749","1.1946","1.1696","1.58%"
"Aug 21, 2016","1.1731","1.1548","1.1787","1.1520","1.62%"
"Aug 14, 2016","1.1544","1.1570","1.1641","1.1460","-0.30%"
"Aug 07, 2016","1.1579","1.1809","1.1817","1.1559","-1.81%"
"Jul 31, 2016","1.1792","1.1842","1.1987","1.1758","-0.37%"
"Jul 24, 2016","1.1836","1.1956","1.1994","1.1791","-0.91%"
"Jul 17, 2016","1.1945","1.1948","1.2050","1.1864","-0.08%"
"Jul 10, 2016","1.1954","1.1719","1.2121","1.1656","1.99%"
"Jul 03, 2016","1.1721","1.1912","1.1973","1.1590","-1.58%"
"Jun 26, 2016","1.1909","1.2240","1.2268","1.1891","-3.22%"
"Jun 19, 2016","1.2305","1.2708","1.3162","1.2019","-3.35%"
"Jun 12, 2016","1.2732","1.2643","1.2753","1.2508","0.47%"
"Jun 05, 2016","1.2673","1.2772","1.2891","1.2606","-0.79%"
"May 29, 2016","1.2774","1.3138","1.3205","1.2754","-2.92%"
"May 22, 2016","1.3158","1.2933","1.3224","1.2897","1.85%"
"May 15, 2016","1.2919","1.2686","1.3075","1.2667","1.71%"
"May 08, 2016","1.2702","1.2654","1.2747","1.2612","0.40%"
"May 01, 2016","1.2652","1.2763","1.2790","1.2584","-0.82%"
"Apr 24, 2016","1.2756","1.2836","1.2933","1.2747","-0.51%"
"Apr 17, 2016","1.2821","1.2595","1.2855","1.2509","1.91%"
"Apr 10, 2016","1.2581","1.2390","1.2620","1.2358","1.54%"
"Apr 03, 2016","1.2390","1.2484","1.2571","1.2321","-0.82%"
"Mar 27, 2016","1.2492","1.2658","1.2775","1.2468","-1.37%"
"Mar 20, 2016","1.2666","1.2845","1.2849","1.2583","-1.42%"
"Mar 13, 2016","1.2849","1.2899","1.2932","1.2639","-0.32%"
"Mar 06, 2016","1.2890","1.2933","1.3071","1.2740","-0.31%"
"Feb 28, 2016","1.2930","1.2689","1.3007","1.2663","1.92%"
"Feb 21, 2016","1.2686","1.2945","1.2945","1.2611","-1.95%"
"Feb 14, 2016","1.2938","1.2886","1.2998","1.2748","0.42%"
"Feb 07, 2016","1.2884","1.2997","1.3056","1.2660","-0.86%"
"Jan 31, 2016","1.2996","1.3148","1.3291","1.2957","-1.16%"
"Jan 24, 2016","1.3148","1.3216","1.3251","1.3042","-0.48%"
"Jan 17, 2016","1.3212","1.3062","1.3292","1.2895","1.16%"
"Jan 10, 2016","1.3060","1.3288","1.3440","1.2998","-1.67%"
"Jan 03, 2016","1.3282","1.3579","1.3679","1.3273","-2.19%"
"Dec 27, 2015","1.3580","1.3584","1.3640","1.3499","-0.18%"
"Dec 20, 2015","1.3604","1.3711","1.3743","1.3486","-0.74%"
"Dec 13, 2015","1.3705","1.3853","1.3881","1.3668","-1.03%"
"Dec 06, 2015","1.3847","1.3904","1.3962","1.3737","-0.24%"
"Nov 29, 2015","1.3881","1.4202","1.4277","1.3787","-2.22%"
"Nov 22, 2015","1.4196","1.4272","1.4306","1.4125","-0.51%"
"Nov 15, 2015","1.4269","1.4180","1.4327","1.4125","0.97%"
"Nov 08, 2015","1.4132","1.4031","1.4207","1.3978","0.86%"
"Nov 01, 2015","1.4011","1.3991","1.4205","1.3873","-0.06%"
"Oct 25, 2015","1.4020","1.3913","1.4040","1.3788","0.86%"
"Oct 18, 2015","1.3900","1.3600","1.3954","1.3561","2.18%"
"Oct 11, 2015","1.3604","1.3481","1.3629","1.3342","0.96%"
"Oct 04, 2015","1.3475","1.3539","1.3642","1.3459","-0.50%"
"Sep 27, 2015","1.3543","1.3558","1.3637","1.3433","-0.14%"
"Sep 20, 2015","1.3562","1.3731","1.3895","1.3492","-1.29%"
"Sep 13, 2015","1.3739","1.3597","1.3771","1.3583","0.97%"
"Sep 06, 2015","1.3607","1.3590","1.3815","1.3584","-0.03%"
"Aug 30, 2015","1.3611","1.3772","1.3796","1.3515","-1.14%"
"Aug 23, 2015","1.3768","1.3777","1.3815","1.3470","-0.10%"
"Aug 16, 2015","1.3782","1.4080","1.4235","1.3772","-2.14%"
"Aug 09, 2015","1.4084","1.4124","1.4207","1.3942","-0.31%"
"Aug 02, 2015","1.4128","1.4247","1.4391","1.4095","-0.64%"
"Jul 26, 2015","1.4219","1.4110","1.4317","1.3958","0.67%"
"Jul 19, 2015","1.4124","1.4405","1.4416","1.4080","-2.01%"
"Jul 12, 2015","1.4414","1.3982","1.4417","1.3881","3.65%"
"Jul 05, 2015","1.3906","1.4175","1.4179","1.3841","-0.74%"
"Jun 28, 2015","1.4009","1.4265","1.4322","1.3948","-0.69%"
"Jun 21, 2015","1.4107","1.3978","1.4137","1.3867","0.83%"
"Jun 14, 2015","1.3991","1.3861","1.4037","1.3789","1.34%"
"Jun 07, 2015","1.3806","1.3741","1.3896","1.3531","0.47%"
"May 31, 2015","1.3742","1.3919","1.3998","1.3539","-1.25%"
"May 24, 2015","1.3916","1.4060","1.4176","1.3882","-1.02%"
"May 17, 2015","1.4059","1.3727","1.4110","1.3727","2.41%"
"May 10, 2015","1.3728","1.3807","1.4042","1.3726","-0.49%"
"May 03, 2015","1.3795","1.3518","1.3841","1.3360","2.06%"
"Apr 26, 2015","1.3517","1.3969","1.4025","1.3479","-3.23%"
"Apr 19, 2015","1.3968","1.3824","1.4054","1.3798","0.90%"
"Apr 12, 2015","1.3844","1.3800","1.3962","1.3754","0.33%"
"Apr 05, 2015","1.3798","1.3575","1.3846","1.3545","1.52%"
"Mar 29, 2015","1.3592","1.3661","1.3848","1.3549","-0.52%"
"Mar 22, 2015","1.3663","1.3833","1.3839","1.3540","-1.11%"
"Mar 15, 2015","1.3816","1.4050","1.4098","1.3706","-1.67%"
"Mar 08, 2015","1.4050","1.3885","1.4260","1.3852","1.33%"
"Mar 01, 2015","1.3866","1.3796","1.3926","1.3696","0.58%"
"Feb 22, 2015","1.3786","1.3530","1.3805","1.3495","1.87%"
"Feb 15, 2015","1.3533","1.3525","1.3631","1.3435","0.06%"
"Feb 08, 2015","1.3525","1.3477","1.3568","1.3406","0.39%"
"Feb 01, 2015","1.3473","1.3352","1.3484","1.3170","0.93%"
"Jan 25, 2015","1.3349","1.3399","1.3507","1.3271","-0.19%"
"Jan 18, 2015","1.3374","1.3117","1.3464","1.2962","2.13%"
"Jan 11, 2015","1.3095","1.2806","1.3172","1.2769","2.28%"
"Jan 04, 2015","1.2803","1.2772","1.2906","1.2699","0.25%"
"Dec 28, 2014","1.2771","1.2768","1.2915","1.2732","-0.03%"
"Dec 21, 2014","1.2775","1.2749","1.2790","1.2679","-0.06%"
"Dec 14, 2014","1.2783","1.2616","1.2802","1.2490","1.33%"
"Dec 07, 2014","1.2615","1.2759","1.2759","1.2569","-0.55%"
"Nov 30, 2014","1.2685","1.2566","1.2770","1.2534","0.94%"
"Nov 23, 2014","1.2567","1.2652","1.2666","1.2545","-0.54%"
"Nov 16, 2014","1.2635","1.2509","1.2652","1.2438","0.98%"
"Nov 09, 2014","1.2512","1.2752","1.2821","1.2501","-1.84%"
"Nov 02, 2014","1.2746","1.2780","1.2828","1.2715","-0.20%"
"Oct 26, 2014","1.2772","1.2689","1.2786","1.2631","0.57%"
"Oct 19, 2014","1.2699","1.2612","1.2718","1.2589","0.70%"
"Oct 12, 2014","1.2611","1.2725","1.2735","1.2428","-0.95%"
"Oct 05, 2014","1.2732","1.2753","1.2776","1.2649","-0.17%"
"Sep 28, 2014","1.2754","1.2811","1.2878","1.2706","-0.43%"
"Sep 21, 2014","1.2809","1.2699","1.2849","1.2674","0.89%"
"Sep 14, 2014","1.2696","1.2541","1.2807","1.2484","1.18%"
"Sep 07, 2014","1.2548","1.2518","1.2596","1.2395","-0.47%"
"Aug 31, 2014","1.2607","1.2631","1.2673","1.2503","-0.25%"
"Aug 24, 2014","1.2639","1.2534","1.2643","1.2510","1.02%"
"Aug 17, 2014","1.2512","1.2494","1.2548","1.2454","0.41%"
"Aug 10, 2014","1.2461","1.2520","1.2623","1.2442","-0.37%"
"Aug 03, 2014","1.2507","1.2523","1.2636","1.2501","-0.14%"
"Jul 27, 2014","1.2524","1.2634","1.2652","1.2522","-0.90%"
"Jul 20, 2014","1.2638","1.2635","1.2703","1.2596","0.02%"
"Jul 13, 2014","1.2635","1.2586","1.2678","1.2528","0.41%"
"Jul 06, 2014","1.2583","1.2620","1.2636","1.2548","-0.31%"
"Jun 29, 2014","1.2622","1.2471","1.2631","1.2457","1.13%"
"Jun 22, 2014","1.2481","1.2512","1.2539","1.2447","-0.23%"
"Jun 15, 2014","1.2510","1.2535","1.2566","1.2459","-0.14%"
"Jun 08, 2014","1.2527","1.2310","1.2545","1.2303","1.71%"
"Jun 01, 2014","1.2316","1.2291","1.2403","1.2268","0.22%"
"May 25, 2014","1.2289","1.2354","1.2369","1.2265","-0.49%"
"May 18, 2014","1.2349","1.2270","1.2375","1.2255","0.57%"
"May 11, 2014","1.2279","1.2233","1.2308","1.2219","0.26%"
"May 04, 2014","1.2247","1.2163","1.2257","1.2120","0.72%"
"Apr 27, 2014","1.2160","1.2132","1.2202","1.2106","0.10%"
"Apr 20, 2014","1.2148","1.2163","1.2202","1.2127","-0.16%"
"Apr 13, 2014","1.2167","1.2090","1.2175","1.2067","0.96%"
"Apr 06, 2014","1.2051","1.2101","1.2149","1.2030","-0.40%"
"Mar 30, 2014","1.2099","1.2105","1.2128","1.2023","0.01%"
"Mar 23, 2014","1.2098","1.1957","1.2127","1.1910","1.22%"
"Mar 16, 2014","1.1952","1.1962","1.2010","1.1903","-0.09%"
"Mar 09, 2014","1.1963","1.2047","1.2072","1.1923","-0.68%"
"Mar 02, 2014","1.2045","1.2149","1.2191","1.2043","-0.72%"
"Feb 23, 2014","1.2132","1.2098","1.2210","1.2066","0.31%"
"Feb 16, 2014","1.2094","1.2240","1.2262","1.2094","-1.11%"
"Feb 09, 2014","1.2230","1.2038","1.2235","1.1995","1.60%"
"Feb 02, 2014","1.2037","1.2191","1.2199","1.1977","-1.23%"
"Jan 26, 2014","1.2187","1.2052","1.2217","1.2039","1.12%"
"Jan 19, 2014","1.2052","1.2127","1.2246","1.2045","-0.63%"
"Jan 12, 2014","1.2129","1.2059","1.2148","1.1979","0.59%"
"Jan 05, 2014","1.2058","1.2079","1.2156","1.2005","-0.19%"
"Dec 29, 2013","1.2081","1.1993","1.2094","1.1941","0.74%"
"Dec 22, 2013","1.1992","1.1947","1.2007","1.1889","0.37%"
"Dec 15, 2013","1.1948","1.1864","1.2007","1.1809","0.74%"
"Dec 08, 2013","1.1860","1.1909","1.1979","1.1846","-0.58%"
"Dec 01, 2013","1.1929","1.2041","1.2124","1.1920","-0.95%"
"Nov 24, 2013","1.2044","1.1968","1.2055","1.1917","0.64%"
"Nov 17, 2013","1.1967","1.1941","1.2026","1.1876","0.18%"
"Nov 10, 2013","1.1946","1.1987","1.1995","1.1813","-0.28%"
"Nov 03, 2013","1.1979","1.1806","1.2051","1.1795","1.45%"
"Oct 27, 2013","1.1808","1.1717","1.1846","1.1646","0.84%"
"Oct 20, 2013","1.1710","1.1812","1.1836","1.1686","-0.87%"
"Oct 13, 2013","1.1813","1.1780","1.1858","1.1769","0.26%"
"Oct 06, 2013","1.1782","1.1814","1.1871","1.1749","-0.22%"
"Sep 29, 2013","1.1808","1.1973","1.2003","1.1796","-1.06%"
"Sep 22, 2013","1.1935","1.1817","1.1959","1.1808","0.84%"
"Sep 15, 2013","1.1835","1.1931","1.1975","1.1822","-0.90%"
"Sep 08, 2013","1.1942","1.1874","1.1969","1.1829","0.69%"
"Sep 01, 2013","1.1860","1.1721","1.1920","1.1720","1.12%"
"Aug 25, 2013","1.1729","1.1636","1.1740","1.1556","0.83%"
"Aug 18, 2013","1.1632","1.1726","1.1761","1.1624","-0.79%"
"Aug 11, 2013","1.1725","1.1623","1.1764","1.1614","0.93%"
"Aug 04, 2013","1.1617","1.1518","1.1660","1.1455","0.93%"
"Jul 28, 2013","1.1510","1.1576","1.1602","1.1388","-0.63%"
"Jul 21, 2013","1.1583","1.1607","1.1655","1.1565","-0.29%"
"Jul 14, 2013","1.1617","1.1553","1.1643","1.1474","0.48%"
"Jul 07, 2013","1.1561","1.1607","1.1663","1.1499","-0.36%"
"Jun 30, 2013","1.1603","1.1680","1.1792","1.1553","-0.77%"
"Jun 23, 2013","1.1693","1.1737","1.1811","1.1636","-0.48%"
"Jun 16, 2013","1.1749","1.1764","1.1802","1.1636","-0.14%"
"Jun 09, 2013","1.1766","1.1775","1.1809","1.1690","0.00%"
"Jun 02, 2013","1.1766","1.1693","1.1800","1.1680","0.62%"
"May 26, 2013","1.1693","1.1690","1.1731","1.1624","-0.04%"
"May 19, 2013","1.1698","1.1829","1.1850","1.1626","-1.00%"
"May 12, 2013","1.1816","1.1853","1.1876","1.1737","-0.08%"
"May 05, 2013","1.1825","1.1871","1.1905","1.1776","-0.41%"
"Apr 28, 2013","1.1874","1.1879","1.1900","1.1766","-0.06%"
"Apr 21, 2013","1.1881","1.1643","1.1909","1.1633","1.82%"
"Apr 14, 2013","1.1669","1.1695","1.1761","1.1574","-0.29%"
"Apr 07, 2013","1.1703","1.1794","1.1818","1.1679","-0.87%"
"Mar 31, 2013","1.1806","1.1861","1.1892","1.1730","-0.47%"
"Mar 24, 2013","1.1862","1.1745","1.1886","1.1678","1.14%"
"Mar 17, 2013","1.1728","1.1703","1.1788","1.1624","1.48%"
"Mar 10, 2013","1.1557","1.1477","1.1629","1.1368","0.68%"
"Mar 03, 2013","1.1479","1.1558","1.1650","1.1434","-0.55%"
"Feb 24, 2013","1.1543","1.1403","1.1662","1.1340","-0.17%"
"Feb 17, 2013","1.1563","1.1613","1.1627","1.1406","-0.42%"
"Feb 10, 2013","1.1612","1.1823","1.1825","1.1513","-1.76%"
"Feb 03, 2013","1.1820","1.1494","1.1841","1.1485","2.75%"
"Jan 27, 2013","1.1504","1.1712","1.1727","1.1470","-2.01%"
"Jan 20, 2013","1.1740","1.1902","1.1959","1.1710","-1.50%"
"Jan 13, 2013","1.1919","1.2069","1.2098","1.1905","-1.40%"
"Jan 06, 2013","1.2088","1.2286","1.2337","1.2061","-1.66%"
"Dec 30, 2012","1.2292","1.2237","1.2369","1.2211","0.52%"
"Dec 23, 2012","1.2229","1.2258","1.2273","1.2055","-0.29%"
"Dec 16, 2012","1.2264","1.2271","1.2327","1.2238","-0.14%"
"Dec 09, 2012","1.2281","1.2439","1.2447","1.2272","-1.01%"
"Dec 02, 2012","1.2406","1.2334","1.2432","1.2269","0.71%"
"Nov 25, 2012","1.2319","1.2363","1.2409","1.2291","-0.31%"
"Nov 18, 2012","1.2357","1.2458","1.2490","1.2327","-0.91%"
"Nov 11, 2012","1.2471","1.2506","1.2549","1.2394","-0.28%"
"Nov 04, 2012","1.2506","1.2486","1.2563","1.2447","0.18%"
"Oct 28, 2012","1.2483","1.2439","1.2508","1.2376","0.32%"
"Oct 21, 2012","1.2443","1.2291","1.2504","1.2244","1.26%"
"Oct 14, 2012","1.2288","1.2401","1.2441","1.2269","-0.96%"
"Oct 07, 2012","1.2407","1.2390","1.2468","1.2342","0.23%"
"Sep 30, 2012","1.2378","1.2567","1.2594","1.2368","-1.57%"
"Sep 23, 2012","1.2575","1.2515","1.2623","1.2501","0.54%"
"Sep 16, 2012","1.2508","1.2364","1.2543","1.2338","1.27%"
"Sep 09, 2012","1.2351","1.2502","1.2556","1.2318","-1.08%"
"Sep 02, 2012","1.2486","1.2618","1.2682","1.2481","-1.01%"
"Aug 26, 2012","1.2613","1.2639","1.2658","1.2562","-0.17%"
"Aug 19, 2012","1.2634","1.2716","1.2770","1.2601","-0.72%"
"Aug 12, 2012","1.2725","1.2754","1.2803","1.2678","-0.31%"
"Aug 05, 2012","1.2764","1.2606","1.2775","1.2552","1.08%"
"Jul 29, 2012","1.2628","1.2791","1.2843","1.2615","-1.19%"
"Jul 22, 2012","1.2780","1.2876","1.2885","1.2696","-0.54%"
"Jul 15, 2012","1.2850","1.2708","1.2873","1.2693","1.08%"
"Jul 08, 2012","1.2713","1.2610","1.2732","1.2574","0.86%"
"Jul 01, 2012","1.2605","1.2383","1.2620","1.2375","1.59%"
"Jun 24, 2012","1.2408","1.2412","1.2531","1.2348","0.04%"
"Jun 17, 2012","1.2403","1.2359","1.2468","1.2324","-0.27%"
"Jun 10, 2012","1.2437","1.2272","1.2485","1.2255","0.61%"
"Jun 03, 2012","1.2362","1.2361","1.2425","1.2277","0.06%"
"May 27, 2012","1.2355","1.2469","1.2551","1.2347","-1.25%"
"May 20, 2012","1.2511","1.2369","1.2536","1.2339","1.11%"
"May 13, 2012","1.2374","1.2463","1.2580","1.2368","-0.55%"
"May 06, 2012","1.2443","1.2392","1.2507","1.2372","0.77%"
"Apr 29, 2012","1.2348","1.2287","1.2354","1.2195","0.61%"
"Apr 22, 2012","1.2273","1.2225","1.2298","1.2158","0.64%"
"Apr 15, 2012","1.2195","1.2131","1.2256","1.2089","0.63%"
"Apr 08, 2012","1.2119","1.2124","1.2157","1.2076","-0.09%"
"Apr 01, 2012","1.2130","1.1987","1.2146","1.1960","1.08%"
"Mar 25, 2012","1.2000","1.1960","1.2014","1.1906","0.38%"
"Mar 18, 2012","1.1955","1.2015","1.2075","1.1941","-0.60%"
"Mar 11, 2012","1.2027","1.1951","1.2059","1.1866","0.65%"
"Mar 04, 2012","1.1949","1.2003","1.2022","1.1902","-0.40%"
"Feb 26, 2012","1.1997","1.1794","1.2029","1.1774","1.64%"
"Feb 19, 2012","1.1803","1.2016","1.2032","1.1753","-1.97%"
"Feb 12, 2012","1.2040","1.1941","1.2083","1.1897","0.81%"
"Feb 05, 2012","1.1943","1.2058","1.2107","1.1887","-0.76%"
"Jan 29, 2012","1.2034","1.1894","1.2090","1.1889","1.16%"
"Jan 22, 2012","1.1896","1.2078","1.2083","1.1891","-1.19%"
"Jan 15, 2012","1.2039","1.2089","1.2117","1.1931","-0.44%"
"Jan 08, 2012","1.2092","1.2143","1.2164","1.1933","-0.32%"
"Jan 01, 2012","1.2131","1.1982","1.2140","1.1938","1.04%"
"Dec 25, 2011","1.2006","1.1953","1.2008","1.1870","0.44%"
"Dec 18, 2011","1.1953","1.1913","1.2046","1.1876","0.37%"
"Dec 11, 2011","1.1909","1.1693","1.1946","1.1685","1.73%"
"Dec 04, 2011","1.1706","1.1632","1.1775","1.1605","0.54%"
"Nov 27, 2011","1.1643","1.1621","1.1743","1.1589","-0.24%"
"Nov 20, 2011","1.1671","1.1688","1.1704","1.1536","-0.16%"
"Nov 13, 2011","1.1690","1.1644","1.1742","1.1619","0.02%"
"Nov 06, 2011","1.1688","1.1613","1.1789","1.1608","0.58%"
"Oct 30, 2011","1.1621","1.1393","1.1702","1.1379","1.99%"
"Oct 23, 2011","1.1394","1.1498","1.1537","1.1320","-0.76%"
"Oct 16, 2011","1.1481","1.1391","1.1541","1.1363","0.70%"
"Oct 09, 2011","1.1401","1.1610","1.1623","1.1375","-1.99%"
"Oct 02, 2011","1.1632","1.1674","1.1726","1.1453","-0.09%"
"Sep 25, 2011","1.1643","1.1448","1.1660","1.1427","1.61%"
"Sep 18, 2011","1.1458","1.1501","1.1536","1.1364","0.15%"
"Sep 11, 2011","1.1441","1.1665","1.1724","1.1371","-1.65%"
"Sep 04, 2011","1.1633","1.1402","1.1636","1.1297","1.90%"
"Aug 28, 2011","1.1416","1.1262","1.1435","1.1252","1.10%"
"Aug 21, 2011","1.1292","1.1463","1.1501","1.1267","-1.25%"
"Aug 14, 2011","1.1435","1.1418","1.1561","1.1316","0.11%"
"Aug 07, 2011","1.1423","1.1444","1.1548","1.1250","-0.47%"
"Jul 31, 2011","1.1477","1.1414","1.1572","1.1354","0.62%"
"Jul 24, 2011","1.1406","1.1336","1.1452","1.1253","0.43%"
"Jul 17, 2011","1.1357","1.1416","1.1493","1.1290","-0.39%"
"Jul 10, 2011","1.1401","1.1276","1.1440","1.1244","1.31%"
"Jul 03, 2011","1.1254","1.1041","1.1285","1.1019","1.68%"
"Jun 26, 2011","1.1068","1.1245","1.1292","1.1005","-1.57%"
"Jun 19, 2011","1.1245","1.1323","1.1380","1.1164","-0.64%"
"Jun 12, 2011","1.1318","1.1330","1.1470","1.1286","0.03%"
"Jun 05, 2011","1.1315","1.1225","1.1330","1.1137","0.80%"
"May 29, 2011","1.1225","1.1512","1.1555","1.1203","-2.60%"
"May 22, 2011","1.1525","1.1478","1.1618","1.1422","0.52%"
"May 15, 2011","1.1465","1.1488","1.1522","1.1302","-0.05%"
"May 08, 2011","1.1471","1.1392","1.1533","1.1336","0.27%"
"May 01, 2011","1.1440","1.1266","1.1440","1.1056","1.37%"
"Apr 24, 2011","1.1285","1.1348","1.1357","1.1185","-0.50%"
"Apr 17, 2011","1.1342","1.1312","1.1440","1.1258","0.28%"
"Apr 10, 2011","1.1310","1.1325","1.1378","1.1202","-0.04%"
"Apr 03, 2011","1.1315","1.1320","1.1481","1.1299","-0.07%"
"Mar 27, 2011","1.1323","1.1393","1.1429","1.1291","-0.57%"
"Mar 20, 2011","1.1388","1.1437","1.1559","1.1342","-0.56%"
"Mar 13, 2011","1.1452","1.1515","1.1595","1.1410","-0.95%"
"Mar 06, 2011","1.1562","1.1628","1.1720","1.1547","-0.64%"
"Feb 27, 2011","1.1637","1.1708","1.1822","1.1612","-0.73%"
"Feb 20, 2011","1.1722","1.1864","1.1931","1.1634","-1.14%"
"Feb 13, 2011","1.1857","1.1834","1.1971","1.1814","0.35%"
"Feb 06, 2011","1.1816","1.1868","1.1923","1.1717","-0.30%"
"Jan 30, 2011","1.1852","1.1659","1.1875","1.1597","1.73%"
"Jan 23, 2011","1.1650","1.1727","1.1778","1.1525","-0.86%"
"Jan 16, 2011","1.1751","1.1855","1.2003","1.1721","-0.92%"
"Jan 09, 2011","1.1860","1.2048","1.2071","1.1762","-1.57%"
"Jan 02, 2011","1.2049","1.1661","1.2053","1.1559","3.32%"
"Dec 26, 2010","1.1662","1.1771","1.1798","1.1559","-0.93%"
"Dec 19, 2010","1.1771","1.1760","1.1842","1.1723","-0.08%"
"Dec 12, 2010","1.1780","1.1967","1.1986","1.1690","-1.43%"
"Dec 05, 2010","1.1951","1.1779","1.1970","1.1745","1.60%"
"Nov 28, 2010","1.1763","1.1733","1.2003","1.1725","-0.11%"
"Nov 21, 2010","1.1776","1.1650","1.1881","1.1629","0.81%"
"Nov 14, 2010","1.1681","1.1777","1.1833","1.1664","-0.86%"
"Nov 07, 2010","1.1782","1.1524","1.1839","1.1499","2.19%"
"Oct 31, 2010","1.1529","1.1488","1.1562","1.1337","0.26%"
"Oct 24, 2010","1.1499","1.1224","1.1539","1.1180","2.29%"
"Oct 17, 2010","1.1242","1.1435","1.1493","1.1221","-1.74%"
"Oct 10, 2010","1.1441","1.1403","1.1504","1.1309","-0.08%"
"Oct 03, 2010","1.1450","1.1459","1.1595","1.1353","-0.17%"
"Sep 26, 2010","1.1469","1.1730","1.1814","1.1463","-2.20%"
"Sep 19, 2010","1.1727","1.1992","1.2004","1.1653","-2.10%"
"Sep 12, 2010","1.1978","1.2081","1.2092","1.1897","-1.06%"
"Sep 05, 2010","1.2106","1.1978","1.2197","1.1912","1.07%"
"Aug 29, 2010","1.1978","1.2167","1.2256","1.1971","-1.50%"
"Aug 22, 2010","1.2160","1.2226","1.2288","1.2134","-0.52%"
"Aug 15, 2010","1.2224","1.2203","1.2242","1.2067","-0.06%"
"Aug 08, 2010","1.2231","1.2027","1.2239","1.1953","1.88%"
"Aug 01, 2010","1.2005","1.2038","1.2119","1.1988","-0.12%"
"Jul 25, 2010","1.2020","1.1946","1.2047","1.1876","0.50%"
"Jul 18, 2010","1.1960","1.1852","1.2026","1.1713","1.16%"
"Jul 11, 2010","1.1823","1.1909","1.2030","1.1813","-0.82%"
"Jul 04, 2010","1.1921","1.2098","1.2121","1.1902","-1.48%"
"Jun 27, 2010","1.2100","1.2162","1.2399","1.2043","-0.59%"
"Jun 20, 2010","1.2172","1.1941","1.2229","1.1924","1.68%"
"Jun 13, 2010","1.1971","1.2004","1.2108","1.1921","-0.30%"
"Jun 06, 2010","1.2007","1.2070","1.2186","1.1990","-0.57%"
"May 30, 2010","1.2076","1.1752","1.2127","1.1726","2.43%"
"May 23, 2010","1.1789","1.1524","1.1880","1.1522","2.45%"
"May 16, 2010","1.1507","1.1756","1.1820","1.1391","-2.16%"
"May 09, 2010","1.1761","1.1480","1.1845","1.1422","1.40%"
"May 02, 2010","1.1599","1.1479","1.1873","1.1350","1.01%"
"Apr 25, 2010","1.1483","1.1525","1.1633","1.1445","-0.06%"
"Apr 18, 2010","1.1490","1.1343","1.1622","1.1302","0.98%"
"Apr 11, 2010","1.1379","1.1339","1.1438","1.1275","-0.10%"
"Apr 04, 2010","1.1390","1.1311","1.1489","1.1281","1.14%"
"Mar 28, 2010","1.1262","1.1079","1.1313","1.1079","1.35%"
"Mar 21, 2010","1.1112","1.1080","1.1242","1.1050","0.18%"
"Mar 14, 2010","1.1092","1.1012","1.1220","1.0949","0.53%"
"Mar 07, 2010","1.1033","1.1098","1.1117","1.0943","-0.71%"
"Feb 28, 2010","1.1112","1.1120","1.1154","1.0921","-0.72%"
"Feb 21, 2010","1.1193","1.1346","1.1432","1.1139","-1.50%"
"Feb 14, 2010","1.1363","1.1512","1.1549","1.1353","-1.38%"
"Feb 07, 2010","1.1522","1.1408","1.1557","1.1303","0.69%"
"Jan 31, 2010","1.1443","1.1500","1.1519","1.1396","-0.86%"
"Jan 24, 2010","1.1542","1.1373","1.1627","1.1363","1.31%"
"Jan 17, 2010","1.1393","1.1332","1.1563","1.1316","0.76%"
"Jan 10, 2010","1.1307","1.1132","1.1353","1.1072","1.70%"
"Jan 03, 2010","1.1118","1.1283","1.1293","1.1075","-1.51%"
"Dec 27, 2009","1.1288","1.1079","1.1296","1.1040","1.80%"
"Dec 20, 2009","1.1088","1.1267","1.1286","1.1054","-1.52%"
"Dec 13, 2009","1.1259","1.1108","1.1301","1.1048","1.31%"
"Dec 06, 2009","1.1113","1.1057","1.1137","1.0989","0.32%"
"Nov 29, 2009","1.1077","1.1001","1.1124","1.0919","0.63%"
"Nov 22, 2009","1.1008","1.1101","1.1140","1.0943","-0.91%"
"Nov 15, 2009","1.1109","1.1196","1.1322","1.1084","-0.70%"
"Nov 08, 2009","1.1187","1.1188","1.1239","1.1028","-0.05%"
"Nov 01, 2009","1.1193","1.1155","1.1212","1.1033","0.19%"
"Oct 25, 2009","1.1172","1.0862","1.1224","1.0818","2.79%"
"Oct 18, 2009","1.0869","1.0951","1.1117","1.0844","-0.95%"
"Oct 11, 2009","1.0973","1.0767","1.1000","1.0619","2.06%"
"Oct 04, 2009","1.0751","1.0922","1.0944","1.0746","-1.72%"
"Sep 27, 2009","1.0939","1.0860","1.1019","1.0747","0.70%"
"Sep 20, 2009","1.0863","1.1037","1.1132","1.0843","-1.79%"
"Sep 13, 2009","1.1061","1.1424","1.1441","1.1037","-3.29%"
"Sep 06, 2009","1.1437","1.1449","1.1473","1.1322","-0.28%"
"Aug 30, 2009","1.1469","1.1366","1.1492","1.1316","0.80%"
"Aug 23, 2009","1.1378","1.1501","1.1553","1.1308","-1.28%"
"Aug 16, 2009","1.1525","1.1631","1.1736","1.1490","-1.02%"
"Aug 09, 2009","1.1644","1.1759","1.1777","1.1554","-0.97%"
"Aug 02, 2009","1.1758","1.1709","1.1829","1.1632","0.20%"
"Jul 26, 2009","1.1734","1.1561","1.1764","1.1509","1.44%"
"Jul 19, 2009","1.1567","1.1572","1.1681","1.1499","-0.14%"
"Jul 12, 2009","1.1583","1.1603","1.1700","1.1490","-0.38%"
"Jul 05, 2009","1.1627","1.1666","1.1719","1.1528","-0.63%"
"Jun 28, 2009","1.1701","1.1730","1.1856","1.1582","-0.44%"
"Jun 21, 2009","1.1753","1.1828","1.1907","1.1624","-0.73%"
"Jun 14, 2009","1.1839","1.1741","1.1875","1.1619","0.96%"
"Jun 07, 2009","1.1726","1.1437","1.1792","1.1366","2.54%"
"May 31, 2009","1.1435","1.1450","1.1665","1.1273","0.00%"
"May 24, 2009","1.1435","1.1347","1.1561","1.1330","0.42%"
"May 17, 2009","1.1387","1.1250","1.1469","1.1240","1.34%"
"May 10, 2009","1.1236","1.1154","1.1267","1.1060","0.57%"
"May 03, 2009","1.1172","1.1231","1.1414","1.1136","-0.67%"
"Apr 26, 2009","1.1247","1.1067","1.1266","1.1037","1.57%"
"Apr 19, 2009","1.1073","1.1326","1.1370","1.1006","-2.40%"
"Apr 12, 2009","1.1345","1.1093","1.1385","1.1076","1.99%"
"Apr 05, 2009","1.1124","1.0983","1.1182","1.0964","1.12%"
"Mar 29, 2009","1.1001","1.0767","1.1065","1.0701","2.17%"
"Mar 22, 2009","1.0767","1.0579","1.0923","1.0571","1.08%"
"Mar 15, 2009","1.0652","1.0829","1.0936","1.0524","-1.70%"
"Mar 08, 2009","1.0836","1.1120","1.1174","1.0720","-2.76%"
"Mar 01, 2009","1.1143","1.1315","1.1351","1.1092","-1.34%"
"Feb 22, 2009","1.1294","1.1238","1.1458","1.1129","0.47%"
"Feb 15, 2009","1.1241","1.1111","1.1402","1.1092","0.62%"
"Feb 08, 2009","1.1172","1.1405","1.1578","1.1016","-2.36%"
"Feb 01, 2009","1.1442","1.1327","1.1546","1.1004","0.82%"
"Jan 25, 2009","1.1349","1.0624","1.1355","1.0499","6.72%"
"Jan 18, 2009","1.0634","1.1122","1.1158","1.0549","-4.06%"
"Jan 11, 2009","1.1084","1.1235","1.1311","1.0950","-1.86%"
"Jan 04, 2009","1.1294","1.0449","1.1317","1.0376","7.89%"
"Dec 28, 2008","1.0468","1.0422","1.0599","1.0193","0.47%"
"Dec 21, 2008","1.0419","1.0725","1.0743","1.0411","-2.88%"
"Dec 14, 2008","1.0728","1.1185","1.1260","1.0449","-4.03%"
"Dec 07, 2008","1.1178","1.1583","1.1659","1.1105","-3.57%"
"Nov 30, 2008","1.1592","1.2082","1.2133","1.1456","-4.42%"
"Nov 23, 2008","1.2128","1.1844","1.2150","1.1660","2.44%"
"Nov 16, 2008","1.1839","1.1683","1.1997","1.1664","1.57%"
"Nov 09, 2008","1.1656","1.2328","1.2343","1.1538","-5.30%"
"Nov 02, 2008","1.2308","1.2605","1.2763","1.2197","-2.48%"
"Oct 26, 2008","1.2621","1.2552","1.2818","1.2301","0.05%"
"Oct 19, 2008","1.2615","1.2911","1.2999","1.2199","-2.16%"
"Oct 12, 2008","1.2893","1.2618","1.2932","1.2544","1.47%"
"Oct 05, 2008","1.2706","1.2940","1.2986","1.2380","-1.24%"
"Sep 28, 2008","1.2866","1.2669","1.2896","1.2461","1.93%"
"Sep 21, 2008","1.2623","1.2662","1.2688","1.2524","-0.31%"
"Sep 14, 2008","1.2662","1.2612","1.2750","1.2485","0.38%"
"Sep 07, 2008","1.2614","1.2420","1.2641","1.2370","1.92%"
"Aug 31, 2008","1.2376","1.2325","1.2422","1.2211","-0.29%"
"Aug 24, 2008","1.2412","1.2515","1.2598","1.2379","-0.87%"
"Aug 17, 2008","1.2521","1.2693","1.2706","1.2511","-1.44%"
"Aug 10, 2008","1.2704","1.2804","1.2836","1.2507","-0.73%"
"Aug 03, 2008","1.2798","1.2683","1.2807","1.2581","0.84%"
"Jul 27, 2008","1.2691","1.2681","1.2747","1.2603","0.16%"
"Jul 20, 2008","1.2671","1.2599","1.2756","1.2533","0.48%"
"Jul 13, 2008","1.2610","1.2468","1.2649","1.2461","1.00%"
"Jul 06, 2008","1.2485","1.2628","1.2657","1.2467","-1.12%"
"Jun 29, 2008","1.2626","1.2638","1.2708","1.2494","-0.01%"
"Jun 22, 2008","1.2627","1.2634","1.2674","1.2574","-0.23%"
"Jun 15, 2008","1.2656","1.2638","1.2743","1.2566","-0.02%"
"Jun 08, 2008","1.2658","1.2471","1.2708","1.2442","1.36%"
"Jun 01, 2008","1.2488","1.2703","1.2731","1.2483","-2.02%"
"May 25, 2008","1.2746","1.2558","1.2767","1.2520","1.51%"
"May 18, 2008","1.2557","1.2545","1.2618","1.2443","-0.03%"
"May 11, 2008","1.2561","1.2615","1.2700","1.2514","-0.48%"
"May 04, 2008","1.2622","1.2783","1.2795","1.2588","-1.24%"
"Apr 27, 2008","1.2780","1.2704","1.2877","1.2581","0.58%"
"Apr 20, 2008","1.2706","1.2632","1.2740","1.2418","0.61%"
"Apr 13, 2008","1.2629","1.2519","1.2700","1.2344","1.30%"
"Apr 06, 2008","1.2467","1.2674","1.2712","1.2435","-1.56%"
"Mar 30, 2008","1.2664","1.2624","1.2784","1.2525","0.36%"
"Mar 23, 2008","1.2619","1.2846","1.2912","1.2606","-1.77%"
"Mar 16, 2008","1.2847","1.2826","1.2888","1.2636","-0.26%"
"Mar 09, 2008","1.2881","1.3125","1.3173","1.2866","-1.86%"
"Mar 02, 2008","1.3125","1.3086","1.3161","1.2994","0.29%"
"Feb 24, 2008","1.3087","1.3269","1.3308","1.3019","-1.33%"
"Feb 17, 2008","1.3263","1.3330","1.3373","1.3185","-0.75%"
"Feb 10, 2008","1.3363","1.3398","1.3510","1.3312","-0.33%"
"Feb 03, 2008","1.3407","1.3271","1.3470","1.3252","0.95%"
"Jan 27, 2008","1.3281","1.3511","1.3532","1.3250","-1.70%"
"Jan 20, 2008","1.3510","1.3402","1.3524","1.3344","1.00%"
"Jan 13, 2008","1.3376","1.3241","1.3490","1.3131","1.00%"
"Jan 06, 2008","1.3243","1.3381","1.3474","1.3178","-0.96%"
"Dec 30, 2007","1.3371","1.3553","1.3662","1.3343","-1.28%"
"Dec 23, 2007","1.3544","1.3793","1.3813","1.3529","-1.89%"
"Dec 16, 2007","1.3805","1.4001","1.4058","1.3778","-1.26%"
"Dec 09, 2007","1.3981","1.3851","1.4008","1.3850","0.87%"
"Dec 02, 2007","1.3861","1.4037","1.4107","1.3808","-1.41%"
"Nov 25, 2007","1.4059","1.3899","1.4065","1.3892","1.22%"
"Nov 18, 2007","1.3889","1.4000","1.4036","1.3854","-0.86%"
"Nov 11, 2007","1.4010","1.4212","1.4271","1.3939","-1.66%"
"Nov 04, 2007","1.4247","1.4386","1.4421","1.4232","-1.12%"
"Oct 28, 2007","1.4408","1.4249","1.4453","1.4240","1.02%"
"Oct 21, 2007","1.4262","1.4330","1.4417","1.4246","-0.59%"
"Oct 14, 2007","1.4346","1.4348","1.4397","1.4277","-0.13%"
"Oct 07, 2007","1.4365","1.4429","1.4507","1.4266","-0.57%"
"Sep 30, 2007","1.4448","1.4336","1.4489","1.4322","0.73%"
"Sep 23, 2007","1.4343","1.4336","1.4385","1.4223","0.07%"
"Sep 16, 2007","1.4333","1.4456","1.4484","1.4240","-0.95%"
"Sep 09, 2007","1.4470","1.4713","1.4745","1.4447","-1.88%"
"Sep 02, 2007","1.4747","1.4797","1.4844","1.4705","-0.26%"
"Aug 26, 2007","1.4786","1.4725","1.4815","1.4684","0.41%"
"Aug 19, 2007","1.4726","1.4693","1.4804","1.4644","0.18%"
"Aug 12, 2007","1.4699","1.4771","1.4825","1.4668","-0.55%"
"Aug 05, 2007","1.4780","1.4763","1.4830","1.4663","-0.19%"
"Jul 29, 2007","1.4808","1.4840","1.4884","1.4767","-0.26%"
"Jul 22, 2007","1.4846","1.4852","1.4973","1.4838","-0.15%"
"Jul 15, 2007","1.4869","1.4756","1.4896","1.4750","0.74%"
"Jul 08, 2007","1.4760","1.4752","1.4813","1.4707","0.05%"
"Jul 01, 2007","1.4753","1.4826","1.4855","1.4743","-0.57%"
"Jun 24, 2007","1.4838","1.4840","1.4907","1.4811","-0.03%"
"Jun 17, 2007","1.4843","1.4768","1.4898","1.4754","0.56%"
"Jun 10, 2007","1.4760","1.4734","1.4859","1.4713","0.20%"
"Jun 03, 2007","1.4731","1.4740","1.4775","1.4682","-0.04%"
"May 27, 2007","1.4737","1.4749","1.4777","1.4677","-0.14%"
"May 20, 2007","1.4758","1.4602","1.4801","1.4591","0.97%"
"May 13, 2007","1.4616","1.4646","1.4665","1.4578","-0.18%"
"May 06, 2007","1.4642","1.4656","1.4751","1.4637","-0.10%"
"Apr 29, 2007","1.4657","1.4638","1.4712","1.4619","0.15%"
"Apr 22, 2007","1.4635","1.4740","1.4768","1.4609","-0.67%"
"Apr 15, 2007","1.4734","1.4649","1.4820","1.4637","0.34%"
"Apr 08, 2007","1.4684","1.4692","1.4760","1.4649","-0.03%"
"Apr 01, 2007","1.4689","1.4720","1.4826","1.4661","-0.31%"
"Mar 25, 2007","1.4735","1.4752","1.4812","1.4668","-0.20%"
"Mar 18, 2007","1.4764","1.4568","1.4779","1.4555","1.21%"
"Mar 11, 2007","1.4587","1.4735","1.4775","1.4557","-0.98%"
"Mar 04, 2007","1.4731","1.4718","1.4757","1.4610","-0.01%"
"Feb 25, 2007","1.4733","1.4918","1.4930","1.4723","-1.23%"
"Feb 18, 2007","1.4916","1.4852","1.4949","1.4795","0.49%"
"Feb 11, 2007","1.4844","1.4994","1.5044","1.4831","-1.01%"
"Feb 04, 2007","1.4996","1.5169","1.5215","1.4957","-1.14%"
"Jan 28, 2007","1.5169","1.5168","1.5194","1.5043","-0.02%"
"Jan 21, 2007","1.5172","1.5228","1.5303","1.5132","-0.35%"
"Jan 14, 2007","1.5225","1.5157","1.5267","1.5127","0.41%"
"Jan 07, 2007","1.5163","1.4831","1.5175","1.4824","2.18%"
"Dec 31, 2006","1.4839","1.4841","1.4876","1.4778","-0.01%"
"Dec 24, 2006","1.4840","1.4907","1.4953","1.4825","-0.46%"
"Dec 17, 2006","1.4909","1.4924","1.4947","1.4856","-0.03%"
"Dec 10, 2006","1.4914","1.4812","1.4945","1.4763","0.79%"
"Dec 03, 2006","1.4797","1.4820","1.4886","1.4720","-0.33%"
"Nov 26, 2006","1.4846","1.4777","1.4889","1.4730","0.62%"
"Nov 19, 2006","1.4754","1.4770","1.4833","1.4738","-0.16%"
"Nov 12, 2006","1.4777","1.4870","1.4885","1.4709","-0.69%"
"Nov 05, 2006","1.4880","1.4958","1.4962","1.4827","-0.45%"
"Oct 29, 2006","1.4948","1.4890","1.4996","1.4885","0.30%"
"Oct 22, 2006","1.4903","1.4921","1.4945","1.4864","-0.25%"
"Oct 15, 2006","1.4941","1.4840","1.4949","1.4816","0.76%"
"Oct 08, 2006","1.4829","1.4842","1.4865","1.4761","-0.09%"
"Oct 01, 2006","1.4842","1.4780","1.4903","1.4733","0.45%"
"Sep 24, 2006","1.4775","1.4856","1.4966","1.4712","-0.61%"
"Sep 17, 2006","1.4865","1.4859","1.4922","1.4777","0.01%"
"Sep 10, 2006","1.4864","1.4724","1.4867","1.4654","0.93%"
"Sep 03, 2006","1.4727","1.4838","1.4847","1.4679","-0.88%"
"Aug 27, 2006","1.4858","1.4790","1.4885","1.4765","0.41%"
"Aug 20, 2006","1.4798","1.4662","1.4823","1.4633","0.80%"
"Aug 13, 2006","1.4680","1.4864","1.4876","1.4653","-1.20%"
"Aug 06, 2006","1.4859","1.4802","1.4889","1.4761","0.27%"
"Jul 30, 2006","1.4819","1.4587","1.4829","1.4583","1.45%"
"Jul 23, 2006","1.4607","1.4630","1.4689","1.4564","-0.25%"
"Jul 16, 2006","1.4644","1.4542","1.4669","1.4502","0.80%"
"Jul 09, 2006","1.4528","1.4437","1.4553","1.4418","0.57%"
"Jul 02, 2006","1.4446","1.4443","1.4461","1.4356","-0.01%"
"Jun 25, 2006","1.4448","1.4539","1.4553","1.4387","-0.54%"
"Jun 18, 2006","1.4527","1.4638","1.4690","1.4511","-0.73%"
"Jun 11, 2006","1.4634","1.4574","1.4676","1.4566","0.49%"
"Jun 04, 2006","1.4563","1.4568","1.4608","1.4462","-0.04%"
"May 28, 2006","1.4569","1.4593","1.4656","1.4519","-0.21%"
"May 21, 2006","1.4600","1.4711","1.4717","1.4556","-0.70%"
"May 14, 2006","1.4703","1.4645","1.4810","1.4639","0.42%"
"May 07, 2006","1.4642","1.4612","1.4735","1.4539","0.21%"
"Apr 30, 2006","1.4611","1.4443","1.4634","1.4434","1.07%"
"Apr 23, 2006","1.4457","1.4443","1.4482","1.4315","0.15%"
"Apr 16, 2006","1.4435","1.4461","1.4517","1.4411","-0.17%"
"Apr 09, 2006","1.4460","1.4390","1.4501","1.4340","0.27%"
"Apr 02, 2006","1.4421","1.4328","1.4442","1.4232","0.55%"
"Mar 26, 2006","1.4342","1.4474","1.4558","1.4313","-0.97%"
"Mar 19, 2006","1.4482","1.4413","1.4517","1.4382","0.51%"
"Mar 12, 2006","1.4409","1.4480","1.4546","1.4382","-0.58%"
"Mar 05, 2006","1.4493","1.4575","1.4625","1.4478","-0.57%"
"Feb 26, 2006","1.4576","1.4690","1.4727","1.4553","-0.82%"
"Feb 19, 2006","1.4697","1.4591","1.4722","1.4564","0.71%"
"Feb 12, 2006","1.4594","1.4651","1.4666","1.4542","-0.42%"
"Feb 05, 2006","1.4655","1.4641","1.4668","1.4511","-0.02%"
"Jan 29, 2006","1.4658","1.4605","1.4756","1.4576","0.34%"
"Jan 22, 2006","1.4609","1.4580","1.4640","1.4500","0.13%"
"Jan 15, 2006","1.4590","1.4622","1.4641","1.4511","-0.30%"
"Jan 08, 2006","1.4634","1.4557","1.4691","1.4512","0.47%"
"Jan 01, 2006","1.4566","1.4537","1.4606","1.4465","0.21%"
"Dec 25, 2005","1.4535","1.4612","1.4663","1.4464","-0.51%"
"Dec 18, 2005","1.4609","1.4709","1.4828","1.4578","-0.97%"
"Dec 11, 2005","1.4752","1.4856","1.4886","1.4708","-0.71%"
"Dec 04, 2005","1.4857","1.4795","1.4873","1.4700","0.41%"
"Nov 27, 2005","1.4797","1.4619","1.4818","1.4551","1.19%"
"Nov 20, 2005","1.4623","1.4582","1.4661","1.4526","0.20%"
"Nov 13, 2005","1.4594","1.4859","1.4891","1.4577","-1.77%"
"Nov 06, 2005","1.4857","1.4794","1.4920","1.4748","0.33%"
"Oct 30, 2005","1.4808","1.4706","1.4838","1.4658","0.76%"
"Oct 23, 2005","1.4696","1.4781","1.4823","1.4645","-0.74%"
"Oct 16, 2005","1.4805","1.4630","1.4817","1.4540","1.09%"
"Oct 09, 2005","1.4646","1.4525","1.4665","1.4483","0.83%"
"Oct 02, 2005","1.4526","1.4650","1.4776","1.4506","-0.94%"
"Sep 25, 2005","1.4664","1.4721","1.4769","1.4604","-0.58%"
"Sep 18, 2005","1.4750","1.4816","1.4878","1.4697","-0.18%"
"Sep 11, 2005","1.4776","1.4840","1.4904","1.4723","-0.32%"
"Sep 04, 2005","1.4823","1.4672","1.4846","1.4650","0.84%"
"Aug 28, 2005","1.4700","1.4661","1.4722","1.4583","0.19%"
"Aug 21, 2005","1.4672","1.4764","1.4786","1.4624","-0.66%"
"Aug 14, 2005","1.4769","1.4575","1.4778","1.4568","1.29%"
"Aug 07, 2005","1.4581","1.4391","1.4619","1.4366","1.38%"
"Jul 31, 2005","1.4383","1.4481","1.4546","1.4339","-0.72%"
"Jul 24, 2005","1.4487","1.4418","1.4539","1.4383","0.42%"
"Jul 17, 2005","1.4427","1.4553","1.4576","1.4297","-0.87%"
"Jul 10, 2005","1.4554","1.4507","1.4621","1.4458","0.22%"
"Jul 03, 2005","1.4522","1.4789","1.4806","1.4500","-1.71%"
"Jun 26, 2005","1.4775","1.5068","1.5095","1.4703","-2.01%"
"Jun 19, 2005","1.5078","1.4964","1.5145","1.4907","1.18%"
"Jun 12, 2005","1.4902","1.4959","1.5092","1.4858","-0.23%"
"Jun 05, 2005","1.4937","1.4826","1.5021","1.4798","0.67%"
"May 29, 2005","1.4837","1.4544","1.4877","1.4519","2.23%"
"May 22, 2005","1.4513","1.4543","1.4590","1.4478","-0.25%"
"May 15, 2005","1.4550","1.4655","1.4679","1.4489","-0.69%"
"May 08, 2005","1.4651","1.4751","1.4763","1.4590","-0.93%"
"May 01, 2005","1.4788","1.4822","1.4843","1.4634","-0.25%"
"Apr 24, 2005","1.4825","1.4664","1.4851","1.4657","1.12%"
"Apr 17, 2005","1.4661","1.4652","1.4717","1.4572","0.03%"
"Apr 10, 2005","1.4657","1.4580","1.4708","1.4547","0.57%"
"Apr 03, 2005","1.4574","1.4582","1.4657","1.4512","0.02%"
"Mar 27, 2005","1.4571","1.4422","1.4609","1.4405","0.98%"
"Mar 20, 2005","1.4430","1.4420","1.4503","1.4353","0.03%"
"Mar 13, 2005","1.4425","1.4311","1.4432","1.4285","0.86%"
"Mar 06, 2005","1.4302","1.4520","1.4546","1.4282","-1.55%"
"Feb 27, 2005","1.4527","1.4486","1.4596","1.4467","0.25%"
"Feb 20, 2005","1.4491","1.4508","1.4541","1.4352","-0.03%"
"Feb 13, 2005","1.4495","1.4510","1.4583","1.4424","-0.14%"
"Feb 06, 2005","1.4515","1.4568","1.4617","1.4469","-0.38%"
"Jan 30, 2005","1.4571","1.4477","1.4605","1.4385","0.67%"
"Jan 23, 2005","1.4474","1.4400","1.4507","1.4349","0.55%"
"Jan 16, 2005","1.4395","1.4273","1.4462","1.4197","0.85%"
"Jan 09, 2005","1.4273","1.4326","1.4354","1.4204","-0.36%"
"Jan 02, 2005","1.4325","1.4158","1.4342","1.4089","1.28%"
"Dec 26, 2004","1.4144","1.4204","1.4248","1.4061","-0.53%"
"Dec 19, 2004","1.4220","1.4585","1.4605","1.4150","-2.55%"
"Dec 12, 2004","1.4592","1.4461","1.4623","1.4402","0.73%"
"Dec 05, 2004","1.4486","1.4443","1.4555","1.4392","0.28%"
"Nov 28, 2004","1.4445","1.4255","1.4548","1.4215","1.35%"
"Nov 21, 2004","1.4252","1.4249","1.4397","1.4208","-0.08%"
"Nov 14, 2004","1.4264","1.4288","1.4328","1.4208","-0.32%"
"Nov 07, 2004","1.4310","1.4299","1.4404","1.4248","-0.01%"
"Oct 31, 2004","1.4312","1.4353","1.4506","1.4278","-0.44%"
"Oct 24, 2004","1.4375","1.4391","1.4431","1.4325","-0.16%"
"Oct 17, 2004","1.4398","1.4456","1.4517","1.4344","-0.53%"
"Oct 10, 2004","1.4474","1.4448","1.4602","1.4422","0.06%"
"Oct 03, 2004","1.4465","1.4487","1.4571","1.4423","-0.21%"
"Sep 26, 2004","1.4495","1.4696","1.4752","1.4450","-1.39%"
"Sep 19, 2004","1.4699","1.4713","1.4733","1.4552","0.03%"
"Sep 12, 2004","1.4694","1.4655","1.4765","1.4570","0.20%"
"Sep 05, 2004","1.4664","1.4717","1.4791","1.4581","-0.47%"
"Aug 29, 2004","1.4733","1.4897","1.4923","1.4660","-1.23%"
"Aug 22, 2004","1.4917","1.4772","1.4929","1.4736","0.95%"
"Aug 15, 2004","1.4776","1.4885","1.4967","1.4734","-0.85%"
"Aug 08, 2004","1.4903","1.5002","1.5050","1.4850","-0.57%"
"Aug 01, 2004","1.4989","1.5070","1.5210","1.4929","-1.06%"
"Jul 25, 2004","1.5149","1.5135","1.5191","1.5028","-0.03%"
"Jul 18, 2004","1.5153","1.5058","1.5158","1.4946","0.74%"
"Jul 11, 2004","1.5041","1.4983","1.5083","1.4950","0.42%"
"Jul 04, 2004","1.4978","1.4850","1.5014","1.4835","0.85%"
"Jun 27, 2004","1.4852","1.5000","1.5045","1.4842","-1.01%"
"Jun 20, 2004","1.5003","1.5138","1.5190","1.4920","-0.88%"
"Jun 13, 2004","1.5136","1.5095","1.5276","1.4998","0.02%"
"Jun 06, 2004","1.5133","1.4967","1.5289","1.4891","0.93%"
"May 30, 2004","1.4994","1.4989","1.5104","1.4958","-0.05%"
"May 23, 2004","1.5002","1.4911","1.5044","1.4888","0.60%"
"May 16, 2004","1.4912","1.4802","1.4938","1.4662","0.76%"
"May 09, 2004","1.4800","1.5035","1.5067","1.4771","-1.58%"
"May 02, 2004","1.5038","1.4829","1.5046","1.4709","1.28%"
"Apr 25, 2004","1.4848","1.5008","1.5105","1.4771","-0.68%"
"Apr 18, 2004","1.4949","1.4957","1.5095","1.4857","-0.16%"
"Apr 11, 2004","1.4973","1.5165","1.5286","1.4846","-1.16%"
"Apr 04, 2004","1.5149","1.5107","1.5249","1.5016","0.40%"
"Mar 28, 2004","1.5089","1.4982","1.5142","1.4910","0.84%"
"Mar 21, 2004","1.4964","1.4917","1.5065","1.4834","0.22%"
"Mar 14, 2004","1.4931","1.4740","1.4931","1.4643","1.14%"
"Mar 07, 2004","1.4762","1.4913","1.4993","1.4603","-1.05%"
"Feb 29, 2004","1.4918","1.4953","1.5129","1.4798","-0.25%"
"Feb 22, 2004","1.4955","1.4861","1.5034","1.4777","0.73%"
"Feb 15, 2004","1.4846","1.4776","1.4944","1.4747","0.30%"
"Feb 08, 2004","1.4802","1.4611","1.4808","1.4530","1.82%"
"Feb 01, 2004","1.4537","1.4611","1.4681","1.4507","-0.59%"
"Jan 25, 2004","1.4624","1.4531","1.4668","1.4419","0.82%"
"Jan 18, 2004","1.4505","1.4526","1.4546","1.4378","-0.08%"
"Jan 11, 2004","1.4516","1.4369","1.4567","1.4346","0.74%"
"Jan 04, 2004","1.4410","1.4237","1.4436","1.4158","1.19%"
"Dec 28, 2003","1.4241","1.4242","1.4339","1.4095","-0.06%"
"Dec 21, 2003","1.4250","1.4230","1.4279","1.4151","-0.11%"
"Dec 14, 2003","1.4266","1.4296","1.4312","1.4122","0.37%"
"Dec 07, 2003","1.4214","1.4201","1.4368","1.4147","0.02%"
"Nov 30, 2003","1.4211","1.4361","1.4418","1.4182","-1.02%"
"Nov 23, 2003","1.4358","1.4305","1.4428","1.4295","0.43%"
"Nov 16, 2003","1.4297","1.4313","1.4411","1.4205","-0.21%"
"Nov 09, 2003","1.4327","1.4542","1.4586","1.4304","-1.30%"
"Nov 02, 2003","1.4516","1.4638","1.4700","1.4484","-0.79%"
"Oct 26, 2003","1.4632","1.4388","1.4655","1.4379","1.75%"
"Oct 19, 2003","1.4380","1.4336","1.4431","1.4298","0.09%"
"Oct 12, 2003","1.4367","1.4084","1.4469","1.4080","1.82%"
"Oct 05, 2003","1.4110","1.4361","1.4401","1.4035","-1.80%"
"Sep 28, 2003","1.4369","1.4464","1.4499","1.4157","-0.61%"
"Sep 21, 2003","1.4457","1.4383","1.4490","1.4323","0.57%"
"Sep 14, 2003","1.4375","1.4214","1.4417","1.4148","1.25%"
"Sep 07, 2003","1.4197","1.4296","1.4329","1.4135","-0.71%"
"Aug 31, 2003","1.4299","1.4363","1.4549","1.4247","-0.47%"
"Aug 24, 2003","1.4366","1.4475","1.4521","1.4321","-0.68%"
"Aug 17, 2003","1.4465","1.4178","1.4522","1.4165","1.98%"
"Aug 10, 2003","1.4184","1.4174","1.4272","1.4122","-0.01%"
"Aug 03, 2003","1.4185","1.4189","1.4247","1.4120","-0.73%"
"Jul 27, 2003","1.4289","1.4083","1.4381","1.4070","1.54%"
"Jul 20, 2003","1.4072","1.4035","1.4143","1.3977","-0.34%"
"Jul 13, 2003","1.4120","1.4437","1.4463","1.4040","-2.28%"
"Jul 06, 2003","1.4449","1.4516","1.4585","1.4284","-0.41%"
"Jun 29, 2003","1.4509","1.4424","1.4582","1.4299","0.58%"
"Jun 22, 2003","1.4425","1.4364","1.4580","1.4321","0.63%"
"Jun 15, 2003","1.4335","1.4091","1.4443","1.4057","1.70%"
"Jun 08, 2003","1.4096","1.4154","1.4278","1.3964","-0.79%"
"Jun 01, 2003","1.4208","1.3869","1.4231","1.3834","2.35%"
"May 25, 2003","1.3882","1.3797","1.4012","1.3777","0.46%"
"May 18, 2003","1.3818","1.3940","1.4085","1.3808","-1.23%"
"May 11, 2003","1.3990","1.3939","1.4255","1.3827","0.11%"
"May 04, 2003","1.3975","1.4279","1.4318","1.3882","-2.12%"
"Apr 27, 2003","1.4278","1.4425","1.4529","1.4250","-1.00%"
"Apr 20, 2003","1.4422","1.4405","1.4495","1.4318","-0.15%"
"Apr 13, 2003","1.4443","1.4610","1.4680","1.4404","-1.26%"
"Apr 06, 2003","1.4627","1.4575","1.4687","1.4394","0.56%"
"Mar 30, 2003","1.4546","1.4573","1.4671","1.4383","-0.31%"
"Mar 23, 2003","1.4591","1.4759","1.4821","1.4532","-1.66%"
"Mar 16, 2003","1.4838","1.4720","1.4897","1.4630","0.66%"
"Mar 09, 2003","1.4741","1.4550","1.4859","1.4425","1.24%"
"Mar 02, 2003","1.4560","1.4591","1.4674","1.4448","-0.07%"
"Feb 23, 2003","1.4570","1.4684","1.4738","1.4554","-0.66%"
"Feb 16, 2003","1.4667","1.4958","1.4994","1.4634","-1.94%"
"Feb 09, 2003","1.4957","1.5077","1.5183","1.4903","-0.76%"
"Feb 02, 2003","1.5071","1.5268","1.5357","1.5040","-1.50%"
"Jan 26, 2003","1.5301","1.5067","1.5341","1.5020","1.41%"
"Jan 19, 2003","1.5088","1.5123","1.5215","1.5031","-0.21%"
"Jan 12, 2003","1.5120","1.5196","1.5243","1.5103","-0.53%"
"Jan 05, 2003","1.5200","1.5439","1.5461","1.5179","-1.57%"
"Dec 29, 2002","1.5442","1.5371","1.5456","1.5258","0.50%"
"Dec 22, 2002","1.5365","1.5592","1.5625","1.5310","-1.52%"
"Dec 15, 2002","1.5602","1.5516","1.5667","1.5469","0.46%"
"Dec 08, 2002","1.5530","1.5614","1.5664","1.5455","-0.50%"
"Dec 01, 2002","1.5608","1.5650","1.5770","1.5570","-0.31%"
"Nov 24, 2002","1.5656","1.5834","1.5866","1.5552","-1.17%"
"Nov 17, 2002","1.5842","1.5649","1.5854","1.5621","1.19%"
"Nov 10, 2002","1.5655","1.5702","1.5797","1.5639","-0.38%"
"Nov 03, 2002","1.5714","1.5699","1.5735","1.5537","0.17%"
"Oct 27, 2002","1.5687","1.5872","1.5908","1.5625","-1.28%"
"Oct 20, 2002","1.5891","1.5887","1.5952","1.5777","-0.10%"
"Oct 13, 2002","1.5907","1.5808","1.5998","1.5706","0.59%"
"Oct 06, 2002","1.5813","1.5972","1.6016","1.5751","-1.08%"
"Sep 29, 2002","1.5985","1.5882","1.6019","1.5830","0.41%"
"Sep 22, 2002","1.5919","1.5844","1.5994","1.5779","0.59%"
"Sep 15, 2002","1.5825","1.5973","1.6027","1.5739","-0.90%"
"Sep 08, 2002","1.5968","1.5874","1.6016","1.5772","0.42%"
"Sep 01, 2002","1.5901","1.5768","1.5903","1.5659","0.75%"
"Aug 25, 2002","1.5782","1.5628","1.5811","1.5570","0.93%"
"Aug 18, 2002","1.5636","1.5618","1.5724","1.5549","0.01%"
"Aug 11, 2002","1.5634","1.5701","1.5729","1.5560","-0.52%"
"Aug 04, 2002","1.5715","1.5887","1.5996","1.5658","-1.16%"
"Jul 28, 2002","1.5900","1.5852","1.6036","1.5780","0.15%"
"Jul 21, 2002","1.5876","1.5594","1.5892","1.5542","1.83%"
"Jul 14, 2002","1.5590","1.5635","1.5670","1.5495","-0.54%"
"Jul 07, 2002","1.5675","1.5612","1.5751","1.5513","0.11%"
"Jun 30, 2002","1.5657","1.5450","1.5664","1.5364","1.23%"
"Jun 23, 2002","1.5467","1.5423","1.5590","1.5288","0.27%"
"Jun 16, 2002","1.5425","1.5638","1.5716","1.5387","-1.20%"
"Jun 09, 2002","1.5612","1.5464","1.5653","1.5405","0.89%"
"Jun 02, 2002","1.5474","1.5613","1.5659","1.5385","-0.59%"
"May 26, 2002","1.5566","1.5817","1.5861","1.5553","-1.75%"
"May 19, 2002","1.5843","1.5849","1.5909","1.5714","0.06%"
"May 12, 2002","1.5834","1.6016","1.6107","1.5810","-1.14%"
"May 05, 2002","1.6017","1.6023","1.6111","1.5966","-0.02%"
"Apr 28, 2002","1.6020","1.6159","1.6246","1.5989","-0.95%"
"Apr 21, 2002","1.6174","1.6251","1.6350","1.6144","-0.30%"
"Apr 14, 2002","1.6223","1.6333","1.6360","1.6208","-0.70%"
"Apr 07, 2002","1.6337","1.6269","1.6397","1.6257","0.20%"
"Mar 31, 2002","1.6304","1.6345","1.6396","1.6242","-0.32%"
"Mar 24, 2002","1.6356","1.6250","1.6384","1.6209","0.62%"
"Mar 17, 2002","1.6255","1.6143","1.6291","1.6080","0.69%"
"Mar 10, 2002","1.6143","1.6266","1.6278","1.6035","-0.73%"
"Mar 03, 2002","1.6261","1.6394","1.6429","1.6150","-0.83%"
"Feb 24, 2002","1.6397","1.6340","1.6444","1.6278","0.22%"
"Feb 17, 2002","1.6361","1.6386","1.6437","1.6283","-0.15%"
"Feb 10, 2002","1.6386","1.6228","1.6442","1.6171","1.11%"
"Feb 03, 2002","1.6206","1.6402","1.6467","1.6121","-1.44%"
"Jan 27, 2002","1.6442","1.6273","1.6481","1.6250","1.00%"
"Jan 20, 2002","1.6279","1.6255","1.6354","1.6079","0.14%"
"Jan 13, 2002","1.6257","1.6204","1.6344","1.6157","0.13%"
"Jan 06, 2002","1.6236","1.6165","1.6274","1.6057","0.50%"
"Dec 30, 2001","1.6155","1.6398","1.6429","1.5903","-1.57%"
"Dec 23, 2001","1.6412","1.6205","1.6563","1.6160","1.37%"
"Dec 16, 2001","1.6190","1.6073","1.6251","1.6044","0.56%"
"Dec 09, 2001","1.6100","1.6078","1.6179","1.6023","-0.09%"
"Dec 02, 2001","1.6115","1.5893","1.6130","1.5858","1.45%"
"Nov 25, 2001","1.5885","1.6074","1.6116","1.5872","-1.11%"
"Nov 18, 2001","1.6063","1.6145","1.6198","1.5959","-0.49%"
"Nov 11, 2001","1.6142","1.6266","1.6410","1.6108","-0.89%"
"Nov 04, 2001","1.6287","1.6203","1.6361","1.6181","0.51%"
"Oct 28, 2001","1.6205","1.6076","1.6250","1.5998","0.77%"
"Oct 21, 2001","1.6081","1.5949","1.6129","1.5910","0.88%"
"Oct 14, 2001","1.5940","1.5900","1.6088","1.5871","0.00%"
"Oct 07, 2001","1.5940","1.6144","1.6162","1.5857","-1.36%"
"Sep 30, 2001","1.6160","1.6162","1.6237","1.5897","-0.09%"
"Sep 23, 2001","1.6174","1.5937","1.6210","1.5877","1.56%"
"Sep 16, 2001","1.5925","1.5915","1.6033","1.5747","-0.40%"
"Sep 09, 2001","1.5989","1.6099","1.6296","1.5920","-0.74%"
"Sep 02, 2001","1.6109","1.5956","1.6477","1.5949","1.10%"
"Aug 26, 2001","1.5934","1.5786","1.6030","1.5772","1.03%"
"Aug 19, 2001","1.5771","1.5741","1.5919","1.5691","0.15%"
"Aug 12, 2001","1.5747","1.5928","1.5947","1.5696","-1.16%"
"Aug 05, 2001","1.5932","1.6163","1.6237","1.5913","-1.43%"
"Jul 29, 2001","1.6163","1.6230","1.6336","1.6089","-0.37%"
"Jul 22, 2001","1.6223","1.6362","1.6441","1.6180","-1.06%"
"Jul 15, 2001","1.6396","1.6436","1.6476","1.6140","-0.16%"
"Jul 08, 2001","1.6423","1.6651","1.6677","1.6369","-1.39%"
"Jul 01, 2001","1.6654","1.6652","1.6802","1.6519","-0.02%"
"Jun 24, 2001","1.6658","1.6478","1.6703","1.6302","1.05%"
"Jun 17, 2001","1.6485","1.6254","1.6660","1.6235","1.20%"
"Jun 10, 2001","1.6290","1.6251","1.6410","1.6058","0.53%"
"Jun 03, 2001","1.6204","1.6777","1.6795","1.6196","-3.18%"
"May 27, 2001","1.6737","1.6510","1.6805","1.6485","1.32%"
"May 20, 2001","1.6519","1.6350","1.6654","1.6321","1.14%"
"May 13, 2001","1.6333","1.6205","1.6377","1.6087","0.75%"
"May 06, 2001","1.6212","1.6095","1.6235","1.5980","0.56%"
"Apr 29, 2001","1.6122","1.6084","1.6175","1.5973","-0.14%"
"Apr 22, 2001","1.6145","1.5984","1.6155","1.5890","1.02%"
"Apr 15, 2001","1.5982","1.6176","1.6346","1.5934","-1.35%"
"Apr 08, 2001","1.6200","1.5930","1.6267","1.5902","1.72%"
"Apr 01, 2001","1.5926","1.6167","1.6206","1.5817","-1.22%"
"Mar 25, 2001","1.6123","1.6004","1.6320","1.5961","0.73%"
"Mar 18, 2001","1.6006","1.5953","1.6088","1.5747","0.46%"
"Mar 11, 2001","1.5932","1.5724","1.6088","1.5683","1.16%"
"Mar 04, 2001","1.5749","1.5683","1.5858","1.5641","0.08%"
"Feb 25, 2001","1.5737","1.5841","1.5954","1.5578","-0.64%"
"Feb 18, 2001","1.5839","1.5829","1.6037","1.5653","0.15%"
"Feb 11, 2001","1.5816","1.5612","1.6080","1.5565","1.27%"
"Feb 04, 2001","1.5617","1.5711","1.5779","1.5586","-0.56%"
"Jan 28, 2001","1.5705","1.5800","1.5953","1.5536","-0.63%"
"Jan 21, 2001","1.5804","1.5652","1.5914","1.5534","0.87%"
"Jan 14, 2001","1.5667","1.5523","1.5855","1.5502","0.93%"
"Jan 07, 2001","1.5523","1.5690","1.5900","1.5505","-1.04%"
"Dec 31, 2000","1.5686","1.5864","1.6107","1.5643","-1.18%"
"Dec 24, 2000","1.5874","1.5928","1.6121","1.5832","-0.77%"
"Dec 17, 2000","1.5997","1.6467","1.6522","1.5952","-2.90%"
"Dec 10, 2000","1.6474","1.6394","1.6657","1.6276","0.84%"
"Dec 03, 2000","1.6336","1.6394","1.6447","1.6082","-0.52%"
"Nov 26, 2000","1.6422","1.6676","1.6798","1.6257","-1.61%"
"Nov 19, 2000","1.6690","1.6737","1.6837","1.6548","-0.50%"
"Nov 12, 2000","1.6774","1.6539","1.6797","1.6504","1.21%"
"Nov 05, 2000","1.6574","1.6717","1.6778","1.6424","-0.84%"
"Oct 29, 2000","1.6714","1.7291","1.7319","1.6498","-3.57%"
"Oct 22, 2000","1.7333","1.7257","1.7436","1.7045","0.59%"
"Oct 15, 2000","1.7231","1.6957","1.7328","1.6865","1.73%"
"Oct 08, 2000","1.6938","1.6654","1.7124","1.6594","1.72%"
"Oct 01, 2000","1.6652","1.6676","1.6761","1.6562","-0.31%"
"Sep 24, 2000","1.6703","1.6551","1.6804","1.6463","0.72%"
"Sep 17, 2000","1.6583","1.6380","1.6858","1.6313","1.28%"
"Sep 10, 2000","1.6374","1.6342","1.6502","1.6178","0.29%"
"Sep 03, 2000","1.6327","1.6247","1.6624","1.6188","0.34%"
"Aug 27, 2000","1.6271","1.6294","1.6426","1.6175","-0.10%"
"Aug 20, 2000","1.6288","1.6424","1.6615","1.6244","-0.87%"
"Aug 13, 2000","1.6431","1.6611","1.6725","1.6280","-1.29%"
"Aug 06, 2000","1.6645","1.6576","1.6771","1.6438","0.48%"
"Jul 30, 2000","1.6565","1.6252","1.6668","1.6114","1.76%"
"Jul 23, 2000","1.6278","1.6191","1.6319","1.6033","0.52%"
"Jul 16, 2000","1.6194","1.5979","1.6278","1.5907","1.24%"
"Jul 09, 2000","1.5995","1.5950","1.6118","1.5820","0.21%"
"Jul 02, 2000","1.5961","1.5921","1.6000","1.5710","0.21%"
"Jun 25, 2000","1.5928","1.6022","1.6162","1.5745","-0.65%"
"Jun 18, 2000","1.6033","1.5708","1.6174","1.5630","2.06%"
"Jun 11, 2000","1.5709","1.5818","1.5974","1.5574","-0.73%"
"Jun 04, 2000","1.5825","1.5949","1.6076","1.5661","-0.83%"
"May 28, 2000","1.5958","1.5962","1.6143","1.5895","-0.26%"
"May 21, 2000","1.6000","1.6538","1.6590","1.5890","-3.47%"
"May 14, 2000","1.6575","1.6584","1.6770","1.6420","0.48%"
"May 07, 2000","1.6495","1.7049","1.7184","1.6423","-3.22%"
"Apr 30, 2000","1.7043","1.7012","1.7601","1.6912","0.16%"
"Apr 23, 2000","1.7016","1.6796","1.7408","1.6719","1.21%"
"Apr 16, 2000","1.6812","1.6446","1.6904","1.6421","1.86%"
"Apr 09, 2000","1.6505","1.6540","1.6697","1.6432","-0.21%"
"Apr 02, 2000","1.6539","1.6623","1.6780","1.6362","-0.67%"
"Mar 26, 2000","1.6651","1.6299","1.6795","1.6270","2.12%"
"Mar 19, 2000","1.6306","1.6192","1.6443","1.6086","0.71%"
"Mar 12, 2000","1.6191","1.6370","1.6403","1.6151","-1.08%"
"Mar 05, 2000","1.6368","1.6468","1.6578","1.6302","-0.50%"
"Feb 27, 2000","1.6451","1.6337","1.6948","1.6140","0.48%"
"Feb 20, 2000","1.6372","1.6235","1.6381","1.5956","0.84%"
"Feb 13, 2000","1.6235","1.6147","1.6338","1.6012","0.61%"
"Feb 06, 2000","1.6137","1.6167","1.6389","1.6104","-0.38%"
"Jan 30, 2000","1.6199","1.6585","1.6712","1.5942","-2.46%"
"Jan 23, 2000","1.6607","1.6415","1.6684","1.6300","1.61%"
"Jan 16, 2000","1.6344","1.6136","1.6426","1.6103","1.35%"
"Jan 09, 2000","1.6126","1.5916","1.6169","1.5886","1.27%"
"Jan 02, 2000","1.5923","1.6046","1.6099","1.5783","-0.85%"