record_id,month,day,year,site_id,species_id,sex,hindfoot_length,weight
31711,1,21,2001,1,PB,F,26.0,25.0
31712,1,21,2001,1,DM,M,37.0,43.0
31713,1,21,2001,1,PB,M,29.0,44.0
31714,1,21,2001,1,DO,M,34.0,53.0
31715,1,21,2001,2,OT,M,20.0,27.0
31716,1,21,2001,2,RM,M,17.0,11.0
31717,1,21,2001,2,NL,M,33.0,121.0
31718,1,21,2001,2,DM,F,34.0,44.0
31719,1,21,2001,2,PB,M,26.0,42.0
31720,1,21,2001,2,PB,M,27.0,41.0
31721,1,21,2001,2,NL,F,31.0,158.0
31722,1,21,2001,12,DO,M,34.0,54.0
31723,1,21,2001,12,DM,F,37.0,49.0
31724,1,21,2001,12,OT,F,20.0,21.0
31725,1,21,2001,12,DM,M,36.0,43.0
31726,1,21,2001,19,PB,M,26.0,27.0
31727,1,21,2001,19,PB,M,26.0,42.0
31728,1,21,2001,19,PP,M,20.0,11.0
31729,1,21,2001,18,PB,F,26.0,29.0
31730,1,21,2001,17,OT,M,21.0,23.0
31731,1,21,2001,17,DM,M,37.0,49.0
31732,1,21,2001,17,DM,M,36.0,48.0
31733,1,21,2001,17,DM,F,37.0,43.0
31734,1,21,2001,17,DM,F,37.0,41.0
31735,1,21,2001,17,OT,F,20.0,26.0
31736,1,21,2001,17,DM,F,34.0,41.0
31737,1,21,2001,17,OT,M,20.0,20.0
31738,1,21,2001,22,PB,M,28.0,36.0
31739,1,21,2001,22,PB,M,27.0,40.0
31740,1,21,2001,22,PB,F,26.0,32.0
31741,1,21,2001,22,PB,F,26.0,25.0
31742,1,21,2001,21,PB,F,25.0,27.0
31743,1,21,2001,21,PB,F,27.0,30.0
31744,1,21,2001,21,PB,F,25.0,27.0
31745,1,21,2001,21,PB,F,27.0,29.0
31746,1,21,2001,20,PB,F,27.0,29.0
31747,1,21,2001,7,OT,M,20.0,26.0
31748,1,21,2001,7,DO,M,34.0,47.0
31751,1,22,2001,3,PB,M,25.0,40.0
31752,1,22,2001,3,PB,F,25.0,30.0
31753,1,22,2001,3,PB,M,26.0,40.0
31754,1,22,2001,3,OT,M,21.0,25.0
31755,1,22,2001,3,OT,F,21.0,25.0
31756,1,22,2001,3,PB,M,26.0,29.0
31757,1,22,2001,4,PB,M,27.0,36.0
31759,1,22,2001,4,OT,M,20.0,22.0
31760,1,22,2001,4,DM,M,36.0,48.0
31761,1,22,2001,6,OT,M,21.0,24.0
31762,1,22,2001,6,OT,F,20.0,26.0
31763,1,22,2001,6,PM,F,20.0,27.0
31764,1,22,2001,6,PB,F,26.0,29.0
31765,1,22,2001,6,PB,F,25.0,30.0
31766,1,22,2001,6,PB,M,27.0,35.0
31768,1,22,2001,11,DM,M,36.0,45.0
31769,1,22,2001,11,DM,M,37.0,54.0
31770,1,22,2001,11,DM,M,37.0,46.0
31771,1,22,2001,11,DM,F,34.0,41.0
31772,1,22,2001,9,DM,M,35.0,42.0
31773,1,22,2001,9,DM,F,37.0,44.0
31774,1,22,2001,9,DM,M,36.0,48.0
31775,1,22,2001,9,DM,M,36.0,49.0
31777,1,22,2001,13,PB,F,26.0,31.0
31778,1,22,2001,13,PB,F,25.0,36.0
31779,1,22,2001,13,PP,M,21.0,12.0
31780,1,22,2001,14,DM,F,36.0,36.0
31781,1,22,2001,14,DM,F,36.0,41.0
31782,1,22,2001,14,DM,M,37.0,47.0
31783,1,22,2001,14,DM,F,36.0,42.0
31784,1,22,2001,14,DM,F,36.0,40.0
31785,1,22,2001,14,DM,M,36.0,50.0
31786,1,22,2001,15,OT,M,21.0,22.0
31790,3,3,2001,1,PB,M,27.0,36.0
31791,3,3,2001,1,PB,F,24.0,25.0
31792,3,3,2001,2,DM,F,35.0,45.0
31793,3,3,2001,2,PB,M,26.0,41.0
31794,3,3,2001,12,OT,M,21.0,24.0
31795,3,3,2001,19,PB,M,28.0,40.0
31796,3,3,2001,19,RM,F,17.0,16.0
31797,3,3,2001,19,PB,M,27.0,27.0
31798,3,3,2001,18,RM,F,17.0,17.0
31799,3,3,2001,18,PB,M,26.0,40.0
31800,3,3,2001,18,PB,F,27.0,33.0
31802,3,3,2001,17,DM,F,38.0,58.0
31803,3,3,2001,17,RM,M,16.0,8.0
31804,3,3,2001,17,OT,M,21.0,27.0
31805,3,3,2001,17,DM,F,37.0,41.0
31806,3,3,2001,17,DM,F,36.0,40.0
31807,3,3,2001,17,OT,F,20.0,25.0
31808,3,3,2001,22,PB,M,26.0,31.0
31810,3,3,2001,22,PB,M,27.0,43.0
31811,3,3,2001,22,PB,F,26.0,27.0
31812,3,3,2001,22,PB,M,26.0,35.0
31813,3,3,2001,22,PB,M,37.0,41.0
31814,3,3,2001,21,PB,F,26.0,35.0
31816,3,3,2001,20,PB,F,26.0,30.0
31817,3,3,2001,20,NL,M,30.0,109.0
31818,3,3,2001,20,RM,M,17.0,11.0
31822,3,4,2001,4,DM,F,37.0,45.0
31823,3,4,2001,4,PB,M,26.0,39.0
31824,3,4,2001,4,DM,M,37.0,50.0
31826,3,4,2001,6,PB,F,26.0,33.0
31827,3,4,2001,6,PB,M,26.0,40.0
31828,3,4,2001,11,DM,M,36.0,39.0
31829,3,4,2001,11,DM,M,37.0,55.0
31830,3,4,2001,11,PP,M,22.0,14.0
31831,3,4,2001,11,PB,F,26.0,29.0
31832,3,4,2001,9,DM,F,36.0,58.0
31833,3,4,2001,9,DM,M,36.0,50.0
31834,3,4,2001,9,DM,M,37.0,51.0
31835,3,4,2001,9,PP,M,23.0,14.0
31836,3,4,2001,9,DM,M,37.0,50.0
31837,3,4,2001,9,DM,M,38.0,54.0
31838,3,4,2001,9,DM,F,36.0,45.0
31840,3,4,2001,8,DM,M,37.0,52.0
31842,3,4,2001,13,PB,F,25.0,44.0
31843,3,4,2001,13,PB,F,26.0,39.0
31844,3,4,2001,14,DM,M,37.0,53.0
31845,3,4,2001,14,DM,M,38.0,49.0
31846,3,4,2001,14,DM,F,35.0,44.0
31847,3,4,2001,14,DM,F,35.0,44.0
31848,3,4,2001,15,PP,M,22.0,14.0
31849,3,4,2001,15,OT,F,20.0,24.0
31854,3,24,2001,1,PB,F,26.0,29.0
31855,3,24,2001,1,DM,F,35.0,47.0
31856,3,24,2001,1,PP,F,22.0,16.0
31857,3,24,2001,2,PB,M,26.0,40.0
31858,3,24,2001,2,DM,M,37.0,53.0
31859,3,24,2001,2,DM,F,36.0,60.0
31860,3,24,2001,2,DM,M,37.0,47.0
31861,3,24,2001,2,DM,M,37.0,48.0
31862,3,24,2001,2,NL,F,32.0,252.0
31863,3,24,2001,12,PP,M,22.0,20.0
31864,3,24,2001,12,OT,M,20.0,24.0
31865,3,24,2001,12,DM,F,37.0,58.0
31867,3,24,2001,12,NL,F,32.0,207.0
31869,3,24,2001,19,PB,M,26.0,46.0
31870,3,24,2001,18,RM,F,17.0,15.0
31871,3,24,2001,17,DM,F,37.0,55.0
31872,3,24,2001,17,OT,F,22.0,26.0
31874,3,24,2001,17,DM,F,37.0,48.0
31875,3,24,2001,17,DM,M,38.0,48.0
31876,3,24,2001,17,PP,M,16.0,13.0
31877,3,24,2001,17,DM,M,38.0,45.0
31878,3,24,2001,17,DM,F,38.0,56.0
31879,3,24,2001,17,DM,F,35.0,45.0
31881,3,24,2001,22,PB,F,27.0,40.0
31882,3,24,2001,21,PB,M,27.0,34.0
31883,3,24,2001,21,PB,F,25.0,36.0
31884,3,24,2001,21,PB,F,28.0,48.0
31885,3,24,2001,21,PB,F,26.0,37.0
31886,3,24,2001,20,PP,M,22.0,21.0
31888,3,25,2001,3,PB,M,26.0,34.0
31889,3,25,2001,3,PB,F,27.0,36.0
31890,3,25,2001,3,PB,M,27.0,44.0
31891,3,25,2001,4,PF,M,17.0,8.0
31892,3,25,2001,4,OT,F,21.0,29.0
31893,3,25,2001,4,PB,M,27.0,49.0
31894,3,25,2001,4,DM,M,38.0,51.0
31895,3,25,2001,4,PB,M,26.0,42.0
31896,3,25,2001,4,OT,F,21.0,30.0
31897,3,25,2001,11,PB,M,27.0,37.0
31898,3,25,2001,11,DM,F,36.0,51.0
31899,3,25,2001,11,DM,M,37.0,53.0
31900,3,25,2001,9,OT,M,21.0,29.0
31902,3,25,2001,9,DM,F,37.0,47.0
31903,3,25,2001,9,DM,M,37.0,51.0
31904,3,25,2001,9,DM,M,36.0,52.0
31905,3,25,2001,9,DM,M,36.0,51.0
31906,3,25,2001,8,OT,F,22.0,32.0
31907,3,25,2001,8,PP,M,22.0,15.0
31908,3,25,2001,8,PP,M,22.0,21.0
31909,3,25,2001,8,PP,M,22.0,21.0
31910,3,25,2001,8,PP,M,20.0,16.0
31911,3,25,2001,8,PM,F,20.0,22.0
31912,3,25,2001,8,PP,F,22.0,16.0
31913,3,25,2001,8,PP,M,22.0,20.0
31914,3,25,2001,13,PB,F,25.0,39.0
31915,3,25,2001,13,PB,M,26.0,44.0
31916,3,25,2001,13,PP,M,22.0,13.0
31917,3,25,2001,13,PP,M,21.0,16.0
31918,3,25,2001,14,DM,M,38.0,50.0
31919,3,25,2001,14,DM,M,36.0,48.0
31921,3,25,2001,14,PP,M,22.0,21.0
31922,3,25,2001,14,DM,F,35.0,54.0
31923,3,25,2001,14,PP,M,23.0,22.0
31924,3,25,2001,14,DM,M,35.0,54.0
31925,3,25,2001,14,PP,M,22.0,20.0
31926,3,25,2001,14,PP,F,23.0,16.0
31927,3,25,2001,14,DM,F,35.0,59.0
31928,3,25,2001,15,PP,M,23.0,19.0
31929,3,25,2001,15,PP,F,22.0,13.0
31930,3,25,2001,15,OT,F,20.0,42.0
31936,4,21,2001,1,PP,F,22.0,26.0
31937,4,21,2001,1,PB,F,25.0,30.0
31938,4,21,2001,1,PP,M,21.0,19.0
31939,4,21,2001,1,DM,M,36.0,49.0
31941,4,21,2001,1,PB,M,25.0,24.0
31942,4,21,2001,1,PP,M,22.0,22.0
31943,4,21,2001,1,DO,F,37.0,68.0
31944,4,21,2001,2,PP,F,22.0,21.0
31945,4,21,2001,2,DM,F,35.0,47.0
31946,4,21,2001,2,NL,F,33.0,145.0
31947,4,21,2001,2,PP,M,22.0,24.0
31948,4,21,2001,2,DM,M,37.0,52.0
31949,4,21,2001,12,PP,M,22.0,21.0
31950,4,21,2001,12,DO,M,34.0,54.0
31951,4,21,2001,12,PP,F,22.0,24.0
31952,4,21,2001,12,DO,F,34.0,60.0
31953,4,21,2001,12,PP,F,21.0,23.0
31954,4,21,2001,12,DM,F,37.0,57.0
31956,4,21,2001,24,DO,F,36.0,76.0
31957,4,21,2001,24,PP,F,21.0,16.0
31958,4,21,2001,24,PE,F,20.0,22.0
31959,4,21,2001,19,PB,M,27.0,50.0
31960,4,21,2001,18,PB,M,27.0,50.0
31961,4,21,2001,18,PB,F,25.0,17.0
31962,4,21,2001,17,DM,F,37.0,50.0
31963,4,21,2001,17,PP,M,22.0,18.0
31964,4,21,2001,17,PP,F,22.0,20.0
31965,4,21,2001,17,DM,M,36.0,49.0
31966,4,21,2001,17,DM,M,36.0,49.0
31968,4,21,2001,17,DM,M,36.0,37.0
31969,4,21,2001,17,OT,M,21.0,28.0
31970,4,21,2001,17,DM,F,36.0,50.0
31971,4,21,2001,17,DM,M,35.0,50.0
31972,4,21,2001,17,DM,M,37.0,50.0
31973,4,21,2001,20,PB,M,26.0,39.0
31974,4,21,2001,20,PB,F,25.0,37.0
31976,4,21,2001,20,PB,M,26.0,38.0
31977,4,21,2001,20,NL,F,33.0,218.0
31978,4,21,2001,21,PB,M,27.0,35.0
31979,4,21,2001,21,PB,F,25.0,54.0
31980,4,21,2001,21,PB,M,26.0,34.0
31981,4,21,2001,21,PB,M,26.0,37.0
31982,4,21,2001,21,PB,F,27.0,37.0
31983,4,21,2001,21,PB,F,27.0,35.0
31984,4,21,2001,22,PF,F,15.0,7.0
31985,4,21,2001,22,PB,F,26.0,33.0
31986,4,21,2001,22,PB,F,27.0,35.0
31987,4,21,2001,22,DM,M,37.0,53.0
31988,4,21,2001,7,OT,F,21.0,27.0
31991,4,22,2001,3,PB,F,27.0,40.0
31992,4,22,2001,3,PB,M,24.0,34.0
31993,4,22,2001,4,OT,F,20.0,32.0
31994,4,22,2001,4,DM,M,37.0,53.0
31995,4,22,2001,4,DM,F,36.0,55.0
31996,4,22,2001,6,PB,M,25.0,39.0
31997,4,22,2001,6,PP,M,21.0,23.0
31998,4,22,2001,6,PB,M,26.0,46.0
31999,4,22,2001,6,PP,F,21.0,20.0
32000,4,22,2001,6,PP,M,22.0,22.0
32001,4,22,2001,6,PB,F,26.0,49.0
32002,4,22,2001,6,SH,F,29.0,132.0
32003,4,22,2001,11,DM,F,35.0,49.0
32004,4,22,2001,11,OT,F,20.0,26.0
32005,4,22,2001,11,DM,F,36.0,49.0
32006,4,22,2001,11,OT,F,20.0,14.0
32007,4,22,2001,9,PP,M,22.0,18.0
32010,4,22,2001,9,PP,M,22.0,17.0
32011,4,22,2001,9,DM,M,37.0,52.0
32012,4,22,2001,9,PP,M,23.0,21.0
32013,4,22,2001,9,DM,F,37.0,47.0
32014,4,22,2001,9,DM,F,37.0,53.0
32015,4,22,2001,8,DO,M,34.0,59.0
32016,4,22,2001,8,DO,F,36.0,59.0
32017,4,22,2001,8,PP,F,22.0,19.0
32018,4,22,2001,14,DM,M,36.0,53.0
32019,4,22,2001,14,DM,M,37.0,49.0
32020,4,22,2001,14,PF,F,15.0,7.0
32021,4,22,2001,14,DM,M,36.0,56.0
32022,4,22,2001,14,DM,F,34.0,46.0
32023,4,22,2001,14,DO,F,35.0,52.0
32024,4,22,2001,14,PM,F,20.0,31.0
32025,4,22,2001,14,DM,F,35.0,55.0
32026,4,22,2001,15,OT,M,21.0,29.0
32027,4,22,2001,15,PP,M,22.0,20.0
32028,4,22,2001,15,PP,M,21.0,18.0
32029,4,22,2001,15,PF,F,16.0,9.0
32030,4,22,2001,15,PP,M,22.0,23.0
32031,4,22,2001,15,PP,M,22.0,22.0
32032,4,22,2001,16,PP,F,21.0,21.0
32035,5,26,2001,1,PP,F,22.0,21.0
32036,5,26,2001,1,PP,F,23.0,29.0
32037,5,26,2001,1,NL,M,31.0,94.0
32038,5,26,2001,1,DO,M,34.0,55.0
32039,5,26,2001,1,PB,M,27.0,31.0
32040,5,26,2001,1,DM,M,36.0,48.0
32041,5,26,2001,1,PP,M,21.0,20.0
32042,5,26,2001,1,DO,F,37.0,68.0
32044,5,26,2001,2,SH,M,30.0,79.0
32045,5,26,2001,2,NL,M,32.0,135.0
32046,5,26,2001,12,PP,M,22.0,17.0
32047,5,26,2001,12,DO,M,34.0,49.0
32048,5,26,2001,12,DO,F,34.0,27.0
32049,5,26,2001,12,DM,M,36.0,48.0
32050,5,26,2001,12,PE,M,21.0,20.0
32051,5,26,2001,12,NL,F,30.0,204.0
32052,5,26,2001,19,PB,F,26.0,27.0
32053,5,26,2001,19,PB,M,27.0,36.0
32054,5,26,2001,22,PB,M,27.0,30.0
32055,5,26,2001,22,PB,F,26.0,33.0
32057,5,26,2001,22,PB,M,27.0,40.0
32058,5,26,2001,22,PB,F,27.0,31.0
32060,5,26,2001,18,PE,M,20.0,23.0
32061,5,26,2001,18,PB,F,27.0,31.0
32062,5,26,2001,17,PB,M,27.0,29.0
32063,5,26,2001,17,DM,M,36.0,52.0
32064,5,26,2001,17,DM,M,36.0,48.0
32066,5,26,2001,17,DM,M,37.0,46.0
32067,5,26,2001,17,DM,F,36.0,41.0
32068,5,26,2001,17,DM,M,35.0,47.0
32069,5,26,2001,17,PP,F,22.0,19.0
32070,5,26,2001,17,DM,F,37.0,47.0
32071,5,26,2001,17,DM,M,37.0,49.0
32072,5,26,2001,17,NL,M,32.0,127.0
32073,5,26,2001,21,PB,F,26.0,44.0
32074,5,26,2001,21,PB,M,28.0,31.0
32075,5,26,2001,21,PB,F,26.0,39.0
32076,5,26,2001,20,PB,F,27.0,35.0
32077,5,26,2001,20,NL,M,31.0,115.0
32078,5,26,2001,20,PB,M,26.0,25.0
32079,5,26,2001,20,PB,F,27.0,32.0
32080,5,26,2001,20,NL,F,32.0,205.0
32082,5,26,2001,20,NL,F,33.0,200.0
32083,5,26,2001,24,NL,F,29.0,146.0
32084,5,26,2001,24,DO,M,27.0,51.0
32085,5,26,2001,7,PB,F,22.0,37.0
32088,5,27,2001,3,OT,F,21.0,25.0
32089,5,27,2001,3,OT,F,21.0,35.0
32090,5,27,2001,3,PB,M,28.0,30.0
32092,5,27,2001,4,PF,M,16.0,8.0
32093,5,27,2001,4,DM,F,37.0,51.0
32094,5,27,2001,4,DM,M,37.0,52.0
32095,5,27,2001,4,DM,F,36.0,36.0
32096,5,27,2001,4,DM,F,35.0,49.0
32097,5,27,2001,4,PB,M,26.0,39.0
32098,5,27,2001,4,PP,M,22.0,18.0
32099,5,27,2001,6,SH,F,30.0,86.0
32100,5,27,2001,6,PB,F,26.0,33.0
32101,5,27,2001,6,SH,F,29.0,123.0
32102,5,27,2001,6,PB,M,26.0,18.0
32103,5,27,2001,6,PB,M,26.0,40.0
32104,5,27,2001,6,OT,F,20.0,34.0
32105,5,27,2001,6,PB,F,26.0,44.0
32106,5,27,2001,6,OT,F,20.0,14.0
32107,5,27,2001,11,DM,M,37.0,55.0
32109,5,27,2001,11,DM,F,34.0,48.0
32110,5,27,2001,11,PP,M,23.0,13.0
32111,5,27,2001,11,DM,M,38.0,50.0
32112,5,27,2001,11,DM,F,36.0,48.0
32113,5,27,2001,9,PP,M,21.0,16.0
32114,5,27,2001,9,DM,F,36.0,52.0
32115,5,27,2001,9,PP,F,23.0,18.0
32116,5,27,2001,9,DM,M,36.0,50.0
32117,5,27,2001,9,DM,M,36.0,50.0
32118,5,27,2001,9,DM,F,35.0,40.0
32119,5,27,2001,9,DM,M,35.0,49.0
32120,5,27,2001,8,PB,F,25.0,34.0
32121,5,27,2001,8,PB,M,27.0,40.0
32122,5,27,2001,8,PP,F,23.0,20.0
32123,5,27,2001,8,DO,F,36.0,59.0
32124,5,27,2001,8,PB,M,27.0,34.0
32125,5,27,2001,8,OT,F,21.0,32.0
32126,5,27,2001,8,OT,M,20.0,31.0
32127,5,27,2001,8,PP,M,22.0,17.0
32128,5,27,2001,8,PP,F,21.0,21.0
32129,5,27,2001,13,PB,M,27.0,26.0
32130,5,27,2001,13,PB,M,27.0,29.0
32131,5,27,2001,14,DM,M,35.0,25.0
32132,5,27,2001,14,DO,M,35.0,56.0
32134,5,27,2001,14,DM,F,36.0,58.0
32135,5,27,2001,14,DM,F,35.0,47.0
32136,5,27,2001,14,DM,F,35.0,50.0
32137,5,27,2001,14,PP,M,21.0,19.0
32138,5,27,2001,14,DM,F,36.0,36.0
32139,5,27,2001,14,DM,M,35.0,55.0
32140,5,27,2001,14,DM,M,37.0,46.0
32141,5,27,2001,14,DM,F,34.0,41.0
32142,5,27,2001,14,PP,M,23.0,13.0
32143,5,27,2001,14,NL,M,30.0,80.0
32144,5,27,2001,15,PB,M,26.0,40.0
32145,5,27,2001,15,PP,F,21.0,19.0
32147,5,27,2001,15,PP,F,22.0,21.0
32148,5,27,2001,15,PF,F,16.0,8.0
32149,5,27,2001,5,PE,M,20.0,19.0
32152,6,25,2001,1,PB,M,26.0,38.0
32153,6,25,2001,1,PB,F,26.0,29.0
32154,6,25,2001,1,DO,F,36.0,54.0
32155,6,25,2001,1,PP,M,22.0,12.0
32156,6,25,2001,1,PP,M,22.0,20.0
32157,6,25,2001,1,PP,F,22.0,21.0
32158,6,25,2001,1,DO,M,35.0,26.0
32159,6,25,2001,1,PP,F,22.0,25.0
32160,6,25,2001,1,PB,M,26.0,39.0
32161,6,25,2001,1,NL,F,28.0,159.0
32162,6,25,2001,2,PP,M,22.0,22.0
32163,6,25,2001,2,PP,M,23.0,16.0
32164,6,25,2001,2,PP,M,22.0,17.0
32166,6,25,2001,2,PB,M,27.0,36.0
32167,6,25,2001,2,NL,F,30.0,173.0
32169,6,25,2001,12,PP,M,22.0,24.0
32170,6,25,2001,12,DM,F,36.0,30.0
32171,6,25,2001,12,DO,M,36.0,43.0
32172,6,25,2001,12,PP,F,22.0,19.0
32173,6,25,2001,12,DO,F,35.0,53.0
32174,6,25,2001,12,DM,M,36.0,48.0
32176,6,25,2001,12,DM,F,34.0,33.0
32177,6,25,2001,12,PP,F,22.0,19.0
32178,6,25,2001,12,PP,F,22.0,15.0
32179,6,25,2001,12,NL,F,31.0,221.0
32180,6,25,2001,19,PB,M,27.0,40.0
32181,6,25,2001,18,PB,F,27.0,22.0
32182,6,25,2001,18,PB,M,28.0,42.0
32183,6,25,2001,18,PB,F,22.0,42.0
32184,6,25,2001,18,PF,F,15.0,7.0
32185,6,25,2001,18,PB,M,26.0,34.0
32186,6,25,2001,18,PB,F,25.0,18.0
32188,6,25,2001,17,PP,F,23.0,18.0
32189,6,25,2001,17,DM,M,36.0,29.0
32190,6,25,2001,17,PP,F,21.0,10.0
32191,6,25,2001,17,DM,F,36.0,51.0
32192,6,25,2001,17,DM,M,35.0,47.0
32193,6,25,2001,17,DM,M,37.0,40.0
32194,6,25,2001,17,PB,M,27.0,37.0
32195,6,25,2001,17,DM,M,37.0,46.0
32196,6,25,2001,17,DM,F,35.0,43.0
32197,6,25,2001,17,DM,M,37.0,50.0
32198,6,25,2001,17,DM,M,37.0,50.0
32199,6,25,2001,17,DM,M,37.0,30.0
32200,6,25,2001,17,DM,F,37.0,46.0
32201,6,25,2001,22,PB,M,27.0,26.0
32202,6,25,2001,22,PB,M,28.0,41.0
32204,6,25,2001,22,PB,F,26.0,33.0
32205,6,25,2001,22,PB,M,27.0,32.0
32206,6,25,2001,22,DM,M,38.0,56.0
32207,6,25,2001,22,PP,F,22.0,17.0
32208,6,25,2001,21,PB,F,26.0,39.0
32209,6,25,2001,21,PB,M,27.0,24.0
32211,6,25,2001,21,PB,M,27.0,34.0
32212,6,25,2001,21,PB,F,26.0,26.0
32213,6,25,2001,21,PB,F,26.0,41.0
32214,6,25,2001,21,PB,M,26.0,19.0
32215,6,25,2001,20,PB,M,26.0,20.0
32216,6,25,2001,20,PB,F,27.0,37.0
32217,6,25,2001,20,PB,M,27.0,29.0
32218,6,25,2001,20,PF,F,16.0,8.0
32219,6,25,2001,20,PP,M,22.0,16.0
32220,6,25,2001,20,PB,M,26.0,19.0
32221,6,25,2001,20,PB,F,26.0,17.0
32222,6,25,2001,20,PE,M,20.0,12.0
32223,6,25,2001,20,PP,F,22.0,20.0
32224,6,25,2001,20,NL,F,35.0,168.0
32225,6,25,2001,23,PF,M,16.0,7.0
32228,6,25,2001,24,PE,M,19.0,17.0
32229,6,25,2001,24,PP,F,22.0,18.0
32254,7,22,2001,3,PB,M,28.0,37.0
32255,7,22,2001,3,PB,M,26.0,32.0
32256,7,22,2001,3,PP,F,22.0,17.0
32257,7,22,2001,3,PB,M,26.0,20.0
32258,7,22,2001,3,PB,F,26.0,21.0
32259,7,22,2001,3,PB,M,27.0,37.0
32260,7,22,2001,3,PB,M,26.0,39.0
32261,7,22,2001,3,PB,M,26.0,33.0
32262,7,22,2001,3,PB,F,27.0,27.0
32263,7,22,2001,3,OT,M,21.0,31.0
32264,7,22,2001,3,PP,M,22.0,13.0
32265,7,22,2001,3,PB,F,26.0,30.0
32266,7,22,2001,3,PP,F,22.0,15.0
32267,7,22,2001,4,DM,F,35.0,49.0
32268,7,22,2001,4,PF,F,15.0,9.0
32269,7,22,2001,4,PB,M,28.0,29.0
32270,7,22,2001,4,PB,M,26.0,22.0
32271,7,22,2001,4,PP,F,23.0,17.0
32272,7,22,2001,4,PP,F,22.0,19.0
32273,7,22,2001,4,PP,M,23.0,18.0
32274,7,22,2001,4,PP,F,23.0,18.0
32275,7,22,2001,4,PF,F,16.0,9.0
32276,7,22,2001,6,PB,F,25.0,34.0
32277,7,22,2001,6,PB,F,26.0,25.0
32278,7,22,2001,6,PP,F,22.0,16.0
32279,7,22,2001,6,PB,F,26.0,29.0
32280,7,22,2001,6,PP,M,22.0,15.0
32281,7,22,2001,6,PB,M,26.0,31.0
32282,7,22,2001,6,PP,F,22.0,21.0
32283,7,22,2001,6,SH,M,24.0,28.0
32284,7,22,2001,6,PB,F,25.0,24.0
32285,7,22,2001,6,PB,F,26.0,19.0
32286,7,22,2001,6,PB,F,26.0,29.0
32287,7,22,2001,6,PP,F,23.0,17.0
32288,7,22,2001,6,PP,F,21.0,17.0
32289,7,22,2001,11,PB,M,27.0,26.0
32290,7,22,2001,11,PP,F,22.0,25.0
32292,7,22,2001,11,DM,F,34.0,47.0
32293,7,22,2001,11,DM,M,37.0,42.0
32294,7,22,2001,11,PP,F,23.0,18.0
32295,7,22,2001,11,DM,F,35.0,59.0
32296,7,22,2001,11,PP,M,23.0,17.0
32297,7,22,2001,11,OT,M,21.0,27.0
32298,7,22,2001,9,DM,M,37.0,49.0
32299,7,22,2001,9,DM,F,36.0,48.0
32301,7,22,2001,9,PP,F,22.0,11.0
32302,7,22,2001,9,DM,F,36.0,43.0
32304,7,22,2001,9,DM,F,33.0,25.0
32305,7,22,2001,9,DM,F,35.0,42.0
32306,7,22,2001,9,DM,F,34.0,25.0
32307,7,22,2001,8,PP,F,22.0,21.0
32308,7,22,2001,8,PP,F,22.0,19.0
32310,7,22,2001,8,PB,F,26.0,27.0
32311,7,22,2001,8,PP,M,22.0,16.0
32312,7,22,2001,8,DO,M,36.0,53.0
32313,7,22,2001,8,PB,M,28.0,22.0
32314,7,22,2001,8,PP,M,22.0,13.0
32315,7,22,2001,8,PP,M,21.0,9.0
32316,7,22,2001,8,PP,F,23.0,17.0
32317,7,22,2001,8,DO,M,36.0,46.0
32318,7,22,2001,8,PB,F,25.0,21.0
32319,7,22,2001,8,DO,F,36.0,61.0
32322,7,22,2001,8,PP,F,22.0,15.0
32323,7,22,2001,8,PB,F,27.0,23.0
32324,7,22,2001,8,PB,F,25.0,33.0
32325,7,22,2001,8,OT,F,22.0,27.0
32326,7,22,2001,13,PB,F,26.0,27.0
32327,7,22,2001,13,PB,M,27.0,39.0
32329,7,22,2001,13,PB,M,26.0,43.0
32330,7,22,2001,13,PP,F,22.0,20.0
32331,7,22,2001,13,PB,M,27.0,33.0
32332,7,22,2001,13,PB,M,28.0,43.0
32333,7,22,2001,13,PP,M,22.0,13.0
32334,7,22,2001,14,DM,F,35.0,25.0
32335,7,22,2001,14,DM,F,35.0,47.0
32336,7,22,2001,14,DM,M,37.0,47.0
32337,7,22,2001,14,DM,F,35.0,54.0
32338,7,22,2001,14,DO,M,38.0,45.0
32341,7,22,2001,14,PP,M,22.0,18.0
32342,7,22,2001,14,DM,F,36.0,48.0
32343,7,22,2001,14,PP,M,22.0,16.0
32344,7,22,2001,14,PP,M,23.0,13.0
32345,7,22,2001,14,PB,M,24.0,14.0
32346,7,22,2001,14,OT,F,20.0,35.0
32347,7,22,2001,15,PP,F,21.0,20.0
32348,7,22,2001,15,PB,M,26.0,29.0
32349,7,22,2001,15,PP,M,22.0,17.0
32350,7,22,2001,15,PP,F,23.0,20.0
32351,7,22,2001,15,PP,M,22.0,17.0
32352,7,22,2001,15,PB,F,27.0,30.0
32353,7,22,2001,15,PP,F,21.0,21.0
32354,7,22,2001,15,PP,F,22.0,21.0
32356,7,22,2001,15,NL,F,26.0,146.0
32357,7,22,2001,15,PP,F,22.0,16.0
32358,7,22,2001,16,PP,M,23.0,16.0
32359,7,22,2001,16,PP,M,23.0,18.0
32360,7,22,2001,16,PE,M,20.0,18.0
32363,8,25,2001,1,PP,M,22.0,16.0
32364,8,25,2001,1,PB,F,26.0,40.0
32365,8,25,2001,1,PP,F,22.0,20.0
32366,8,25,2001,1,PB,M,27.0,42.0
32367,8,25,2001,1,PB,M,26.0,33.0
32368,8,25,2001,1,DO,F,36.0,50.0
32369,8,25,2001,1,PB,F,26.0,34.0
32370,8,25,2001,1,PB,M,26.0,20.0
32371,8,25,2001,1,PP,M,23.0,16.0
32372,8,25,2001,1,PP,M,22.0,14.0
32373,8,25,2001,1,DM,M,33.0,39.0
32374,8,25,2001,1,DO,F,36.0,54.0
32375,8,25,2001,1,PP,M,23.0,17.0
32376,8,25,2001,1,DO,M,37.0,57.0
32378,8,25,2001,2,PP,M,23.0,19.0
32379,8,25,2001,2,PP,F,22.0,17.0
32380,8,25,2001,2,DM,F,36.0,49.0
32382,8,25,2001,2,PB,F,26.0,32.0
32383,8,25,2001,2,OT,M,20.0,25.0
32384,8,25,2001,2,OT,M,21.0,23.0
32385,8,25,2001,2,OT,F,21.0,31.0
32386,8,25,2001,2,DM,M,36.0,46.0
32387,8,25,2001,2,PP,M,22.0,18.0
32389,8,25,2001,2,OT,M,21.0,26.0
32390,8,25,2001,2,OT,F,21.0,23.0
32391,8,25,2001,2,NL,F,33.0,193.0
32392,8,25,2001,12,OT,M,20.0,25.0
32393,8,25,2001,12,PP,F,23.0,19.0
32394,8,25,2001,12,DM,F,35.0,50.0
32395,8,25,2001,12,PP,M,23.0,25.0
32396,8,25,2001,12,DO,M,36.0,58.0
32397,8,25,2001,12,PP,F,23.0,19.0
32398,8,25,2001,12,PP,F,23.0,41.0
32399,8,25,2001,12,DM,M,36.0,47.0
32400,8,25,2001,12,OT,M,21.0,20.0
32401,8,25,2001,12,DO,M,37.0,57.0
32402,8,25,2001,12,PP,F,22.0,16.0
32403,8,25,2001,12,PP,M,21.0,17.0
32404,8,25,2001,24,NL,M,33.0,195.0
32405,8,25,2001,24,NL,M,34.0,171.0
32408,8,25,2001,19,PB,F,26.0,31.0
32409,8,25,2001,19,PP,M,23.0,20.0
32410,8,25,2001,19,PP,M,23.0,19.0
32411,8,25,2001,19,PB,F,26.0,28.0
32412,8,25,2001,19,PP,F,23.0,17.0
32413,8,25,2001,19,PF,F,15.0,9.0
32414,8,25,2001,19,PB,F,26.0,30.0
32415,8,25,2001,18,PB,F,26.0,26.0
32416,8,25,2001,18,PB,F,25.0,30.0
32417,8,25,2001,18,PB,M,28.0,44.0
32418,8,25,2001,18,PB,F,26.0,30.0
32419,8,25,2001,18,PF,F,16.0,11.0
32420,8,25,2001,17,PP,M,21.0,16.0
32421,8,25,2001,17,PB,M,26.0,34.0
32422,8,25,2001,17,DM,M,36.0,41.0
32423,8,25,2001,17,PP,F,22.0,20.0
32424,8,25,2001,17,DM,F,36.0,50.0
32425,8,25,2001,17,PF,F,15.0,16.0
32426,8,25,2001,17,PP,M,22.0,15.0
32427,8,25,2001,17,DM,M,36.0,49.0
32428,8,25,2001,17,PB,M,27.0,35.0
32430,8,25,2001,17,PB,F,21.0,26.0
32431,8,25,2001,17,DM,M,36.0,44.0
32432,8,25,2001,17,PB,M,29.0,42.0
32433,8,25,2001,22,DM,M,37.0,43.0
32434,8,25,2001,22,PB,F,26.0,30.0
32435,8,25,2001,22,PB,F,27.0,31.0
32436,8,25,2001,22,PB,M,27.0,44.0
32437,8,25,2001,22,PP,M,23.0,18.0
32438,8,25,2001,22,PB,F,27.0,27.0
32439,8,25,2001,22,PP,M,25.0,20.0
32440,8,25,2001,22,PB,M,26.0,28.0
32441,8,25,2001,22,OT,F,21.0,21.0
32442,8,25,2001,22,PB,F,26.0,31.0
32443,8,25,2001,23,PE,F,24.0,24.0
32444,8,25,2001,23,PE,M,20.0,22.0
32445,8,25,2001,21,PB,F,26.0,28.0
32446,8,25,2001,21,PB,F,27.0,31.0
32447,8,25,2001,21,PB,F,27.0,30.0
32448,8,25,2001,21,PB,M,27.0,36.0
32449,8,25,2001,21,PB,F,27.0,39.0
32450,8,25,2001,21,PB,F,26.0,33.0
32451,8,25,2001,21,PB,F,26.0,23.0
32452,8,25,2001,21,PB,F,27.0,32.0
32453,8,25,2001,21,PB,F,26.0,37.0
32455,8,25,2001,21,PB,F,26.0,36.0
32456,8,25,2001,21,PB,F,27.0,31.0
32457,8,25,2001,21,PB,M,27.0,37.0
32459,8,25,2001,20,PB,F,26.0,29.0
32460,8,25,2001,20,PB,F,26.0,33.0
32461,8,25,2001,20,OT,F,21.0,20.0
32462,8,25,2001,20,PP,F,23.0,20.0
32463,8,25,2001,20,PP,F,22.0,17.0
32464,8,25,2001,20,PB,M,28.0,38.0
32465,8,25,2001,20,PB,M,27.0,33.0
32466,8,25,2001,20,PB,M,28.0,36.0
32467,8,25,2001,20,PB,F,26.0,35.0
32468,8,25,2001,20,PP,F,22.0,21.0
32469,8,25,2001,20,PP,F,22.0,18.0
32471,8,25,2001,20,PP,M,22.0,18.0
32472,8,25,2001,20,PB,F,27.0,27.0
32474,8,25,2001,7,PP,F,23.0,19.0
32475,8,25,2001,7,PP,M,23.0,16.0
32476,8,25,2001,7,PP,F,22.0,22.0
32477,8,25,2001,7,PB,M,28.0,32.0
32479,8,26,2001,3,PP,F,22.0,15.0
32480,8,26,2001,3,PP,F,22.0,15.0
32482,8,26,2001,3,PB,M,26.0,40.0
32484,8,26,2001,3,PB,M,27.0,33.0
32485,8,26,2001,3,PB,M,26.0,34.0
32486,8,26,2001,3,OT,M,20.0,24.0
32487,8,26,2001,3,PB,M,28.0,42.0
32488,8,26,2001,3,PB,F,25.0,28.0
32489,8,26,2001,3,PB,M,27.0,42.0
32490,8,26,2001,4,DM,F,38.0,51.0
32491,8,26,2001,4,PB,M,27.0,37.0
32492,8,26,2001,4,PP,M,23.0,21.0
32493,8,26,2001,4,PB,M,28.0,40.0
32494,8,26,2001,4,DM,F,36.0,48.0
32495,8,26,2001,4,PB,M,24.0,20.0
32496,8,26,2001,4,PP,F,22.0,18.0
32497,8,26,2001,4,PF,F,16.0,8.0
32498,8,26,2001,4,PP,M,22.0,16.0
32499,8,26,2001,6,PB,F,26.0,28.0
32500,8,26,2001,6,PB,F,26.0,28.0
32501,8,26,2001,6,PB,F,26.0,27.0
32502,8,26,2001,6,PP,F,22.0,17.0
32503,8,26,2001,6,PB,F,26.0,30.0
32504,8,26,2001,6,PB,M,26.0,24.0
32505,8,26,2001,6,PB,F,26.0,37.0
32506,8,26,2001,6,PP,F,22.0,17.0
32507,8,26,2001,6,OT,M,20.0,20.0
32508,8,26,2001,6,PB,F,26.0,24.0
32509,8,26,2001,6,PB,M,27.0,31.0
32510,8,26,2001,6,PB,F,26.0,29.0
32511,8,26,2001,6,PP,F,22.0,20.0
32512,8,26,2001,6,PP,F,22.0,16.0
32513,8,26,2001,6,OT,M,20.0,21.0
32514,8,26,2001,6,PP,F,22.0,15.0
32515,8,26,2001,6,PB,M,26.0,23.0
32516,8,26,2001,6,PB,M,27.0,28.0
32517,8,26,2001,11,PB,F,26.0,21.0
32518,8,26,2001,11,PB,M,27.0,31.0
32519,8,26,2001,11,PP,F,22.0,16.0
32520,8,26,2001,11,DM,M,37.0,49.0
32521,8,26,2001,11,DM,M,35.0,28.0
32522,8,26,2001,11,PB,M,25.0,18.0
32523,8,26,2001,11,PP,F,22.0,18.0
32524,8,26,2001,11,DM,F,37.0,44.0
32525,8,26,2001,11,DM,M,35.0,46.0
32526,8,26,2001,11,OT,F,21.0,24.0
32527,8,26,2001,11,OT,M,20.0,27.0
32528,8,26,2001,11,PB,F,28.0,30.0
32529,8,26,2001,11,PE,M,19.0,18.0
32530,8,26,2001,11,OT,M,20.0,20.0
32531,8,26,2001,11,DM,M,36.0,50.0
32532,8,26,2001,9,DM,M,36.0,45.0
32533,8,26,2001,9,DM,F,36.0,49.0
32534,8,26,2001,9,DM,F,35.0,41.0
32535,8,26,2001,9,DM,F,35.0,44.0
32536,8,26,2001,9,PP,F,22.0,17.0
32537,8,26,2001,9,PP,F,23.0,15.0
32538,8,26,2001,9,DM,M,35.0,24.0
32539,8,26,2001,9,OT,M,21.0,25.0
32540,8,26,2001,8,PP,M,21.0,13.0
32541,8,26,2001,8,OT,F,20.0,30.0
32542,8,26,2001,8,PB,F,27.0,32.0
32543,8,26,2001,8,PP,F,22.0,21.0
32544,8,26,2001,8,DO,M,35.0,59.0
32545,8,26,2001,8,OT,M,21.0,19.0
32546,8,26,2001,8,PB,F,26.0,25.0
32547,8,26,2001,8,OT,M,21.0,22.0
32548,8,26,2001,8,PP,F,22.0,18.0
32549,8,26,2001,8,PP,M,22.0,19.0
32550,8,26,2001,8,PB,F,27.0,30.0
32551,8,26,2001,8,PP,M,21.0,15.0
32552,8,26,2001,8,PP,M,21.0,16.0
32553,8,26,2001,8,PB,M,28.0,34.0
32554,8,26,2001,8,PP,M,21.0,13.0
32555,8,26,2001,8,DO,F,38.0,64.0
32556,8,26,2001,8,PP,F,22.0,16.0
32557,8,26,2001,8,PP,F,23.0,16.0
32558,8,26,2001,8,PP,M,22.0,16.0
32559,8,26,2001,13,PP,M,22.0,18.0
32560,8,26,2001,13,PB,M,26.0,31.0
32561,8,26,2001,13,PB,F,27.0,33.0
32562,8,26,2001,13,OT,F,20.0,17.0
32564,8,26,2001,13,OT,M,21.0,24.0
32565,8,26,2001,13,PB,F,28.0,40.0
32566,8,26,2001,13,OT,F,20.0,21.0
32567,8,26,2001,13,PB,F,25.0,28.0
32568,8,26,2001,14,DM,F,37.0,51.0
32569,8,26,2001,14,PB,M,28.0,29.0
32570,8,26,2001,14,DM,F,37.0,38.0
32571,8,26,2001,14,DM,M,36.0,31.0
32572,8,26,2001,14,DM,F,36.0,45.0
32573,8,26,2001,14,DM,M,37.0,33.0
32575,8,26,2001,14,DM,M,36.0,46.0
32576,8,26,2001,14,DM,F,36.0,44.0
32577,8,26,2001,14,PP,F,21.0,13.0
32578,8,26,2001,14,DM,F,36.0,51.0
32579,8,26,2001,14,PP,F,23.0,15.0
32581,8,26,2001,15,PP,F,21.0,16.0
32582,8,26,2001,15,PP,F,22.0,18.0
32583,8,26,2001,15,PB,F,27.0,34.0
32584,8,26,2001,15,PP,F,23.0,17.0
32585,8,26,2001,15,PB,M,26.0,32.0
32589,9,22,2001,1,DM,M,36.0,42.0
32590,9,22,2001,1,PB,F,25.0,26.0
32591,9,22,2001,1,PP,M,23.0,19.0
32592,9,22,2001,1,DO,M,37.0,58.0
32593,9,22,2001,1,PB,F,26.0,30.0
32594,9,22,2001,1,PP,M,23.0,19.0
32595,9,22,2001,1,PB,M,27.0,43.0
32596,9,22,2001,1,PP,F,22.0,18.0
32597,9,22,2001,1,NL,M,36.0,187.0
32598,9,22,2001,2,OT,M,20.0,24.0
32599,9,22,2001,2,PP,M,22.0,20.0
32600,9,22,2001,2,PB,M,27.0,40.0
32601,9,22,2001,2,DM,M,34.0,24.0
32602,9,22,2001,2,OT,M,20.0,23.0
32603,9,22,2001,2,PB,F,27.0,34.0
32604,9,22,2001,2,DM,M,36.0,47.0
32605,9,22,2001,2,DM,F,36.0,43.0
32606,9,22,2001,2,PP,M,24.0,19.0
32607,9,22,2001,2,DM,M,37.0,50.0
32608,9,22,2001,2,PP,M,22.0,18.0
32609,9,22,2001,2,PP,M,23.0,17.0
32610,9,22,2001,12,PP,M,22.0,21.0
32611,9,22,2001,12,PP,F,22.0,17.0
32612,9,22,2001,12,PP,M,21.0,15.0
32613,9,22,2001,12,DO,M,36.0,58.0
32614,9,22,2001,12,PP,F,22.0,19.0
32615,9,22,2001,12,DM,F,37.0,45.0
32616,9,22,2001,12,DM,M,36.0,49.0
32617,9,22,2001,12,DO,M,38.0,60.0
32618,9,22,2001,12,PE,F,20.0,21.0
32619,9,22,2001,12,PP,F,22.0,18.0
32620,9,22,2001,19,PB,F,26.0,30.0
32621,9,22,2001,19,PB,F,27.0,30.0
32622,9,22,2001,19,PB,F,27.0,27.0
32624,9,22,2001,19,PP,F,21.0,16.0
32625,9,22,2001,19,PB,M,27.0,41.0
32626,9,22,2001,19,OT,F,21.0,21.0
32627,9,22,2001,19,PP,F,22.0,16.0
32628,9,22,2001,19,PB,M,29.0,42.0
32629,9,22,2001,19,PP,M,23.0,20.0
32630,9,22,2001,19,PB,F,26.0,25.0
32631,9,22,2001,18,PB,M,28.0,43.0
32632,9,22,2001,18,PB,F,26.0,29.0
32633,9,22,2001,18,PB,M,26.0,32.0
32634,9,22,2001,18,PB,F,26.0,30.0
32635,9,22,2001,18,PB,F,26.0,25.0
32636,9,22,2001,18,PB,F,26.0,27.0
32637,9,22,2001,18,PB,F,26.0,25.0
32638,9,22,2001,18,PB,F,27.0,31.0
32639,9,22,2001,17,DM,M,36.0,44.0
32641,9,22,2001,17,PB,F,27.0,33.0
32642,9,22,2001,17,PP,M,23.0,18.0
32643,9,22,2001,17,DM,F,35.0,57.0
32644,9,22,2001,17,DM,M,35.0,48.0
32645,9,22,2001,17,DM,F,33.0,26.0
32646,9,22,2001,17,PB,M,27.0,41.0
32647,9,22,2001,17,DM,M,36.0,49.0
32648,9,22,2001,17,PB,F,27.0,29.0
32649,9,22,2001,17,PP,M,22.0,17.0
32650,9,22,2001,17,PP,F,22.0,18.0
32651,9,22,2001,17,DM,F,33.0,21.0
32652,9,22,2001,20,PB,M,27.0,32.0
32653,9,22,2001,20,PB,F,26.0,32.0
32654,9,22,2001,20,OT,M,20.0,20.0
32655,9,22,2001,20,PB,F,26.0,28.0
32656,9,22,2001,20,PB,M,27.0,37.0
32657,9,22,2001,20,NL,F,28.0,191.0
32658,9,22,2001,20,PP,M,22.0,15.0
32659,9,22,2001,20,PB,F,27.0,34.0
32660,9,22,2001,20,PB,M,26.0,29.0
32661,9,22,2001,20,PP,F,22.0,18.0
32662,9,22,2001,23,PB,M,26.0,34.0
32663,9,22,2001,21,PB,F,25.0,31.0
32664,9,22,2001,21,PB,F,26.0,30.0
32665,9,22,2001,21,PB,F,26.0,33.0
32666,9,22,2001,21,PB,M,28.0,38.0
32667,9,22,2001,21,PB,F,26.0,30.0
32668,9,22,2001,21,PB,F,26.0,32.0
32669,9,22,2001,21,PB,M,27.0,33.0
32670,9,22,2001,21,PB,F,27.0,32.0
32672,9,22,2001,21,PB,F,26.0,39.0
32673,9,22,2001,21,OT,F,20.0,22.0
32674,9,22,2001,21,PB,M,27.0,36.0
32675,9,22,2001,21,PB,M,28.0,33.0
32676,9,22,2001,21,PB,F,25.0,30.0
32677,9,22,2001,21,PB,F,26.0,26.0
32678,9,22,2001,22,PB,M,28.0,40.0
32679,9,22,2001,22,PP,M,23.0,17.0
32680,9,22,2001,22,DM,M,36.0,56.0
32681,9,22,2001,22,PB,M,27.0,32.0
32682,9,22,2001,22,PB,F,27.0,26.0
32683,9,22,2001,22,DM,M,37.0,50.0
32684,9,22,2001,22,PB,F,26.0,28.0
32685,9,22,2001,22,OT,F,21.0,19.0
32686,9,22,2001,7,PP,M,23.0,16.0
32687,9,22,2001,7,PP,M,22.0,19.0
32688,9,22,2001,7,PP,M,24.0,16.0
32689,9,22,2001,24,PP,F,21.0,16.0
32690,9,22,2001,24,PF,M,14.0,6.0
32691,9,22,2001,24,NL,M,30.0,197.0
32692,9,22,2001,24,NL,M,29.0,185.0
32693,9,23,2001,3,OT,M,20.0,21.0
32694,9,23,2001,3,OT,M,21.0,24.0
32695,9,23,2001,3,PP,F,23.0,15.0
32696,9,23,2001,3,PP,F,22.0,14.0
32697,9,23,2001,3,PB,M,27.0,35.0
32698,9,23,2001,3,PB,F,26.0,34.0
32699,9,23,2001,3,PB,M,26.0,35.0
32700,9,23,2001,3,PB,F,25.0,28.0
32701,9,23,2001,3,PB,M,27.0,40.0
32702,9,23,2001,3,PP,F,23.0,15.0
32703,9,23,2001,3,PB,M,27.0,49.0
32704,9,23,2001,3,DO,F,36.0,53.0
32705,9,23,2001,3,PB,M,27.0,41.0
32706,9,23,2001,3,PB,F,26.0,27.0
32707,9,23,2001,3,OT,F,21.0,30.0
32708,9,23,2001,3,PI,M,23.0,17.0
32709,9,23,2001,4,PP,M,22.0,14.0
32710,9,23,2001,4,PP,F,22.0,12.0
32711,9,23,2001,4,DO,F,37.0,57.0
32712,9,23,2001,4,PB,M,28.0,43.0
32713,9,23,2001,4,DM,F,36.0,47.0
32714,9,23,2001,4,PF,F,16.0,10.0
32715,9,23,2001,4,DM,F,35.0,24.0
32716,9,23,2001,4,DM,F,37.0,52.0
32718,9,23,2001,4,PP,M,23.0,20.0
32719,9,23,2001,4,PB,F,26.0,24.0
32720,9,23,2001,4,DM,M,34.0,23.0
32721,9,23,2001,6,PB,F,26.0,29.0
32722,9,23,2001,6,PP,F,22.0,15.0
32723,9,23,2001,6,PB,M,26.0,32.0
32724,9,23,2001,6,PB,M,26.0,31.0
32725,9,23,2001,6,PB,F,26.0,30.0
32726,9,23,2001,6,PB,F,25.0,28.0
32727,9,23,2001,6,OT,M,20.0,23.0
32728,9,23,2001,6,PB,F,25.0,25.0
32729,9,23,2001,6,PB,M,26.0,31.0
32730,9,23,2001,6,PB,F,26.0,34.0
32731,9,23,2001,6,PB,F,25.0,26.0
32732,9,23,2001,11,PB,F,27.0,32.0
32733,9,23,2001,11,DM,F,35.0,52.0
32734,9,23,2001,11,OT,F,21.0,20.0
32735,9,23,2001,11,OT,M,20.0,22.0
32736,9,23,2001,11,PP,F,22.0,17.0
32738,9,23,2001,11,PB,M,26.0,20.0
32739,9,23,2001,11,DM,F,35.0,51.0
32740,9,23,2001,11,PB,F,27.0,29.0
32741,9,23,2001,11,PB,M,27.0,32.0
32742,9,23,2001,11,PB,F,26.0,26.0
32743,9,23,2001,9,OT,F,20.0,18.0
32744,9,23,2001,9,DM,F,36.0,47.0
32745,9,23,2001,9,DM,F,37.0,51.0
32746,9,23,2001,9,DM,F,35.0,41.0
32747,9,23,2001,9,PP,M,23.0,19.0
32748,9,23,2001,9,OT,M,20.0,23.0
32749,9,23,2001,9,DM,M,35.0,42.0
32750,9,23,2001,9,PP,F,22.0,15.0
32751,9,23,2001,9,DM,M,37.0,47.0
32752,9,23,2001,9,PP,M,22.0,24.0
32754,9,23,2001,8,PB,M,27.0,34.0
32755,9,23,2001,8,PP,F,22.0,15.0
32756,9,23,2001,8,PP,M,22.0,15.0
32757,9,23,2001,8,PB,F,25.0,27.0
32758,9,23,2001,8,PB,F,27.0,31.0
32759,9,23,2001,8,PP,M,23.0,16.0
32760,9,23,2001,8,PP,M,22.0,20.0
32761,9,23,2001,8,PP,F,23.0,15.0
32762,9,23,2001,8,DO,M,37.0,53.0
32763,9,23,2001,8,PP,M,22.0,16.0
32764,9,23,2001,8,DO,M,36.0,60.0
32765,9,23,2001,8,PB,F,26.0,35.0
32766,9,23,2001,13,PP,M,23.0,17.0
32767,9,23,2001,13,PB,M,27.0,33.0
32769,9,23,2001,13,PB,M,27.0,32.0
32770,9,23,2001,13,PB,F,25.0,28.0
32771,9,23,2001,13,PB,M,26.0,41.0
32772,9,23,2001,13,PP,M,23.0,17.0
32773,9,23,2001,13,PB,F,27.0,35.0
32774,9,23,2001,13,PB,M,28.0,47.0
32775,9,23,2001,13,PP,F,23.0,14.0
32776,9,23,2001,13,PB,M,27.0,42.0
32777,9,23,2001,14,DM,M,35.0,27.0
32778,9,23,2001,14,DM,F,36.0,45.0
32780,9,23,2001,14,DM,M,38.0,52.0
32781,9,23,2001,14,PP,M,22.0,13.0
32782,9,23,2001,14,DM,F,36.0,39.0
32783,9,23,2001,14,DM,M,34.0,21.0
32784,9,23,2001,14,DM,F,36.0,30.0
32786,9,23,2001,14,DM,F,36.0,43.0
32787,9,23,2001,14,OT,F,20.0,24.0
32788,9,23,2001,14,DM,M,34.0,26.0
32789,9,23,2001,15,PP,F,22.0,13.0
32790,9,23,2001,15,PB,M,25.0,27.0
32791,9,23,2001,15,PP,M,22.0,15.0
32792,9,23,2001,15,PB,M,26.0,33.0
32794,9,23,2001,15,PB,F,26.0,27.0
32796,9,23,2001,15,PB,F,26.0,32.0
32797,9,23,2001,15,OT,M,20.0,24.0
32798,9,23,2001,5,PE,M,20.0,16.0
32799,9,23,2001,5,PP,M,23.0,36.0
32801,9,23,2001,16,OT,M,21.0,21.0
32802,9,23,2001,16,PB,M,27.0,26.0
32803,9,23,2001,16,PP,M,22.0,17.0
32805,10,13,2001,1,PP,M,23.0,18.0
32806,10,13,2001,1,PB,F,26.0,27.0
32807,10,13,2001,1,PB,F,27.0,26.0
32808,10,13,2001,1,DO,M,36.0,58.0
32809,10,13,2001,1,DM,M,37.0,44.0
32810,10,13,2001,1,PP,M,23.0,17.0
32811,10,13,2001,1,PB,F,26.0,29.0
32812,10,13,2001,1,PB,F,28.0,30.0
32813,10,13,2001,1,PB,F,27.0,31.0
32814,10,13,2001,1,NL,M,35.0,188.0
32815,10,13,2001,2,PE,M,20.0,31.0
32816,10,13,2001,2,SH,F,28.0,101.0
32817,10,13,2001,2,NL,F,29.0,72.0
32818,10,13,2001,2,OT,M,20.0,26.0
32819,10,13,2001,2,PP,M,23.0,19.0
32820,10,13,2001,2,OT,M,20.0,21.0
32821,10,13,2001,2,OT,M,20.0,22.0
32823,10,13,2001,2,OT,M,20.0,26.0
32824,10,13,2001,2,PP,M,23.0,19.0
32825,10,13,2001,2,PB,M,27.0,41.0
32826,10,13,2001,2,PB,F,26.0,32.0
32827,10,13,2001,2,DM,F,36.0,47.0
32828,10,13,2001,2,DM,M,36.0,46.0
32829,10,13,2001,2,OT,M,20.0,22.0
32830,10,13,2001,2,PP,M,21.0,16.0
32831,10,13,2001,12,DO,M,36.0,52.0
32832,10,13,2001,12,DM,M,36.0,49.0
32833,10,13,2001,12,OT,F,21.0,26.0
32834,10,13,2001,12,OT,F,22.0,21.0
32835,10,13,2001,12,DO,M,36.0,59.0
32836,10,13,2001,12,OT,M,20.0,27.0
32837,10,13,2001,12,PP,F,22.0,18.0
32838,10,13,2001,12,DM,F,37.0,47.0
32839,10,13,2001,19,OT,F,20.0,22.0
32840,10,13,2001,19,PB,F,26.0,30.0
32841,10,13,2001,19,PB,F,26.0,27.0
32842,10,13,2001,19,PP,M,22.0,17.0
32843,10,13,2001,19,PB,M,27.0,44.0
32844,10,13,2001,19,OT,F,20.0,26.0
32845,10,13,2001,19,PP,F,22.0,16.0
32846,10,13,2001,19,PP,M,23.0,20.0
32847,10,13,2001,18,PB,F,26.0,30.0
32848,10,13,2001,18,PP,M,23.0,17.0
32849,10,13,2001,18,PB,F,26.0,30.0
32850,10,13,2001,18,PF,F,15.0,8.0
32851,10,13,2001,18,PB,F,25.0,26.0
32852,10,13,2001,18,PB,F,25.0,26.0
32853,10,13,2001,18,PB,F,25.0,26.0
32854,10,13,2001,17,DM,M,36.0,43.0
32856,10,13,2001,17,PB,F,27.0,31.0
32857,10,13,2001,17,OT,F,20.0,21.0
32858,10,13,2001,17,PB,M,27.0,41.0
32859,10,13,2001,17,DM,F,36.0,45.0
32860,10,13,2001,17,OT,M,20.0,25.0
32862,10,13,2001,17,DM,F,35.0,51.0
32863,10,13,2001,22,PB,F,26.0,26.0
32864,10,13,2001,22,DM,M,36.0,47.0
32865,10,13,2001,22,PP,M,22.0,32.0
32866,10,13,2001,22,PB,M,27.0,41.0
32867,10,13,2001,22,OT,F,20.0,22.0
32868,10,13,2001,22,PB,F,27.0,30.0
32870,10,13,2001,22,PB,F,26.0,30.0
32871,10,13,2001,22,DM,M,37.0,57.0
32872,10,13,2001,22,PB,F,26.0,27.0
32874,10,13,2001,21,PB,F,26.0,30.0
32875,10,13,2001,21,PB,F,25.0,31.0
32876,10,13,2001,21,PB,F,26.0,29.0
32878,10,13,2001,21,PB,F,26.0,26.0
32879,10,13,2001,21,PB,F,26.0,35.0
32880,10,13,2001,21,PB,M,28.0,37.0
32881,10,13,2001,21,PB,M,27.0,32.0
32882,10,13,2001,21,PB,M,27.0,35.0
32883,10,13,2001,21,PB,F,27.0,30.0
32884,10,13,2001,20,PB,F,26.0,29.0
32885,10,13,2001,20,PB,M,26.0,35.0
32886,10,13,2001,20,PE,F,20.0,19.0
32887,10,13,2001,20,PB,F,27.0,35.0
32888,10,13,2001,20,PB,F,27.0,31.0
32889,10,13,2001,20,PB,F,26.0,26.0
32890,10,13,2001,23,PE,F,20.0,20.0
32891,10,13,2001,24,OT,M,20.0,22.0
32892,10,13,2001,24,NL,M,31.0,187.0
32893,10,14,2001,3,OT,M,21.0,23.0
32894,10,14,2001,3,PB,F,27.0,32.0
32895,10,14,2001,3,PE,F,21.0,22.0
32896,10,14,2001,3,PF,M,14.0,7.0
32897,10,14,2001,3,PB,F,25.0,28.0
32898,10,14,2001,3,OT,M,20.0,22.0
32899,10,14,2001,3,OT,F,20.0,22.0
32900,10,14,2001,3,PB,F,27.0,29.0
32901,10,14,2001,3,OT,M,21.0,25.0
32902,10,14,2001,3,PP,F,22.0,15.0
32903,10,14,2001,3,PB,M,27.0,49.0
32904,10,14,2001,3,PI,M,23.0,19.0
32905,10,14,2001,3,PB,M,26.0,35.0
32906,10,14,2001,3,PB,M,28.0,42.0
32907,10,14,2001,3,DO,F,35.0,55.0
32908,10,14,2001,3,PB,F,26.0,34.0
32909,10,14,2001,3,PB,M,26.0,37.0
32910,10,14,2001,4,DM,F,37.0,60.0
32911,10,14,2001,4,PB,F,26.0,30.0
32912,10,14,2001,4,OT,M,22.0,25.0
32913,10,14,2001,4,DM,M,37.0,39.0
32914,10,14,2001,4,DO,M,34.0,37.0
32915,10,14,2001,4,PF,F,15.0,7.0
32916,10,14,2001,4,PF,F,15.0,9.0
32917,10,14,2001,4,DM,M,36.0,53.0
32918,10,14,2001,4,DM,F,36.0,48.0
32919,10,14,2001,4,PB,M,28.0,44.0
32920,10,14,2001,4,DO,F,37.0,50.0
32921,10,14,2001,4,PF,M,16.0,7.0
32922,10,14,2001,4,PP,M,23.0,19.0
32923,10,14,2001,4,PB,F,22.0,23.0
32924,10,14,2001,4,PB,M,29.0,48.0
32925,10,14,2001,4,PF,M,16.0,8.0
32926,10,14,2001,4,PF,F,16.0,8.0
32927,10,14,2001,4,DM,M,34.0,37.0
32928,10,14,2001,6,PB,F,25.0,26.0
32929,10,14,2001,6,PB,M,26.0,31.0
32930,10,14,2001,6,NL,M,32.0,178.0
32931,10,14,2001,6,PB,F,25.0,29.0
32932,10,14,2001,6,PB,F,25.0,27.0
32933,10,14,2001,6,PB,F,26.0,29.0
32934,10,14,2001,6,PB,M,26.0,34.0
32935,10,14,2001,6,PB,F,24.0,26.0
32936,10,14,2001,6,PB,F,26.0,30.0
32937,10,14,2001,6,PP,F,23.0,16.0
32938,10,14,2001,6,PB,M,26.0,32.0
32939,10,14,2001,6,OT,M,20.0,22.0
32940,10,14,2001,6,OT,F,20.0,27.0
32941,10,14,2001,6,PB,F,26.0,34.0
32942,10,14,2001,6,PB,F,26.0,29.0
32943,10,14,2001,11,OT,M,21.0,21.0
32944,10,14,2001,11,OT,F,21.0,28.0
32945,10,14,2001,11,PB,F,27.0,30.0
32946,10,14,2001,11,PB,F,27.0,31.0
32947,10,14,2001,11,PB,M,27.0,31.0
32948,10,14,2001,11,OT,F,21.0,24.0
32949,10,14,2001,11,DM,F,34.0,42.0
32950,10,14,2001,11,DM,M,37.0,59.0
32951,10,14,2001,11,PP,M,22.0,16.0
32952,10,14,2001,11,PP,F,22.0,18.0
32953,10,14,2001,11,PP,M,22.0,20.0
32954,10,14,2001,11,PB,M,27.0,32.0
32955,10,14,2001,11,DM,M,35.0,41.0
32956,10,14,2001,11,DM,F,36.0,50.0
32957,10,14,2001,9,DM,F,35.0,48.0
32958,10,14,2001,9,DM,F,33.0,22.0
32959,10,14,2001,9,DM,F,38.0,38.0
32961,10,14,2001,9,DM,M,38.0,41.0
32962,10,14,2001,9,DM,M,37.0,48.0
32963,10,14,2001,9,DM,F,36.0,41.0
32964,10,14,2001,9,PP,M,23.0,18.0
32965,10,14,2001,9,OT,F,21.0,25.0
32966,10,14,2001,9,OT,M,21.0,22.0
32967,10,14,2001,9,DM,F,36.0,44.0
32968,10,14,2001,9,OT,F,20.0,37.0
32969,10,14,2001,9,DM,M,32.0,22.0
32970,10,14,2001,8,DO,M,35.0,57.0
32971,10,14,2001,8,DO,M,36.0,53.0
32972,10,14,2001,8,DO,F,37.0,59.0
32973,10,14,2001,8,PB,F,26.0,25.0
32974,10,14,2001,8,PP,F,21.0,12.0
32975,10,14,2001,8,DO,F,36.0,34.0
32976,10,14,2001,8,DO,M,38.0,55.0
32977,10,14,2001,8,PB,F,27.0,31.0
32978,10,14,2001,8,OT,M,20.0,26.0
32979,10,14,2001,8,PB,F,26.0,26.0
32980,10,14,2001,8,DO,F,35.0,47.0
32981,10,14,2001,8,PP,M,22.0,15.0
32982,10,14,2001,8,DM,M,36.0,40.0
32983,10,14,2001,8,PB,M,28.0,36.0
32984,10,14,2001,8,PB,F,28.0,33.0
32986,10,14,2001,13,OT,M,20.0,26.0
32987,10,14,2001,13,PB,M,28.0,47.0
32988,10,14,2001,13,PB,F,26.0,28.0
32989,10,14,2001,13,PB,M,26.0,33.0
32990,10,14,2001,13,PF,F,16.0,14.0
32991,10,14,2001,13,PB,M,28.0,33.0
32992,10,14,2001,13,PB,M,28.0,40.0
32993,10,14,2001,13,PB,M,26.0,44.0
32994,10,14,2001,13,OT,F,21.0,19.0
32995,10,14,2001,14,DM,M,36.0,37.0
32996,10,14,2001,14,DM,F,35.0,48.0
32997,10,14,2001,14,DM,M,34.0,36.0
32998,10,14,2001,14,DM,M,36.0,50.0
33000,10,14,2001,14,DM,F,35.0,49.0
33001,10,14,2001,14,DM,F,34.0,45.0
33002,10,14,2001,14,DM,F,35.0,30.0
33003,10,14,2001,14,OT,F,20.0,24.0
33004,10,14,2001,14,NL,M,31.0,174.0
33006,10,14,2001,15,PP,M,22.0,14.0
33007,10,14,2001,15,PP,F,22.0,14.0
33008,10,14,2001,15,OT,M,20.0,14.0
33009,10,14,2001,15,OT,M,20.0,14.0
33010,10,14,2001,15,OT,F,20.0,20.0
33011,10,14,2001,15,PB,F,26.0,28.0
33012,10,14,2001,15,PP,M,22.0,14.0
33013,10,14,2001,15,PB,M,26.0,35.0
33014,10,14,2001,16,OT,M,20.0,23.0
33015,10,14,2001,16,PB,F,27.0,28.0
33016,10,14,2001,16,OT,M,21.0,23.0
33017,10,14,2001,16,OT,F,21.0,24.0
33021,11,17,2001,1,DO,M,37.0,59.0
33022,11,17,2001,1,PB,M,27.0,39.0
33023,11,17,2001,1,PB,F,26.0,31.0
33024,11,17,2001,1,DM,M,37.0,42.0
33025,11,17,2001,1,PP,M,22.0,18.0
33026,11,17,2001,1,DO,F,35.0,33.0
33027,11,17,2001,2,DM,M,36.0,48.0
33028,11,17,2001,2,OT,M,20.0,21.0
33029,11,17,2001,2,SH,M,28.0,65.0
33030,11,17,2001,2,DO,F,35.0,46.0
33031,11,17,2001,2,PB,F,26.0,32.0
33032,11,17,2001,2,PE,F,20.0,21.0
33033,11,17,2001,2,OT,M,20.0,25.0
33034,11,17,2001,2,PP,M,21.0,16.0
33035,11,17,2001,2,DM,F,35.0,47.0
33036,11,17,2001,2,PE,M,19.0,22.0
33037,11,17,2001,2,PB,M,28.0,41.0
33038,11,17,2001,2,PB,F,26.0,35.0
33039,11,17,2001,2,PB,F,27.0,31.0
33040,11,17,2001,2,NL,F,31.0,119.0
33041,11,17,2001,2,NL,F,33.0,213.0
33042,11,17,2001,12,DO,F,36.0,46.0
33043,11,17,2001,12,DO,F,35.0,54.0
33044,11,17,2001,12,DM,F,36.0,45.0
33045,11,17,2001,12,DO,M,35.0,55.0
33046,11,17,2001,12,PE,M,20.0,22.0
33047,11,17,2001,12,OT,F,22.0,20.0
33048,11,17,2001,12,DO,M,37.0,61.0
33049,11,17,2001,12,NL,M,33.0,280.0
33050,11,17,2001,19,PP,M,23.0,19.0
33051,11,17,2001,19,PB,M,27.0,44.0
33052,11,17,2001,19,PB,F,26.0,27.0
33053,11,17,2001,19,OT,M,21.0,21.0
33054,11,17,2001,19,PB,M,28.0,51.0
33055,11,17,2001,19,OT,M,22.0,22.0
33056,11,17,2001,19,PB,F,25.0,29.0
33057,11,17,2001,19,PB,F,26.0,29.0
33058,11,17,2001,19,PE,M,20.0,18.0
33059,11,17,2001,18,PB,F,26.0,30.0
33060,11,17,2001,18,PB,M,28.0,49.0
33061,11,17,2001,18,PB,F,26.0,27.0
33062,11,17,2001,18,PB,F,26.0,25.0
33063,11,17,2001,18,PB,F,25.0,25.0
33064,11,17,2001,18,PB,F,27.0,29.0
33065,11,17,2001,18,PB,M,26.0,30.0
33066,11,17,2001,18,PB,F,26.0,29.0
33068,11,17,2001,17,PB,M,27.0,41.0
33069,11,17,2001,17,DM,F,37.0,48.0
33070,11,17,2001,17,DM,M,36.0,44.0
33071,11,17,2001,17,DM,F,36.0,44.0
33072,11,17,2001,17,DM,M,37.0,50.0
33073,11,17,2001,17,PB,F,27.0,32.0
33074,11,17,2001,17,OT,M,21.0,22.0
33075,11,17,2001,17,NL,F,33.0,158.0
33076,11,17,2001,20,PB,F,26.0,31.0
33078,11,17,2001,20,PB,F,26.0,27.0
33079,11,17,2001,20,PB,M,26.0,30.0
33080,11,17,2001,20,PE,F,20.0,21.0
33081,11,17,2001,20,PE,M,20.0,22.0
33082,11,17,2001,20,PB,F,27.0,36.0
33083,11,17,2001,20,PB,M,26.0,35.0
33084,11,17,2001,20,NL,F,35.0,96.0
33085,11,17,2001,20,NL,F,33.0,186.0
33086,11,17,2001,21,PB,F,27.0,30.0
33088,11,17,2001,21,PB,M,27.0,36.0
33089,11,17,2001,21,PB,F,26.0,29.0
33090,11,17,2001,21,PB,F,25.0,30.0
33091,11,17,2001,21,PB,F,26.0,33.0
33092,11,17,2001,21,PB,F,27.0,29.0
33093,11,17,2001,21,PB,F,26.0,31.0
33094,11,17,2001,21,PB,M,27.0,31.0
33095,11,17,2001,21,PB,M,27.0,34.0
33096,11,17,2001,22,PB,M,27.0,41.0
33097,11,17,2001,22,PB,F,27.0,31.0
33098,11,17,2001,22,DM,M,37.0,50.0
33099,11,17,2001,22,PB,F,26.0,29.0
33100,11,17,2001,22,PB,F,27.0,27.0
33101,11,17,2001,22,OT,F,21.0,22.0
33102,11,17,2001,22,OT,M,20.0,20.0
33103,11,17,2001,7,PB,M,28.0,41.0
33104,11,17,2001,7,PP,F,22.0,20.0
33105,11,17,2001,7,PP,M,23.0,17.0
33106,11,17,2001,7,PE,M,20.0,18.0
33107,11,17,2001,23,RM,F,17.0,9.0
33108,11,17,2001,23,PE,M,20.0,23.0
33111,11,17,2001,24,PE,M,20.0,18.0
33112,11,17,2001,24,OT,F,20.0,23.0
33113,11,17,2001,24,RM,F,16.0,9.0
33114,11,17,2001,24,NL,M,31.0,175.0
33115,11,18,2001,3,PB,F,26.0,29.0
33116,11,18,2001,3,PB,F,27.0,32.0
33117,11,18,2001,3,DM,M,36.0,52.0
33118,11,18,2001,3,PB,M,28.0,47.0
33119,11,18,2001,3,OT,M,20.0,24.0
33120,11,18,2001,3,OT,F,21.0,22.0
33121,11,18,2001,3,PE,F,22.0,24.0
33122,11,18,2001,3,OT,M,21.0,26.0
33123,11,18,2001,3,PF,M,15.0,7.0
33124,11,18,2001,3,PB,M,27.0,37.0
33125,11,18,2001,3,PB,F,25.0,30.0
33126,11,18,2001,3,PB,F,26.0,32.0
33127,11,18,2001,3,PB,F,27.0,34.0
33128,11,18,2001,3,PB,M,27.0,38.0
33129,11,18,2001,3,DM,F,35.0,42.0
33130,11,18,2001,3,PP,F,23.0,15.0
33131,11,18,2001,3,DO,F,35.0,51.0
33132,11,18,2001,4,DM,F,36.0,31.0
33133,11,18,2001,4,DO,M,34.0,39.0
33134,11,18,2001,4,DM,F,37.0,45.0
33135,11,18,2001,4,DO,M,35.0,45.0
33136,11,18,2001,4,PB,M,28.0,52.0
33137,11,18,2001,4,PB,F,26.0,24.0
33139,11,18,2001,4,DO,F,35.0,36.0
33140,11,18,2001,4,DM,M,35.0,40.0
33141,11,18,2001,4,DM,F,35.0,30.0
33142,11,18,2001,4,DM,M,36.0,43.0
33144,11,18,2001,4,DM,M,35.0,48.0
33145,11,18,2001,4,DM,F,35.0,49.0
33146,11,18,2001,5,PE,M,20.0,18.0
33147,11,18,2001,6,PB,F,25.0,30.0
33148,11,18,2001,6,PB,M,25.0,26.0
33149,11,18,2001,6,PB,F,25.0,26.0
33151,11,18,2001,6,PB,M,26.0,34.0
33152,11,18,2001,6,PB,F,26.0,31.0
33153,11,18,2001,6,PB,F,25.0,35.0
33154,11,18,2001,6,OT,F,20.0,27.0
33156,11,18,2001,6,PB,M,26.0,33.0
33158,11,18,2001,11,OT,M,21.0,22.0
33159,11,18,2001,11,PB,M,28.0,32.0
33160,11,18,2001,11,OT,F,21.0,24.0
33161,11,18,2001,11,DM,F,34.0,44.0
33162,11,18,2001,11,DO,F,35.0,42.0
33163,11,18,2001,11,DO,M,37.0,51.0
33164,11,18,2001,11,PB,F,27.0,29.0
33165,11,18,2001,11,DM,M,36.0,35.0
33166,11,18,2001,11,DM,M,36.0,59.0
33167,11,18,2001,11,PB,M,27.0,32.0
33168,11,18,2001,11,PB,F,27.0,27.0
33170,11,18,2001,11,DM,M,37.0,43.0
33171,11,18,2001,9,OT,M,21.0,23.0
33172,11,18,2001,9,OT,M,21.0,19.0
33173,11,18,2001,9,DM,F,36.0,43.0
33174,11,18,2001,9,DM,F,35.0,38.0
33175,11,18,2001,9,DM,F,36.0,48.0
33176,11,18,2001,9,OT,M,20.0,20.0
33177,11,18,2001,9,DM,M,38.0,46.0
33178,11,18,2001,9,DM,F,35.0,45.0
33179,11,18,2001,8,PB,F,27.0,33.0
33180,11,18,2001,8,OT,F,20.0,23.0
33181,11,18,2001,8,OT,M,21.0,23.0
33182,11,18,2001,8,PB,F,27.0,31.0
33184,11,18,2001,8,PB,F,26.0,26.0
33185,11,18,2001,8,DO,M,35.0,52.0
33186,11,18,2001,8,DO,M,37.0,54.0
33187,11,18,2001,8,DM,M,36.0,38.0
33189,11,18,2001,8,DO,F,36.0,42.0
33190,11,18,2001,8,DO,M,35.0,58.0
33191,11,18,2001,8,PB,F,26.0,27.0
33192,11,18,2001,13,OT,M,22.0,23.0
33194,11,18,2001,13,PE,M,20.0,20.0
33195,11,18,2001,13,PB,M,27.0,31.0
33196,11,18,2001,13,PB,M,27.0,34.0
33197,11,18,2001,13,PB,M,27.0,48.0
33198,11,18,2001,13,OT,F,20.0,20.0
33199,11,18,2001,13,PB,M,27.0,50.0
33200,11,18,2001,13,OT,F,21.0,18.0
33201,11,18,2001,13,PB,F,26.0,27.0
33202,11,18,2001,14,DM,F,36.0,36.0
33204,11,18,2001,14,DM,F,34.0,45.0
33205,11,18,2001,14,OT,F,20.0,23.0
33206,11,18,2001,14,DM,F,35.0,45.0
33207,11,18,2001,14,DM,M,35.0,41.0
33209,11,18,2001,15,OT,F,20.0,19.0
33210,11,18,2001,15,PB,M,27.0,38.0
33212,11,18,2001,15,PB,F,26.0,29.0
33213,11,18,2001,16,DM,M,36.0,55.0
33214,11,18,2001,16,OT,F,21.0,18.0
33215,11,18,2001,16,OT,M,21.0,25.0
33216,11,18,2001,16,PB,M,27.0,30.0
33217,11,18,2001,16,DO,F,34.0,46.0
33218,11,18,2001,16,PB,F,26.0,23.0
33220,12,15,2001,1,PB,M,28.0,40.0
33221,12,15,2001,1,DO,M,36.0,59.0
33222,12,15,2001,1,DO,M,34.0,46.0
33223,12,15,2001,1,DM,M,36.0,44.0
33224,12,15,2001,1,DO,M,35.0,41.0
33225,12,15,2001,1,NL,M,34.0,231.0
33226,12,15,2001,2,PP,M,21.0,17.0
33227,12,15,2001,2,OT,M,20.0,23.0
33228,12,15,2001,2,PE,F,20.0,20.0
33229,12,15,2001,2,OT,M,20.0,23.0
33230,12,15,2001,2,DO,M,35.0,45.0
33231,12,15,2001,2,PE,M,20.0,22.0
33232,12,15,2001,2,DM,F,36.0,45.0
33233,12,15,2001,2,DO,M,36.0,52.0
33234,12,15,2001,2,DM,M,37.0,48.0
33235,12,15,2001,2,PB,M,28.0,43.0
33236,12,15,2001,2,PB,F,27.0,34.0
33237,12,15,2001,2,NL,F,33.0,126.0
33238,12,15,2001,2,NL,F,32.0,198.0
33239,12,15,2001,12,DM,M,36.0,39.0
33240,12,15,2001,12,DO,F,37.0,52.0
33241,12,15,2001,12,DO,M,36.0,60.0
33242,12,15,2001,12,DM,F,36.0,46.0
33243,12,15,2001,12,DO,M,36.0,55.0
33244,12,15,2001,19,PB,M,28.0,51.0
33245,12,15,2001,19,PB,F,26.0,30.0
33246,12,15,2001,19,OT,F,20.0,22.0
33247,12,15,2001,19,PB,M,27.0,43.0
33248,12,15,2001,19,PB,F,27.0,27.0
33249,12,15,2001,19,PE,F,20.0,14.0
33250,12,15,2001,19,OT,F,20.0,21.0
33251,12,15,2001,19,PB,F,26.0,29.0
33252,12,15,2001,19,PB,F,27.0,29.0
33253,12,15,2001,19,OT,M,20.0,24.0
33254,12,15,2001,18,PB,M,28.0,50.0
33255,12,15,2001,18,PB,F,26.0,31.0
33256,12,15,2001,18,SH,M,27.0,50.0
33257,12,15,2001,18,PB,F,26.0,25.0
33258,12,15,2001,18,RM,M,11.0,16.0
33259,12,15,2001,18,RM,F,16.0,12.0
33260,12,15,2001,18,PB,M,26.0,32.0
33261,12,15,2001,18,PB,F,25.0,26.0
33262,12,15,2001,18,PB,F,26.0,28.0
33263,12,15,2001,18,PB,F,26.0,29.0
33264,12,15,2001,17,DM,F,34.0,46.0
33265,12,15,2001,17,DM,M,36.0,51.0
33266,12,15,2001,17,OT,M,20.0,22.0
33267,12,15,2001,17,OT,F,20.0,19.0
33268,12,15,2001,17,DM,F,36.0,46.0
33269,12,15,2001,17,DM,M,36.0,43.0
33270,12,15,2001,17,PB,M,27.0,45.0
33271,12,15,2001,17,PB,F,27.0,32.0
33272,12,15,2001,17,NL,F,32.0,156.0
33273,12,15,2001,22,PB,M,27.0,43.0
33274,12,15,2001,22,OT,F,21.0,24.0
33276,12,15,2001,22,DM,M,37.0,51.0
33277,12,15,2001,22,OT,M,20.0,22.0
33278,12,15,2001,22,PB,F,26.0,32.0
33279,12,15,2001,22,PP,M,21.0,14.0
33280,12,15,2001,22,PB,F,26.0,30.0
33281,12,15,2001,21,PB,M,27.0,35.0
33282,12,15,2001,21,PB,F,26.0,30.0
33283,12,15,2001,21,PB,F,27.0,30.0
33284,12,15,2001,21,PB,F,25.0,27.0
33285,12,15,2001,21,PB,M,27.0,35.0
33286,12,15,2001,21,PB,F,26.0,29.0
33287,12,15,2001,21,PB,F,26.0,29.0
33288,12,15,2001,21,PB,F,26.0,30.0
33289,12,15,2001,21,PB,M,27.0,31.0
33290,12,15,2001,23,RM,M,16.0,9.0
33291,12,15,2001,23,PE,M,20.0,18.0
33292,12,15,2001,23,RM,F,16.0,8.0
33293,12,15,2001,20,PE,F,20.0,22.0
33294,12,15,2001,20,SH,M,25.0,43.0
33295,12,15,2001,20,PB,F,27.0,33.0
33296,12,15,2001,20,PB,M,25.0,35.0
33297,12,15,2001,20,RM,M,16.0,11.0
33298,12,15,2001,20,RM,F,16.0,8.0
33299,12,15,2001,20,PB,F,25.0,28.0
33300,12,15,2001,20,PB,F,26.0,30.0
33301,12,15,2001,20,PB,F,27.0,31.0
33302,12,15,2001,24,PE,M,20.0,24.0
33303,12,15,2001,24,PE,M,20.0,23.0
33304,12,15,2001,24,RM,M,16.0,10.0
33305,12,15,2001,7,PB,M,29.0,44.0
33306,12,15,2001,7,OT,M,19.0,21.0
33307,12,15,2001,7,OT,M,20.0,19.0
33308,12,15,2001,7,PP,M,24.0,16.0
