city,lat,lon,pop,area
London,51.5072,-0.1275,8825001,1572
Birmingham,52.48,-1.9025,1137100,267.8
Manchester,53.4794,-2.2453,547627,115.6
Leeds,53.7997,-1.5492,789194,213
Newcastle,55.0077,-1.6578,879996,44.4
Glasgow,55.8609,-4.2514,633120,175
Liverpool,53.4,-2.9833,513441,43.18
Portsmouth,50.8058,-1.0872,238800,40.25
Southampton,50.9,-1.4,269781,51.5
Nottingham,52.95,-1.15,321500,28.81
Bristol,51.45,-2.5833,463400,110
Sheffield,53.3833,-1.4667,518090,142.06
Kingston upon Hull,53.7444,-0.3325,260200,71.45
Leicester,52.6333,-1.1333,329839,73.32
Edinburgh,55.953,-3.189,488050,264
Cardiff,51.4833,-3.1833,361469,140
Stoke-on-Trent,53,-2.1833,249008,93
Coventry,52.4081,-1.5106,362690,98.6
Reading,51.4542,-0.9731,230046,40
Belfast,54.5964,-5.93,333871,115
Derby,52.9167,-1.4667,248700,78
Plymouth,50.3714,-4.1422,267918,80
Wolverhampton,52.5833,-2.1333,250970,69.5
Swansea,51.6167,-3.95,245508,180
Milton Keynes,52.04,-0.76,207057,89
Aberdeen,57.15,-2.11,200680,185.7
Norwich,52.63,1.297,195971,39
Luton,51.8783,-0.4147,213052,43
Islington,51.544,-0.1027,206125,15
Swindon,51.56,-1.78,192599,40
Croydon,51.3727,-0.1099,192064,88
Basildon,51.5761,0.4886,185900,110
Bournemouth,50.72,-1.88,183491,46
Worthing,50.8147,-0.3714,109120,32.5
Ipswich,52.0594,1.1556,180000,39.42
Middlesbrough,54.5767,-1.2355,140545,20.8
Sunderland,54.9061,-1.3811,174286,137
Ilford,51.5588,0.0855,168168,60
Warrington,53.3917,-2.5972,165456,80
Slough,51.51,-0.59,119070,100
Huddersfield,53.645,-1.7798,162949,40
Oxford,51.7519,-1.2578,152000,45.6
York,53.9583,-1.0803,153717,271.9
Poole,50.7167,-1.9833,144800,65
Harrow,51.5836,-0.3464,149246,50
Dundee,56.462,-2.9707,148270,52
Saint Albans,51.755,-0.336,82146,18.1
Telford,52.6766,-2.4469,142723,50
Blackpool,53.8142,-3.0503,139305,34.85
Brighton,50.8429,-0.1313,134293,30
Sale,53.424,-2.322,134022,30
Enfield,51.6522,-0.0808,132640,30
Tottenham,51.588,-0.072,129237,30
Bolton,53.578,-2.429,128139,30
Newport,51.5833,-3,128060,30
High Wycombe,51.6287,-0.7482,120256,30
Exeter,50.7167,-3.5333,124180,30
Solihull,52.413,-1.778,123187,30
Romford,51.5768,0.1801,122854,30
Preston,53.759,-2.699,122719,30
Gateshead,54.95,-1.6,120046,30
Blackburn,53.748,-2.482,117963,30
Cheltenham,51.9,-2.0667,116447,30
Basingstoke,51.2667,-1.0876,107355,30
Maidstone,51.272,0.529,107627,30
Colchester,51.8917,0.903,111921,30
Chelmsford,51.7361,0.4798,111511,30
Wythenshawe,53.392,-2.264,110000,30
Doncaster,53.515,-1.133,109805,30
Rotherham,53.43,-1.357,109691,30
Walthamstow,51.59,0,109424,30
Rochdale,53.6136,-2.161,107926,30
Bedford,52.135,-0.47,92407,30
Crawley,51.1092,-0.1872,106597,30
Mansfield,53.15,-1.2,77551,30
Dagenham,51.5397,0.1422,106247,30
Stockport,53.4083,-2.1494,105878,30
Darlington,54.527,-1.5526,92363,30
Fyfield,51.739,0.2722,104234,30
Gillingham,51.385,0.55,104157,30
Salford,53.483,-2.2931,103886,25.9715
Eastbourne,50.77,0.28,101547,25.38675
Wigan,53.5448,-2.6318,103608,25.902
Hounslow,51.4668,-0.375,103337,25.83425
Wembley,51.5528,-0.2979,90045,22.51125
Saint Helens,53.4541,-2.7461,102629,25.65725
Worcester,52.192,-2.22,101328,25.332
Wakefield,53.68,-1.49,99251,24.81275
Lincoln,53.2344,-0.5386,97541,24.38525
Hemel Hempstead,51.7526,-0.4692,94932,23.733
Watford,51.655,-0.3957,90301,22.57525
Oldham,53.5444,-2.1169,96555,24.13875
Sutton Coldfield,52.563,-1.822,95107,23.77675
Kettering,52.3931,-0.7229,56226,14.0565
Hastings,50.85,0.57,91053,22.76325
Hartlepool,54.69,-1.21,88855,22.21375
Hove,50.8352,-0.1758,91900,22.975
Barnsley,53.5537,-1.4791,91297,22.82425
Southport,53.6475,-3.0053,90381,22.59525
Bath,51.38,-2.36,88859,22.21475
Birkenhead,53.393,-3.014,88818,22.2045
Grimsby,53.5595,-0.068,88243,22.06075
Halifax,53.725,-1.863,88134,22.0335
Bromley,51.407,0.021,87889,21.97225
Fulham,51.4828,-0.195,87161,21.79025
Nuneaton,52.523,-1.468,86552,21.638
Derry,54.9917,-7.3417,85016,21.254
Ealing,51.5175,-0.2988,85014,21.2535
Stockton-on-Tees,54.57,-1.32,82729,20.68225
Woolwich,51.488,0.063,84959,21.23975
Bracknell,51.416,-0.749,77256,19.314
Hayes,51.5127,-0.4211,83564,20.891
Edmonton,51.6154,-0.0708,82472,20.618
Scunthorpe,53.5809,-0.6502,79977,19.99425
Redditch,52.3069,-1.9492,81919,20.47975
Chester,53.19,-2.89,79645,19.91125
Dudley,52.508,-2.089,79379,19.84475
Bury,53.593,-2.298,78723,19.68075
Brixton,51.463,-0.106,78536,19.634
West Bromwich,52.519,-1.995,77997,19.49925
Paisley,55.8466,-4.4236,77220,19.305
Guildford,51.2365,-0.5703,77057,19.26425
Chatham,51.37,0.52,76792,19.198
Edgware,51.6185,-0.2729,76506,19.1265
East Ham,51.5323,0.0554,76186,19.0465
Weston-super-Mare,51.346,-2.977,76143,19.03575
East Kilbride,55.7645,-4.1771,75120,18.78
South Shields,54.995,-1.43,75337,18.83425
Carlisle,54.891,-2.944,75306,18.8265
Newcastle under Lyme,53.0109,-2.2278,75082,18.7705
Harrogate,53.9919,-1.5378,73576,18.394
Ashford,51.1465,0.8676,67528,16.882
Gravesend,51.4415,0.3685,66000,16.5
Burnley,53.789,-2.248,73021,18.25525
Burton upon Trent,52.8019,-1.6367,72299,18.07475
Crewe,53.099,-2.44,71722,17.9305
Shrewsbury,52.708,-2.754,71715,17.92875
Gosport,50.7948,-1.1243,71529,17.88225
Lisburn,54.5167,-6.0333,71465,17.86625
Lowestoft,52.48,1.75,70945,17.73625
Rugby,52.37,-1.26,70627,17.65675
Uxbridge,51.5404,-0.4778,70560,17.64
Inverness,57.4781,-4.2233,47290,11.8225
Keighley,53.867,-1.911,53331,13.33275
Southall,51.5121,-0.3779,69857,17.46425
Maidenhead,51.5217,-0.7177,63580,15.895
Stafford,52.8066,-2.1171,68472,17.118
Wimbledon,51.422,-0.208,68187,17.04675
Walsall,52.58,-1.98,67594,16.8985
Tynemouth,55.017,-1.423,67519,16.87975
Washington,54.9,-1.52,67085,16.77125
Loughborough,52.7705,-1.2046,59932,14.983
Chingford,51.631,0.016,66211,16.55275
Thornton Heath,51.4002,-0.1086,65812,16.453
Finchley,51.599,-0.187,65812,16.453
Wrecsam,53.046,-2.993,61603,15.40075
Torquay,50.47,-3.53,65245,16.31125
Farnborough,51.29,-0.75,65034,16.2585
Kensington,51.5,-0.19,64681,16.17025
Waterlooville,50.88,-1.03,64350,16.0875
Hornchurch,51.5565,0.2128,63583,15.89575
Mitcham,51.4009,-0.1517,63393,15.84825
Feltham,51.4496,-0.4089,63368,15.842
Stourbridge,52.4575,-2.1479,63298,15.8245
Rochester,51.375,0.5,62982,15.7455
Dewsbury,53.691,-1.633,62945,15.73625
Woking,51.3162,-0.561,62796,15.699
Rhondda,51.6159,-3.4175,62545,15.63625
Sittingbourne,51.34,0.74,62500,15.625
Acton,51.5135,-0.2707,62480,15.62
Twickenham,51.449,-0.337,62148,15.537
Runcorn,53.341,-2.729,61789,15.44725
Scarborough,54.2773,-0.4017,61749,15.43725
Wandsworth,51.455,-0.192,61594,15.3985
Widnes,53.363,-2.728,61464,15.366
Margate,51.385,1.3838,61223,15.30575
Bangor,54.66,-5.67,61011,15.25275
Morecambe,54.073,-2.87,34768,8.692
Taunton,51.019,-3.1,60479,15.11975
Wallasey,53.4158,-3.0233,60284,15.071
Royal Tunbridge Wells,51.132,0.263,57772,14.443
Barking,51.54,0.08,59068,14.767
Aylesbury,51.8168,-0.8124,58740,14.685
Ruislip,51.576,-0.433,58217,14.55425
Halesowen,52.4502,-2.0509,58135,14.53375
Streatham,51.4279,-0.1235,58055,14.51375
Livingston,55.8834,-3.5157,57030,14.2575
Clacton-on-Sea,51.7918,1.1457,50548,12.637
Barrow in Furness,54.1108,-3.2261,56745,14.18625
Hereford,52.0565,-2.716,55955,13.98875
Ellesmere Port,53.279,-2.897,55715,13.92875
Kidderminster,52.3885,-2.249,55530,13.8825
Canterbury,51.28,1.08,54880,13.72
Corby,52.4914,-0.6965,54927,13.73175
Brentwood,51.6204,0.305,52586,13.1465
Hamilton,55.777,-4.039,54080,13.52
Dunfermline,56.0719,-3.4393,53100,13.275
Braintree,51.878,0.55,53477,13.36925
Weymouth,50.613,-2.457,53068,13.267
Hendon,51.5837,-0.2252,52972,13.243
Altrincham,53.3838,-2.3547,52419,13.10475
Lancaster,54.047,-2.801,52234,13.0585
Barri,51.405,-3.27,51502,12.8755
Macclesfield,53.2581,-2.1274,51482,12.8705
Bootle,53.4457,-2.9891,51394,12.8485
Stratford,51.5423,-0.0026,51387,12.84675
Horsham,51.062,-0.325,50934,12.7335
Cumbernauld,55.945,-3.994,50430,12.6075
Rowley Regis,52.48,-2.06,50257,12.56425
Kirkcaldy,56.1107,-3.1674,50010,12.5025
Crosby,53.4872,-3.0343,50044,12.511
Leith,55.98,-3.17,50030,12.5075
Royal Leamington Spa,52.292,-1.537,49662,12.4155
Llanelli,51.684,-4.163,37050,9.2625
Batley,53.716,-1.627,49448,12.362
Pen-y-Bont ar Ogwr,51.5072,-3.5784,49404,12.351
Wellingborough,52.2939,-0.6964,49128,12.282
Sutton in Ashfield,53.125,-1.261,49023,10
Paignton,50.4353,-3.5625,49021,10
Eltham,51.451,0.052,48964,10
Cwmbran,51.653,-3.021,48535,10
Christchurch,50.73,-1.78,48368,10
Morden,51.4015,-0.1949,48233,10
Durham,54.7761,-1.5733,48069,10
Barnet,51.6444,-0.1997,47359,10
West Bridgford,52.932,-1.127,47109,10
Perth,56.397,-3.437,46960,10
Stretford,53.4466,-2.3086,46910,10
Banbury,52.061,-1.336,46853,10
Beckenham,51.408,-0.022,46844,10
Greenford,51.5299,-0.3488,46787,10
Wokingham,51.41,-0.84,46745,10
Folkestone,51.081,1.166,46698,10
Welwyn Garden City,51.8062,-0.1932,46619,10
Ayr,55.458,-4.629,46490,10
Kilmarnock,55.6111,-4.4957,46450,10
Havant,50.85,-0.98,45826,10
Chippenham,51.4585,-2.1158,45620,10
Erith,51.48,0.1778,45345,10
Hinckley,52.5413,-1.3725,45249,10
Ashton,53.4897,-2.0952,45198,10
Winchester,51.0632,-1.308,35200,10
Surbiton,51.394,-0.307,45132,10
Yeovil,50.9452,-2.637,45000,10
Catford,51.4452,-0.0207,44905,10
Grantham,52.918,-0.638,34592,10
Morley,53.7492,-1.6023,44440,10
Cheshunt,51.702,-0.035,44000,10
Coatbridge,55.8625,-4.0266,43920,10
Wallsend,54.991,-1.534,43826,10
Merthyr Tudful,51.743,-3.378,43820,10
Bexhill,50.8424,0.4676,43478,10
Sidcup,51.4263,0.1024,43109,10
Kingston upon Thames,51.4103,-0.2995,43013,10
Middleton,53.555,-2.187,42972,10
King’s Lynn,52.7543,0.3976,42800,10
Fareham,50.85,-1.18,42210,10
Greenock,55.95,-4.765,41990,10
Urmston,53.4487,-2.3747,41825,10
Worksop,53.3042,-1.1244,41820,10
Sutton,51.3656,-0.1963,41483,10
Caerphilly,51.578,-3.218,41402,10
Bridgwater,51.128,-2.993,41276,10
Leigh,53.4975,-2.515,41275,10
Newbury,51.401,-1.323,41075,10
Welling,51.4594,0.1097,41000,10
Kingswood,51.46,-2.505,40734,10
Bury Saint Edmunds,52.2474,0.7183,40664,10
Kirkby,53.4826,-2.892,40472,10
Ramsgate,51.336,1.416,40408,10
Tonbridge,51.1987,0.2764,38657,10
Salisbury,51.074,-1.7936,40302,10
Castleford,53.716,-1.356,40210,10
Bishops Stortford,51.872,0.1725,38202,10
Abingdon,51.667,-1.283,33130,10
Aberdare,51.713,-3.445,39550,10
Farnham,51.215,-0.799,39488,10
Aldridge,52.606,-1.9179,26988,10
Hatfield,51.762,-0.228,39201,10
Cleethorpes,53.5533,-0.0215,38996,10
Skelmersdale,53.55,-2.776,38813,10
Tipton,52.5259,-2.0751,38777,10
Eccles,53.4824,-2.339,38756,10
Great Yarmouth,52.606,1.729,38693,10
Ilkeston,52.971,-1.309,38640,10
Herne Bay,51.37,1.13,38385,10
Andover,51.208,-1.48,38290,10
Glenrothes,56.198,-3.178,38240,10
Camberley,51.335,-0.742,38038,10
Stirling,56.1166,-3.9369,37610,10
Arnold,53.005,-1.127,37768,10
Long Eaton,52.898,-1.271,37760,10
Blyth,55.126,-1.514,37339,10
Port Talbot,51.5906,-3.7986,37276,10
Bletchley,51.994,-0.732,37114,10
Leighton Buzzard,51.9165,-0.6617,37000,10
Fleet,51.2834,-0.8456,37000,10
Beeston,52.927,-1.215,37000,10
Small Heath,52.4629,-1.8542,36898,10
Houghton le Spring,54.841,-1.468,36746,10
Whitley Bay,55.0456,-1.4443,36623,10
Airdrie,55.86,-3.98,36620,10
Grays,51.475,0.33,36601,10
Denton,53.4554,-2.1122,36591,10
Aldershot,51.248,-0.758,36322,10
Redcar,54.618,-1.069,35692,10
Walkden,53.5239,-2.3991,35616,10
Kenton,51.5878,-0.3086,35600,10
Leyland,53.692,-2.697,35578,10
Woodley,51.453,-0.902,35470,10
Accrington,53.7534,-2.3638,35456,10
Pont-y-pŵl,51.703,-3.041,35447,10
Bridlington,54.0819,-0.1923,35369,10
Falkirk,56.0011,-3.7835,35168,10
Billingham,54.61,-1.27,35165,10
Boston,52.974,-0.0214,35124,10
Dunstable,51.886,-0.521,35000,10
Ewell,51.35,-0.249,34872,10
Chorley,53.653,-2.632,34667,10
Spalding,52.7858,-0.1529,34613,10
Exmouth,50.62,-3.413,34432,10
North Shields,55.0097,-1.4448,34423,10
Colwyn Bay,53.29,-3.7,34284,10
Irvine,55.6201,-4.6614,33698,10
Hyde,53.4474,-2.082,34003,10
Wisbech,52.664,0.16,33933,10
Lichfield,52.6835,-1.8265,33816,10
Wickford,51.6114,0.5207,33486,10
Hitchin,51.947,-0.283,33352,10
Dumfries,55.07,-3.603,33320,10
Letchworth,51.978,-0.23,33249,10
Huyton,53.41,-2.843,33193,10
Strood,51.393,0.478,33182,10
Trowbridge,51.32,-2.21,33108,10
Glossop,53.443,-1.949,33000,10
Pontypridd,51.602,-3.342,32694,10
Stroud,51.744,-2.215,32670,10
Bicester,51.9,-1.15,32642,10
Winsford,53.194,-2.52,32610,10
Windsor,51.4791,-0.6095,32184,10
Motherwell,55.7839,-3.9852,32480,10
Brighouse,53.707,-1.794,32360,10
Wigston Magna,52.5812,-1.093,32321,10
Swadlincote,52.774,-1.557,32219,10
Rayleigh,51.5864,0.6049,32150,10
Whitstable,51.361,1.026,30195,10
Ecclesfield,53.4429,-1.4698,31609,10
Ryde,50.7271,-1.1618,32072,10
Earley,51.433,-0.933,32036,10
Borehamwood,51.6578,-0.2723,31955,10
Bexleyheath,51.459,0.138,31929,10
Prestwich,53.5333,-2.2833,31693,10
Darwen,53.698,-2.461,31570,10
Epsom,51.336,-0.267,31489,10
Warwick,52.28,-1.59,31345,10
Pinner,51.5932,-0.3894,31130,10
Rutherglen,55.8286,-4.2139,31120,10
Loughton,51.6494,0.0735,31106,10
Dover,51.1295,1.3089,31022,10
Pontefract,53.691,-1.312,30881,10
Saint Neots,52.228,-0.27,30811,10
Bedworth,52.475,-1.477,30648,10
Burgess Hill,50.9535,-0.1262,30635,10
Northolt,51.547,-0.362,30304,10
Farnworth,53.5452,-2.3999,30271,10
Wishaw,55.7739,-3.9189,30250,10
Harpenden,51.8175,-0.3524,30240,10
Deal,51.2226,1.4006,30085,10
Radcliffe,53.5615,-2.3268,29950,10
Carshalton,51.3652,-0.1676,29917,10
Plympton,50.386,-4.051,29899,10
Bulwell,53.001,-1.197,29771,10
Cambuslang,55.819,-4.1671,29100,10
Sevenoaks,51.2781,0.1874,29506,10
Northfleet,51.44,0.34,29474,10
Cramlington,55.082,-1.585,29405,10
Rushden,52.288,-0.601,29272,10
Bromsgrove,52.3353,-2.0579,29237,10
Nelson,53.8346,-2.218,29135,10
Beverley,53.845,-0.427,29110,10
Cannock,52.691,-2.027,29018,10
Hanwell,51.5189,-0.3376,28768,10
Stanford le Hope,51.514,0.4244,28765,10
Kendal,54.326,-2.745,28586,10
Willenhall,52.5798,-2.0605,28480,10
Wood Green,51.5981,-0.1149,28453,10
Heywood,53.59,-2.219,28205,10
Bearsden,55.9192,-4.3332,28120,10
Reddish,53.4383,-2.1613,28052,10
Billericay,51.628,0.4184,27998,10
Darlaston,52.5708,-2.0457,27821,10
Littlehampton,50.8094,-0.5409,27795,10
Ashington,55.181,-1.568,27764,10
Newton Mearns,55.7716,-4.3347,26600,10
Yate,51.5402,-2.411,21789,10
Jarrow,54.9797,-1.4804,27526,10
Witney,51.78,-1.49,27522,10
Stratford-upon-Avon,52.1928,-1.7064,27445,10
Shotley Bridge,54.87,-1.86,27394,10
Ashford,51.434,-0.464,27382,10
Ormskirk,53.5665,-2.8869,27343,10
Longton,52.9877,-2.1327,27214,10
Melton Mowbray,52.7661,-0.886,27158,10
Haverhill,52.08,0.44,27041,10
Didcot,51.606,-1.241,26920,10
Clifton,52.904,-1.177,26835,10
Chichester,50.8365,-0.7792,26795,10
Hertford,51.795,-0.078,26783,10
Highbury,51.552,-0.097,26664,10
Newton Aycliffe,54.62,-1.58,26633,10
Fern Down,50.81,-1.9,17650,10
Congleton,53.162,-2.217,26482,10
Cheadle Hulme,53.3761,-2.1897,26479,10
East Grinstead,51.129,-0.007,26383,10
Thatcham,51.405,-1.264,26217,10
Frome,51.2279,-2.3215,26203,10
Burntwood,52.6831,-1.92,26049,10
Clydebank,55.8997,-4.4006,25970,10
Fleetwood,53.923,-3.015,25939,10
Bournville,52.4299,-1.9355,25938,10
Shenley Brook End,52.009,-0.789,25828,10
Bushey,51.6429,-0.3604,25763,10
New Milton,50.76,-1.65,25717,10
Northfield,52.408,-1.963,25707,10
Coulsdon,51.3211,-0.1386,25695,10
Bilston,52.566,-2.0728,25576,10
Newton Abbot,50.529,-3.61,23580,10
Wellington,52.7001,-2.5157,25554,10
Newport,50.701,-1.2883,23957,10
Oldbury,52.505,-2.0159,25488,10
Bishop Auckland,54.6566,-1.6768,25455,10
Longbridge,52.395,-1.979,25410,10
Bloxwich,52.614,-2.004,25401,10
Upminster,51.5557,0.2512,25361,10
Witham,51.7978,0.6373,25353,10
Workington,54.6365,-3.5549,25207,10
Kingswinford,52.4981,-2.1657,25191,10
Rhyl,53.321,-3.48,25149,10
Daventry,52.26,-1.16,25026,10
Hindley,53.5355,-2.5658,25001,10
Rainham,51.36,0.61,25000,10
Portishead,51.484,-2.7626,25000,10
Pitsea,51.569,0.504,25000,10
Westhoughton,53.549,-2.529,24974,10
Broadstairs,51.3589,1.4394,24903,10
Consett,54.85,-1.83,24828,10
Thornaby on Tees,54.5556,-1.3049,24741,10
Wilmslow,53.325,-2.239,24497,10
Kings Norton,52.4072,-1.9272,24380,10
Thetford,52.41,0.74,24340,10
Elgin,57.65,-3.315,24320,10
Chester-le-Street,54.8594,-1.5699,24227,10
Farnley,53.7876,-1.6159,24213,10
Great Sankey,53.3918,-2.6383,24211,10
Golborne,53.4758,-2.5943,24169,10
Plymstock,50.3569,-4.09,24103,10
Bognor Regis,50.7824,-0.6764,24064,10
Barnstaple,51.08,-4.06,24033,10
Rugeley,52.7599,-1.9388,24033,10
Eastleigh,50.9667,-1.35,24011,10
Ashton in Makerfield,53.487,-2.641,24000,10
Whitehaven,54.548,-3.5855,23986,10
Rickmansworth,51.6383,-0.4659,23973,10
Littleover,52.906,-1.505,23958,10
Caversham,51.467,-0.973,23885,10
Oadby,52.5987,-1.0763,23849,10
Bishopbriggs,55.9046,-4.225,23540,10
Kidsgrove,53.0874,-2.2478,23756,10
Huntingdon,52.3364,-0.1717,23732,10
Stalybridge,53.4834,-2.04,23731,10
Stanmore,51.618,-0.314,23700,10
Felixstowe,51.9639,1.3515,23689,10
Marple,53.397,-2.061,23687,10
Perry Barr,52.5249,-1.9042,23652,10
Gosforth,55.007,-1.623,23620,10
Droitwich,52.267,-2.153,23504,10
Arbroath,56.561,-2.586,23490,10
Seaford,50.77,0.1,23463,10
Evesham,52.092,-1.947,23428,10
Whitefield,53.5521,-2.2992,23283,10
Penwortham,53.74,-2.72,23047,10
Harborne,52.46,-1.95,23001,10
Swinton,53.5122,-2.3412,22931,10
Market Harborough,52.4775,-0.9206,22911,10
Penistone,53.525,-1.629,22909,10
Gainsborough,53.4016,-0.7732,22841,10
Walton upon Thames,51.3868,-0.4133,22834,10
Erdington,52.5236,-1.8378,22828,10
Haywards Heath,51.0048,-0.0979,22800,10
Stratton Saint Margaret,51.586,-1.762,22698,10
Droylsden,53.4828,-2.1582,22689,10
Wednesfield,52.5998,-2.0817,22646,10
Calverley,53.8266,-1.6908,4328,10
Leigh-on-Sea,51.5425,0.6535,22509,10
Formby,53.5586,-3.0666,22419,10
Kenilworth,52.341,-1.566,22413,10
Pudsey,53.797,-1.663,22408,10
Guiseley,53.875,-1.706,22347,10
Alfreton,53.097,-1.38,22302,10
March,52.551,0.088,22298,10
Litherland,53.4727,-2.999,22242,10
Yeadon,53.869,-1.688,22233,10
Acomb,53.955,-1.126,22215,10
Buxton,53.259,-1.911,22215,10
Newton in Makerfield,53.45,-2.633,22114,10
Penarth,51.43,-3.17,22083,10
Horley,51.174,-0.172,22076,10
Northwood,51.601,-0.4176,22047,10
East Retford,53.3228,-0.9431,22013,10
Atherton,53.523,-2.495,22000,10
Rawtenstall,53.699,-2.291,22000,10
Musselburgh,55.942,-3.054,20840,10
Renfrew,55.8791,-4.3868,21854,10
Belper,53.029,-1.475,21822,10
Reigate,51.237,-0.206,21820,10
Sheldon,52.45,-1.7666,21817,10
Godalming,51.18,-0.61,21804,10
Falmouth,50.15,-5.07,21797,10
Kilwinning,55.655,-4.703,16460,10
Potters Bar,51.698,-0.183,21639,10
Camborne,50.213,-5.3,21600,10
Linslade,51.9243,-0.6774,21590,10
Chesham,51.712,-0.612,21483,10
Richmond,51.456,-0.301,21469,10
Chandlers Ford,50.984,-1.3792,21436,10
Darton,53.585,-1.5325,21345,10
Royton,53.566,-2.121,21284,10
Clevedon,51.438,-2.854,21281,10
Dronfield,53.3024,-1.4664,21261,10
Ossett,53.68,-1.58,21231,10
Penzance,50.119,-5.537,21200,10
Waltham Abbey,51.6846,0.0004,21149,10
Omagh,54.59,-7.29,16326,10
Caterham,51.2803,-0.0816,21030,10
Woodlesford,53.7567,-1.453,21010,10
Maesteg,51.61,-3.65,20612,10
Normanton,53.697,-1.416,20872,10
Wallington,51.3647,-0.1403,20850,10
Ripley,53.05,-1.407,20807,10
Sandhurst,51.349,-0.8,20803,10
Leek,53.108,-2.0234,20768,10
Alloa,56.116,-3.793,20730,10
Boscombe,50.725,-1.84,20719,10
Llandudno,53.325,-3.826,20701,10
Failsworth,53.5102,-2.1575,20680,10
Kirkstall,53.816,-1.602,20673,10
Kirkby in Ashfield,53.099,-1.245,20672,10
Bellshill,55.8165,-4.0262,20290,10
Crowborough,51.06,0.16,20607,10
Shoreham-by-Sea,50.834,-0.273,20547,10
Dumbarton,55.95,-4.5667,20527,10
Hythe,50.869,-1.399,20526,10
Hailsham,50.8647,0.2577,20476,10
Maghull,53.5174,-2.9449,20444,10
Bathgate,55.9024,-3.6431,20363,10
Rothwell,53.7485,-1.478,20354,10
Newquay,50.412,-5.0757,20342,10
Hoddesdon,51.759,-0.015,20250,10
Seaham,54.84,-1.34,20172,10
Peterlee,54.76,-1.33,20164,10
Halewood,53.3599,-2.84,20116,10
Ely,52.3981,0.2622,20112,10
Killingworth,55.0318,-1.5557,20079,10
Horwich,53.592,-2.54,20067,10
Bispham,53.852,-3.041,20001,10
Antrim,54.7173,-6.2055,19986,10
Wetherby,53.9276,-1.3839,19979,10
Saint Austell,50.3386,-4.7922,19958,10
Irlam,53.445,-2.422,19933,10
Northwich,53.259,-2.518,19924,10
Biddulph,53.12,-2.17,19892,10
Spennymoor,54.7,-1.59,19816,10
Barrhead,55.8016,-4.388,17610,10
Garforth,53.792,-1.388,19811,10
Tewkesbury,51.99,-2.16,19778,10
Stamford,52.656,-0.484,19701,10
Kirkintilloch,55.9357,-4.1547,19700,10
Davyhulme,53.4559,-2.3683,19634,10
Skegness,53.14,0.34,19579,10
Burnham-on-Sea,51.2376,-2.9935,19576,10
Abbots Langley,51.701,-0.416,19574,10
Mirfield,53.6807,-1.6888,19563,10
Tiverton,50.903,-3.488,19544,10
Goole,53.6992,-0.8692,19518,10
South Ockendon,51.5207,0.2956,19460,10
Romsey,50.989,-1.4966,19441,10
Kempston,52.114,-0.497,19440,10
Adel,53.8489,-1.5849,19430,10
Liversedge,53.7067,-1.69,19420,10
Hampton,51.422,-0.367,19372,10
Great Linford,52.068,-0.7637,19350,10
Faversham,51.3177,0.8928,19316,10
Dukinfield,53.4739,-2.0828,19306,10
Stowmarket,52.19,1,19280,10
Neath,51.66,-3.81,19258,10
Ecclesall,53.362,-1.498,19211,10
Molesey,51.401,-0.363,19088,10
Cirencester,51.719,-1.968,19076,10
Dorchester,50.7154,-2.4367,19060,10
Monkseaton,55.043,-1.459,19044,10
Linlithgow,55.9791,-3.6105,19000,10
Southbourne,50.722,-1.798,18960,10
Horsforth,53.8341,-1.6429,18895,10
Prestatyn,53.331,-3.405,18849,10
Kilbirnie,55.755,-4.686,7340,10
Lancing,50.832,-0.319,18810,10
Ware,51.8109,-0.0314,18799,10
Truro,50.26,-5.051,18766,10
Eastwood,53.018,-1.304,18612,10
East Dereham,52.681,0.94,18609,10
Ebbw Vale,51.7779,-3.2117,18558,10
Peterhead,57.5091,-1.7832,18537,10
Appley Bridge,53.579,-2.721,18500,10
Berkhampstead,51.76,-0.56,18100,10
Rawmarsh,53.4636,-1.3439,18498,10
Poulton le Fylde,53.847,-2.995,18495,10
Staines-upon-Thames,51.433,-0.517,18484,10
Bedlington,55.133,-1.583,18470,10
Mill Hill,51.62,-0.23,18451,10
Almondbury,53.6344,-1.7489,18346,10
Hadleigh,51.5535,0.6095,18300,10
Staveley,53.2694,-1.3484,18247,10
Fulwood,53.365,-1.544,18233,10
Redhill,51.2393,-0.1726,18163,10
Aberystwyth,52.414,-4.081,12250,10
Sunbury,51.423,-0.424,18041,10
Mickleover,52.901,-1.552,18000,10
Sandbach,53.146,-2.367,17976,10
Madeley,52.637,-2.448,17935,10
Grangemouth,56.012,-3.717,16650,10
Ramsbottom,53.6484,-2.3169,17872,10
Colne,53.8554,-2.1756,17855,10
Alton,51.1498,-0.9769,17816,10
Portchester,50.842,-1.12,17789,10
Guisborough,54.535,-1.0563,17777,10
Harwich,51.934,1.266,17684,10
Sleaford,52.996,-0.413,17671,10
Moreton,53.401,-3.111,17670,10
Quedgeley,51.825,-2.28,17519,10
Warminster,51.205,-2.181,17490,10
Woodhouse,53.358,-1.373,17450,10
Bramhall,53.357,-2.164,17436,10
Nantwich,53.067,-2.522,17424,10
Hednesford,52.7115,-2.0006,17343,10
Lewes,50.8756,0.0179,15988,10
Houghton Regis,51.9039,-0.5247,17280,10
Thornton,53.7898,-1.8504,17276,10
Calne,51.438,-2.005,17274,10
Heanor,53.014,-1.354,17251,10
Friern Barnet,51.6126,-0.1584,17250,10
Milton,53.05,-2.142,17250,10
Glen Parva,52.5867,-1.1617,17189,10
Cottingham,53.7822,-0.4136,17164,10
Bideford,51.016,-4.209,17107,10
Oswestry,52.8598,-3.0538,15613,10
Mosbrough,53.325,-1.362,17097,10
Heysham,54.046,-2.894,17016,10
Golcar,53.6378,-1.8457,17000,10
Westbury,51.26,-2.191,16989,10
Heckmondwike,53.708,-1.67,16986,10
Clayton,53.782,-1.8135,16982,10
Morriston,51.6647,-3.9389,16928,10
High Blantyre,55.793,-4.097,16900,10
Braunstone,52.616,-1.175,16850,10
Haslingden,53.705,-2.328,16849,10
Northallerton,54.3378,-1.4285,15741,10
Haslemere,51.09,-0.712,16826,10
Saint Andrews,56.3404,-2.7955,16680,10
Fazakerley,53.4676,-2.9408,16786,10
Hatfield,53.58,-1,16776,10
Windlesham,51.36,-0.66,16775,10
Connahs Quay,53.2179,-3.0573,16774,10
Plumstead,51.49,0.09,16736,10
Ripon,54.138,-1.524,16702,10
Brixham,50.394,-3.516,16693,10
Maltby,53.426,-1.21,16688,10
Banstead,51.322,-0.204,16666,10
Whickham,54.9456,-1.6726,16652,10
Keynsham,51.4135,-2.4968,16641,10
Johnstone,55.8346,-4.5027,16090,10
Cleckheaton,53.725,-1.719,16622,10
Newmarket,52.2459,0.4105,16615,10
The Mumbles,51.573,-3.9992,16600,10
Biggleswade,52.0855,-0.2557,16551,10
Cowley,51.733,-1.215,16500,10
Hebburn,54.9718,-1.5128,16492,10
Enfield Lock,51.6686,-0.026,16469,10
Louth,53.3669,-0.0061,16419,10
Buckhaven,56.1776,-3.0303,4220,10
Stone,52.9,-2.15,16385,10
Saint Ives,52.3344,-0.0761,16384,10
Denby Dale,53.572,-1.655,16365,10
Bangor,53.228,-4.128,16358,10
Birstall,53.7343,-1.6609,16298,10
Clitheroe,53.8711,-2.3916,16279,10
Queensbury,53.7683,-1.8453,16273,10
Stepney,51.5152,-0.0462,16238,10
Basford,52.978,-1.169,16207,10
Saltash,50.408,-4.212,16184,10
Giffnock,55.8051,-4.2946,12300,10
Tyldesley,53.5166,-2.4667,16142,10
East Barnet,51.643,-0.163,16137,10
Upton,53.385,-3.099,16130,10
Whittlesey,52.558,-0.13,16058,10
Worcester Park,51.3752,-0.239,16031,10
Porthcawl,51.48,-3.69,15640,10
East Finchley,51.5902,-0.1753,15989,10
Chertsey,51.3902,-0.5074,15967,10
Dawlish,50.581,-3.466,15954,10
Penicuik,55.826,-3.22,15926,10
Bingley,53.8509,-1.838,15925,10
Adwick le Street,53.5677,-1.1931,15911,10
Hayes,51.378,0.0192,15906,10
Addlestone,51.3695,-0.4901,15883,10
Royston,52.0471,-0.0202,15781,10
Carterton,51.76,-1.59,15769,10
Bebington,53.35,-3.003,15768,10
Lymington,50.75,-1.55,15726,10
Bonnyrigg,55.8747,-3.1031,15677,10
Buckley,53.172,-3.086,15665,10
Ince-in-Makerfield,53.5402,-2.599,15664,10
Nailsea,51.43,-2.76,15630,10
Thundersley,51.57,0.59,15600,10
Swinton,53.4877,-1.3149,15559,10
Wimborne Minster,50.804,-1.978,6418,10
West Ham,51.5347,0.0077,15551,10
Saffron Walden,52.022,0.243,15504,10
Stoke Gifford,51.517,-2.548,15494,10
Shipley,53.833,-1.777,15483,10
Todmorden,53.713,-2.096,15481,10
Weybridge,51.362,-0.453,15449,10
Knaresborough,54.0084,-1.467,15441,10
Helensburgh,56.0166,-4.7333,13640,10
Port Glasgow,55.934,-4.6906,14620,10
Seacombe,53.409,-3.029,15387,10
Baildon,53.851,-1.763,15360,10
Hemsworth,53.61,-1.35,15350,10
Perivale,51.5383,-0.3192,15339,10
Wombwell,53.516,-1.4,15316,10
Stanley,53.7145,-1.476,15314,10
Llantrisant,51.5423,-3.3785,15313,10
Broxbourne,51.7495,-0.0216,15303,10
Hazel Grove,53.375,-2.111,15265,10
Featherstone,53.7,-1.37,15244,10
Mexborough,53.4992,-1.283,15244,10
Stapleford,52.929,-1.274,15241,10
Neston,53.289,-3.074,15221,10
Bidston,53.402,-3.078,15216,10
Northenden,53.4075,-2.2583,15200,10
Penrith,54.6648,-2.7548,14756,10
Chellaston,52.8671,-1.4384,15198,10
Palmers Green,51.6178,-0.1092,15162,10
Totteridge,51.6354,-0.2,15159,10
Blaydon,54.963,-1.7187,15155,10
New Brighton,53.432,-3.049,15149,10
Teignmouth,50.5515,-3.4886,14749,10
Newport Pagnell,52.087,-0.722,15118,10
Tredegar,51.7776,-3.2407,15103,10
Swallownest,53.3623,-1.3251,15022,10
Netherton,52.4908,-2.0835,15017,10
Hessle,53.7239,-0.4319,15000,10
Winkfield,51.4318,-0.7096,14998,10
Petersfield,51.0038,-0.9345,14974,10
Larkhall,55.737,-3.972,14740,10
Sudbury,51.5537,-0.3199,14950,10
Wyke,53.7369,-1.77,14950,10
Kew Green,51.5308,-0.2248,14915,10
Bromborough,53.336,-2.978,14850,10
Chislehurst,51.412,0.075,14831,10
Ilkley,53.925,-1.822,14809,10
Baguley,53.399,-2.276,14794,10
Minster,51.421,0.809,14789,10
Balham,51.4434,-0.1525,14751,10
Prestwick,55.4956,-4.6142,14720,10
Banbridge,54.343,-6.26,14744,10
Bodmin,50.466,-4.718,14736,10
Selby,53.7818,-1.0703,14731,10
Conwy,53.28,-3.83,14723,10
Tilehurst,51.4579,-1.0406,14683,10
Troon,55.54,-4.66,14680,10
Melksham,51.371,-2.138,14677,10
Wibsey,53.7672,-1.7728,14671,10
Great Baddow,51.719,0.507,14650,10
Farnborough,51.3591,0.0741,14632,10
Skipton,53.962,-2.017,14623,10
Lowton,53.471,-2.569,14605,10
Burbage,52.5277,-1.3483,14568,10
Thorpe Saint Andrew,52.6354,1.3431,14556,10
Wellington,50.9755,-3.2243,14549,10
Moston,53.5156,-2.1848,14518,10
Hythe,51.0716,1.084,14170,10
Chelsfield,51.3582,0.1278,14507,10
Uckfield,50.97,0.1,14493,10
Deysbrook,53.429,-2.934,14490,10
Bo’ness,56.0168,-3.6089,14490,10
Armthorpe,53.5352,-1.0522,14457,10
Southgate,51.6316,-0.1265,14454,10
Dollis Hill,51.5641,-0.2341,14425,10
Wymondham,52.57,1.116,14405,10
Hetton le Hole,54.8208,-1.4488,14402,10
Amersham,51.677,-0.603,14384,10
West Derby,53.4338,-2.907,14382,10
West Drayton,51.5043,-0.4646,14370,10
Conisbrough,53.479,-1.227,14333,10
Kidbrooke,51.465,0.033,14300,10
Rock Ferry,53.373,-3.008,14298,10
Shirley,51.3813,-0.0543,14296,10
Hawick,55.422,-2.787,14294,10
Patcham,50.864,-0.15,14277,10
West Wickham,51.3765,-0.0193,14276,10
Weston,53.413,-2.798,14263,10
Poynton,53.3492,-2.1222,14260,10
Seacroft,53.8222,-1.4599,14246,10
Maldon,51.7318,0.6758,14220,10
Kearsley,53.53,-2.37,14212,10
Caerfyrddin,51.856,-4.316,14185,10
Leyton,51.5606,-0.0155,14184,10
Mackworth,52.9277,-1.5373,14180,10
Ashtead,51.31,-0.299,14169,10
Wombourn,52.5302,-2.1857,14157,10
Smethwick,52.4928,-1.9682,14146,10
Childwall,53.395,-2.881,14085,10
Cowdenbeath,56.11,-3.35,11640,10
Forfar,56.6442,-2.8884,14048,10
Redruth,50.233,-5.224,14018,10
Morpeth,55.1675,-1.6908,14017,10
Marlow,51.57,-0.78,14004,10
Pemberton,53.536,-2.6738,13982,10
Verwood,50.8815,-1.8785,13969,10
Bourne,52.7684,-0.3775,13961,10
Ringwood,50.85,-1.78,13943,10
Brierley Hill,52.4795,-2.1245,13935,10
Streetly,52.577,-1.884,13934,10
Milford Haven,51.7142,-5.0427,13725,10
Bickley,51.4003,0.0466,13904,10
North Hykeham,53.1819,-0.5849,13884,10
Rustington,50.8102,-0.5052,13883,10
Eastham,53.313,-2.962,13882,10
Cosham,50.8424,-1.066,13830,10
Kidlington,51.823,-1.291,13723,10
Knottingley,53.705,-1.249,13710,10
Otley,53.905,-1.687,13668,10
Rottingdean,50.815,-0.065,13651,10
Allestree,52.9519,-1.4856,13622,10
Middlewich,53.192,-2.443,13595,10
Bredbury,53.42,-2.113,13593,10
Bridport,50.7336,-2.7584,13569,10
Rossington,53.4759,-1.0613,13557,10
Hilsea,50.83,-1.07,13552,10
Clifton,53.9721,-1.0979,13548,10
Milngavie,55.9421,-4.3137,12940,10
Shepshed,52.7711,-1.2951,13505,10
Ystrad Mynach,51.6419,-3.2405,13500,10
Little Hulton,53.53,-2.418,13469,10
Alexandria,55.98,-4.58,6860,10
Rosyth,56.0339,-3.4323,13440,10
Chaddesden,52.9301,-1.4383,13413,10
Heswall,53.328,-3.099,13401,10
Amblecote,52.46,-2.16,13393,10
Saint Budeaux,50.4033,-4.1856,13369,10
Egg Buckland,50.4006,-4.1136,13351,10
Bacup,53.704,-2.199,13323,10
Ampthill,52.0263,-0.4906,13307,10
Shirebrook,53.2048,-1.2197,13300,10
Carluke,55.7337,-3.8343,13300,10
Standish,53.586,-2.664,13278,10
West Boldon,54.9447,-1.4409,13271,10
Dingle,53.3774,-2.9613,13246,10
Whitby,54.4858,-0.6206,13213,10
Walsall Wood,52.6277,-1.9301,13207,10
Southwick,50.836,-0.239,13195,10
Knutsford,53.3025,-2.3708,13191,10
Broughty Ferry,56.4672,-2.8699,13155,10
Hamworthy,50.7207,-2.0109,13141,10
Fraserburgh,57.693,-2.005,13100,10
Wollaston,52.4619,-2.1663,13092,10
Uttoxeter,52.898,-1.86,13089,10
Great Driffield,54.005,-0.438,13080,10
Chard,50.8728,-2.9587,13074,10
Goodmayes,51.5584,0.1119,13069,10
Pendlebury,53.5075,-2.3154,13069,10
Sudbury,52.0417,0.7282,13063,10
Milnrow,53.6101,-2.1111,13061,10
Holborn,51.5172,-0.1182,13023,10
Brackley,52.032,-1.147,13018,10
Midsomer Norton,51.2842,-2.4817,13000,10
Corsham,51.43,-2.19,13000,10
Cumnock,55.4529,-4.2638,8830,10
Gornalwood,52.523,-2.124,12992,10
Yiewsley,51.513,-0.471,12979,10
Shenley Church End,52.022,-0.788,12961,10
Flint,53.2482,-3.1358,12953,10
Woolton,53.374,-2.865,12921,10
Leagrave,51.903,-0.466,12910,10
Cliftonville,51.3881,1.4046,12900,10
Buckingham,51.995,-0.986,12890,10
Chilwell,52.916,-1.235,12864,10
Syston,52.7,-1.08,12804,10
Little Lever,53.563,-2.369,12803,10
Sanderstead,51.3358,-0.0818,12777,10
Chalfont Saint Peter,51.607,-0.556,12766,10
Ainsdale,53.6021,-3.0405,12723,10
Flitwick,52.0038,-0.4966,12700,10
Brownhills,52.647,-1.933,12676,10
Hornsey,51.587,-0.118,12659,10
Sutton on Hull,53.7806,-0.3047,12649,10
Horndean,50.9136,-0.9961,12639,10
North Walsham,52.821,1.387,12634,10
Galashiels,55.6194,-2.8033,12600,10
Selston,53.07,-1.3,12596,10
Forres,57.608,-3.62,10100,10
Wordsley,52.483,-2.15,12582,10
Tranent,55.945,-2.954,12140,10
Sidmouth,50.68,-3.239,12569,10
Croxley Green,51.647,-0.445,12562,10
Mablethorpe,53.3409,0.261,12531,10
Abergavenny,51.824,-3.0167,12515,10
Wolverton,52.0626,-0.8102,12492,10
Costessey,52.6602,1.2161,12463,10
Barton upon Irwell,53.476,-2.36,12462,10
Bickenhill,52.439,-1.725,12456,10
Tilbury,51.4606,0.3582,12450,10
Chigwell,51.6225,0.0723,12449,10
Blunsdon Saint Andrew,51.61,-1.79,12414,10
Hersham,51.3681,-0.4008,12414,10
Spondon,52.92,-1.401,12377,10
Ashby de la Zouch,52.746,-1.476,12370,10
Coseley,52.55,-2.083,12357,10
Ovenden,53.7432,-1.8779,12351,10
Chepstow,51.642,-2.675,12350,10
Lymm,53.3834,-2.475,12350,10
Lye,52.459,-2.116,12346,10
Thornbury,51.6094,-2.5249,12342,10
Dalkeith,55.8958,-3.0583,12342,10
Tonyrefail,51.584,-3.4306,12301,10
New Mills,53.367,-2.007,12291,10
Thatto Heath,53.4352,-2.7481,12280,10
Harrow on the Hill,51.5655,-0.3327,12270,10
Newhaven,50.8,0.06,12232,10
Caldicot,51.591,-2.7492,12230,10
Olton,52.4377,-1.8058,12167,10
Cheadle,52.9849,-1.9865,12165,10
Bamber Bridge,53.7281,-2.6606,12126,10
Huntington,53.9926,-1.043,12108,10
Sedgley,52.54,-2.123,12087,10
Beaconsfield,51.6009,-0.6347,12081,10
Bridgnorth,52.535,-2.4195,12079,10
Fenton,52.9977,-2.1578,12070,10
Berwick-Upon-Tweed,55.771,-2.007,12043,10
Hwlffordd,51.8,-4.97,12042,10
Wells,51.209,-2.647,12000,10
Broxburn,55.934,-3.471,12000,10
Warsop,53.2,-1.15,11999,10
Minehead,51.2038,-3.4738,11981,10
Montrose,56.708,-2.467,11955,10
Broughton Astley,52.5278,-1.2275,11940,10
Sheerness,51.441,0.76,11938,10
Halstead,51.9451,0.6411,11906,10
Bargoed,51.69,-3.24,11900,10
Rushall,52.611,-1.957,11871,10
Snaresbrook,51.587,0.0146,11868,10
Sandown,50.6551,-1.1541,11868,10
Hoyland Nether,53.4985,-1.4406,11852,10
Ivybridge,50.389,-3.921,11851,10
Torton,52.4522,-2.1606,11841,10
Trentham,52.9663,-2.1899,11836,10
Hexham,54.971,-2.101,11139,10
Honiton,50.8,-3.19,11822,10
Wath upon Dearne,53.5022,-1.3402,11816,10
Street,51.1235,-2.7381,11805,10
Oswaldtwistle,53.743,-2.393,11803,10
Alsager,53.0961,-2.3048,11775,10
Market Drayton,52.9044,-2.4848,11773,10
Gillingham,51.0375,-2.2748,11756,10
Hackney,51.5414,-0.0266,11734,10
Tring,51.7962,-0.6592,11730,10
Devizes,51.353,-1.994,11715,10
Sowerby Bridge,53.71,-1.91,11703,10
Risca,51.608,-3.091,11693,10
Leominster,52.2282,-2.7385,11691,10
Ulverston,54.193,-3.09,11678,10
Elland,53.683,-1.84,11676,10
Prudhoe,54.961,-1.849,11675,10
Bolsover,53.2304,-1.2875,11673,10
Bryn,53.499,-2.657,11662,10
Sandy,52.131,-0.297,11657,10
Henley on Thames,51.536,-0.898,11619,10
Ascot,51.4084,-0.6707,11603,10
Sunninghill,51.405,-0.656,11603,10
Stonehaven,56.964,-2.211,11602,10
Abertillery,51.73,-3.13,11601,10
Wallingford,51.599,-1.125,11600,10
Thame,51.75,-0.97,11561,10
Belgrave,52.6566,-1.1262,11558,10
Wanstead,51.5778,0.0286,11543,10
Blundellsands,53.48,-3.05,11514,10
Brislington,51.4316,-2.5439,11511,10
Gourock,55.9538,-4.8173,10350,10
Pelsall,52.631,-1.972,11505,10
Tadley,51.3506,-1.1376,11473,10
Culcheth,53.4517,-2.5218,11454,10
Sandridge,51.7808,-0.3038,11451,10
Holyhead,53.309,-4.633,11431,10
Haydock,53.4678,-2.6609,11416,10
Carnoustie,56.5005,-2.7147,11394,10
Wealdstone,51.5957,-0.3352,11394,10
Greetland,53.6869,-1.8714,11389,10
Stainland,53.6728,-1.8805,11389,10
Newport,52.7691,-2.3787,11387,10
Royal Wootton Bassett,51.533,-1.9,11385,10
Buckhurst Hill,51.632,0.036,11380,10
Harrow Weald,51.604,-0.339,11376,10
Newtown,52.5132,-3.3141,11357,10
Knowsley,53.4498,-2.8501,11343,10
Wantage,51.589,-1.427,11327,10
Leatherhead,51.295,-0.329,11316,10
Burslem,53.0426,-2.1879,11314,10
Oxted,51.257,-0.006,11314,10
Hipperholme,53.7258,-1.812,11308,10
Chorleywood,51.65,-0.51,11286,10
Stanwell,51.457,-0.4715,11279,10
Astley,53.5008,-2.4454,11270,10
Burtonwood,53.4302,-2.6614,11265,10
Maryport,54.7128,-3.4926,11262,10
Saltcoats,55.6352,-4.7896,11260,10
Holywood,54.636,-5.845,11257,10
Kingsnorth,51.1178,0.8615,11243,10
Cranleigh,51.1363,-0.4784,11241,10
Largs,55.794,-4.867,11241,10
Crayford,51.4491,0.1812,11226,10
Saint Ives,50.211,-5.48,11226,10
Castle Bromwich,52.505,-1.7856,11217,10
Dorking,51.234,-0.3318,11185,10
Prescot,53.422,-2.814,11184,10
Ilfracombe,51.208,-4.12,11184,10
Wootton,52.2007,-0.8857,11180,10
Helston,50.1,-5.27,9780,10
Shoeburyness,51.5316,0.7978,11159,10
Eckington,53.308,-1.3643,11152,10
Aylestone,52.604,-1.154,11151,10
Dorridge,52.372,-1.7554,11140,10
Evington,52.621,-1.072,11133,10
Southborough,51.1598,0.2652,11124,10
Iver,51.521,-0.507,11119,10
Barton upon Humber,53.6833,-0.45,11066,10
Timperley,53.387,-2.328,11061,10
Whitchurch,51.4064,-2.5594,11061,10
Great Wyrley,52.6593,-2.0102,11060,10
Epping,51.7004,0.1087,11047,10
Bottesford,53.5521,-0.6714,11038,10
Tavistock,50.545,-4.15,11018,10
Churchdown,51.88,-2.17,10990,10
Cudworth,53.5784,-1.4149,10977,10
Hellesdon,52.6485,1.2509,10957,10
Highgate,51.5716,-0.1448,10955,10
Ardrossan,55.6432,-4.8097,10670,10
Oakham,52.6705,-0.7333,10922,10
Ponteland,55.048,-1.747,10921,10
Mossley,53.5147,-2.0387,10921,10
Hollinwood,53.5183,-2.144,10920,10
Inverurie,57.28,-2.38,10885,10
Soham,52.3338,0.3361,10860,10
Rainhill,53.4157,-2.7625,10853,10
Stranraer,54.902,-5.027,10320,10
Earlestown,53.45,-2.65,10830,10
Great Harwood,53.786,-2.408,10800,10
Methil,56.1844,-3.0223,10800,10
Wooburn,51.581,-0.691,10792,10
Flixton,53.447,-2.391,10786,10
Parkstone,50.71,-1.95,10779,10
Barnoldswick,53.9147,-2.1895,10752,10
Stannington,53.396,-1.536,10747,10
Selsey,50.735,-0.7898,10737,10
Royston,53.61,-1.45,10728,10
Amesbury,51.17,-1.77,10724,10
Ross on Wye,51.914,-2.587,10700,10
Desborough,52.4398,-0.8172,10697,10
Hatch End,51.601,-0.3743,10693,10
Darfield,53.538,-1.3812,10685,10
Knowle,52.3881,-1.7318,10678,10
Aylesford,51.3033,0.4796,10660,10
Cookstown,54.647,-6.745,10646,10
North Tidworth,51.237,-1.664,10621,10
Longbenton,55,-1.57,10617,10
Bishops Cleeve,51.947,-2.061,10612,10
Blandford Forum,50.856,-2.1648,10610,10
Englefield Green,51.4301,-0.5699,10607,10
Felton,51.51,-2.574,10607,10
Kingsteignton,50.5458,-3.5962,10600,10
Abergele,53.28,-3.58,10577,10
Southwick,54.9193,-1.4062,10535,10
Whitburn,55.8621,-3.6872,10527,10
Monmouth,51.81,-2.72,10508,10
Ryhope,54.8679,-1.3698,10484,10
Fort William,56.8198,-5.1052,10175,10
Holbeach,52.8037,0.0154,10458,10
Chatteris,52.456,0.055,10453,10
Eccleston,53.4539,-2.7748,10433,10
Scartho,53.5399,-0.0926,10408,10
Cowes,50.7595,-1.3002,10405,10
Charlton Kings,51.8877,-2.0413,10396,10
Ickenham,51.558,-0.4484,10387,10
Shepton Mallet,51.193,-2.546,10369,10
Prestonpans,55.9597,-2.961,10360,10
Mildenhall,52.3446,0.5089,10315,10
Broadstone,50.7605,-1.995,10303,10
Spitalfields,51.5166,-0.075,10286,10
Cheam,51.36,-0.21,10285,10
Ludlow,52.368,-2.718,10266,10
Appleton,53.3508,-2.5441,10265,10
Lemington,54.972,-1.723,10228,10
Snodland,51.328,0.4467,10211,10
Castleton,53.5907,-2.1737,10159,10
Rogerstone,51.5906,-3.0537,10158,10
Hucclecote,51.85,-2.18,10158,10
Great Missenden,51.7042,-0.7078,10138,10
Corfe Mullen,50.7701,-2.0175,10133,10
Beccles,52.458,1.563,10123,10
Padiham,53.797,-2.311,10098,10
Worsley,53.5093,-2.3845,10090,10
Warfield,51.442,-0.737,10088,10
Mold,53.166,-3.133,10058,10
Chapeltown,53.462,-1.466,10043,10
Southwater,51.0238,-0.3526,10025,10
Horbury,53.6595,-1.5566,10002,10
Shevington,53.572,-2.69,9517,10
Downham Market,52.6,0.39,9994,10
Euxton,53.662,-2.674,9993,10
Marton,54.5406,-1.2124,9990,10
Shildon,54.63,-1.65,9976,10
Bishopstoke,50.9679,-1.3278,9974,10
Aberaman,51.7,-3.4333,9964,10
Birchington,51.377,1.305,9961,10
Handsworth,53.37,-1.4,9957,10
Haddington,55.958,-2.774,9130,10
Aldenham,51.6723,-0.3546,9942,10
Baldock,51.99,-0.19,9900,10
Worth,51.113,-0.147,9888,10
Stocksbridge,53.478,-1.588,9869,10
Kilsyth,55.98,-4.06,9860,10
Ellon,57.366,-2.086,9860,10
Abram,53.508,-2.588,9855,10
Caernarfon,53.14,-4.27,9615,10
Ollerton,53.2,-1.02,9840,10
Choppington,55.145,-1.601,9787,10
Kippax,53.7669,-1.3705,9785,10
Tottington,53.613,-2.339,9783,10
Whitchurch,52.969,-2.682,9781,10
Dodworth,53.5417,-1.5214,9777,10
Nairn,57.586,-3.869,9773,10
Balderton,53.0549,-0.7727,9757,10
Shepperton,51.39,-0.46,9753,10
Pembroke Dock,51.6933,-4.9458,9753,10
Felpham,50.7905,-0.6539,9746,10
Cobham,51.329,-0.409,9739,10
Raynes Park,51.4033,-0.2321,9738,10
Rhosllanerchrugog,53.011,-3.052,9694,10
Lambeth,51.4903,-0.1193,9675,10
Bradwell,52.05,-0.787,9657,10
Glenfield,52.6491,-1.2062,9643,10
Immingham,53.6139,-0.2183,9642,10
Hockley,51.6014,0.6363,9616,10
Swanage,50.608,-1.96,9601,10
Boxley,51.3024,0.5429,9554,10
Matlock,53.14,-1.55,9543,10
Newburn,54.983,-1.743,9536,10
Skelton,54.5619,-0.9874,9526,10
Sherborne,50.9469,-2.5171,9350,10
Tadworth,51.294,-0.242,9522,10
Worsborough,53.52,-1.47,9516,10
London Colney,51.726,-0.3,9507,10
Emsworth,50.849,-0.938,9492,10
Llantwit Major,51.4062,-3.475,9486,10
Bewdley,52.3752,-2.3162,9470,10
Killamarsh,53.3205,-1.3116,9445,10
South Normanton,53.107,-1.343,9445,10
Bradford-on-Avon,51.347,-2.251,9402,10
Horsell,51.3286,-0.5617,9384,10
Broadwater,50.8282,-0.3742,9373,10
Wilnecote,52.6081,-1.6677,9358,10
Kirkwall,58.981,-2.96,7420,10
Ledbury,52.0339,-2.4235,9290,10
Crigglestone,53.644,-1.5226,9271,10
Towcester,52.13,-0.99,9252,10
Bowdon,53.376,-2.366,9228,10
Bude,50.824,-4.542,9222,10
Clay Cross,53.1637,-1.4128,9222,10
Launceston,50.635,-4.354,9216,10
Cullercoats,55.033,-1.433,9202,10
Cupar,56.32,-3.01,9020,10
Aberbargoed,51.6968,-3.224,9184,10
Tiptree,51.81,0.75,9182,10
Burscough,53.596,-2.843,9182,10
Yaxley,52.52,-0.26,9174,10
Pencoed,51.5228,-3.5047,9166,10
Brandon,52.4474,0.6242,9145,10
Larbert,56.0229,-3.826,9143,10
Bingham,52.952,-0.953,9131,10
Stevenston,55.645,-4.758,9129,10
Whitnash,52.268,-1.524,9129,10
Usworth,54.94,-1.55,9100,10
Portlethen,57.061,-2.13,9090,10
Dinnington,53.3667,-1.2,9077,10
Frodsham,53.295,-2.725,9077,10
Shanklin,50.631,-1.1734,9072,10
Armadale,55.8978,-3.7047,9063,10
Bonhill,55.983,-4.567,9050,10
Eaton Socon,52.22,-0.29,9042,10
Rye,50.95,0.73,9041,10
Queensferry,55.99,-3.398,9026,10
Barwell,52.5682,-1.3462,9022,10
Blairgowrie,56.5916,-3.3405,9020,10
Bovingdon,51.7231,-0.5367,9000,10
Dunblane,56.1838,-3.9674,9000,10
Ferryhill,54.69,-1.55,8942,10
Hayle,50.183,-5.416,8939,10
Glastonbury,51.1485,-2.714,8932,10
Felling,54.95,-1.564,8908,10
Great Cornard,52.0245,0.7497,8908,10
Caister-on-Sea,52.651,1.733,8901,10
Irthlingborough,52.324,-0.614,8900,10
Sandiacre,52.923,-1.291,8889,10
Holywell,53.274,-3.223,8886,10
Partick,55.8699,-4.3125,8884,10
Ifield,51.1234,-0.2073,8882,10
Leven,56.195,-2.9942,8850,10
Rhymney,51.759,-3.283,8845,10
Kirk of Shotts,55.823,-3.804,8570,10
Great Dunmow,51.873,0.3617,8830,10
Brimington,53.258,-1.3905,8788,10
Cherry Hinton,52.1849,0.176,8780,10
Cowley,51.528,-0.481,8776,10
Lydney,51.7286,-2.5285,8766,10
Cockermouth,54.6613,-3.362,8761,10
Littleport,52.4568,0.3046,8738,10
Atherstone,52.5787,-1.5462,8670,10
Raunds,52.345,-0.537,8641,10
Chapel en le Frith,53.322,-1.917,8635,10
Canford Cliffs,50.7,-1.93,8620,10
Whitwick,52.7403,-1.3556,8612,10
Polegate,50.8216,0.2442,8586,10
Oban,56.412,-5.472,8575,10
Sompting,50.8303,-0.3395,8561,10
Meltham,53.592,-1.85,8534,10
Worplesdon,51.272,-0.612,8529,10
Penkridge,52.7252,-2.1164,8526,10
Clayton le Moors,53.775,-2.384,8522,10
Oakengates,52.695,-2.451,8517,10
Bedwas,51.5926,-3.2061,8512,10
West Auckland,54.6318,-1.721,8509,10
Hughenden,51.6558,-0.749,8506,10
Carlton Colville,52.454,1.691,8505,10
Skewen,51.6609,-3.8399,8500,10
Cullompton,50.855,-3.393,8499,10
Blackwood,51.67,-3.19,8496,10
Bersted,50.797,-0.689,8496,10
Cinderford,51.8225,-2.4989,8494,10
Liphook,51.076,-0.803,8491,10
Dunbar,56.0027,-2.5169,8486,10
Ramsey,52.45,-0.12,8479,10
Rochford,51.5821,0.7065,8471,10
Sawbridgeworth,51.814,0.15,8458,10
Great Billing,52.2577,-0.8222,8457,10
Narborough,52.5727,-1.2023,8448,10
Audley,53.053,-2.304,8437,10
Hornsea,53.9108,-0.1676,8432,10
Haxby,54.016,-1.075,8428,10
Welwyn,51.831,-0.215,8425,10
Polesworth,52.6152,-1.6174,8423,10
Richmond,54.403,-1.737,8413,10
Seaton,50.705,-3.078,8413,10
Woodchurch,53.375,-3.084,8400,10
Marlborough,51.42,-1.73,8395,10
Annan,54.983,-3.266,8389,10
Yarm,54.505,-1.348,8384,10
Aveley,51.5018,0.2534,8381,10
Peebles,55.65,-3.18,8376,10
Birtley,54.9,-1.577,8367,10
Torpoint,50.376,-4.205,7717,10
Coleford,51.791,-2.6162,8359,10
Windermere,54.376,-2.907,8359,10
Glascote,52.6245,-1.668,8344,10
Aughton,53.542,-2.912,8342,10
Pocklington,53.9309,-0.7781,8337,10
Harlington,53.481,-1.182,8276,10
Buckie,57.676,-2.965,8273,10
Tanfield,54.897,-1.703,8270,10
Silsden,53.914,-1.937,8268,10
Paddock Wood,51.1756,0.3955,8263,10
Hadleigh,52.044,0.961,8253,10
Lanark,55.6749,-3.777,8253,10
Brecon,51.948,-3.391,8250,10
Toton,52.907,-1.254,8238,10
Billingshurst,51.0226,-0.4508,8232,10
Mountsorrel,52.7167,-1.15,8223,10
Radcliffe on Trent,52.947,-1.04,8205,10
Bramley,53.4253,-1.2648,8194,10
Egremont,54.484,-3.5306,8194,10
Brierfield,53.824,-2.235,8193,10
Gowerton,51.648,-4.043,8183,10
Walmer,51.2043,1.3985,8178,10
Heybridge,51.7417,0.6897,8175,10
Goffs Oak,51.7109,-0.0825,8172,10
Cam,51.7,-2.3667,8152,10
Highworth,51.631,-1.712,8151,10
Shinfield,51.408,-0.947,8136,10
Bucksburn,57.177,-2.175,8131,10
Witley,51.15,-0.646,8130,10
Dalton in Furness,54.1544,-3.1814,8125,10
Merstham,51.264,-0.153,8123,10
Wistaston,53.0821,-2.4747,8117,10
Alnwick,55.4134,-1.7069,8116,10
Old Colwyn,53.291,-3.704,8113,10
Monifieth,56.481,-2.82,8110,10
Ystradgynlais,51.781,-3.7511,8092,10
Horden,54.764,-1.315,8087,10
Brightlingsea,51.81,1.03,8076,10
Totnes,50.432,-3.684,8076,10
Caerleon,51.615,-2.959,8061,10
Stornoway,58.209,-6.387,8038,10
Warlingham,51.3095,-0.0574,8036,10
Merrow,51.2463,-0.5279,8036,10
Trumpington,52.174,0.109,8034,10
Wroughton,51.525,-1.792,8033,10
Radlett,51.685,-0.318,8024,10
Bearsted,51.2738,0.5789,8010,10
Exhall,52.47,-1.48,8006,10
Hawkinge,51.117,1.1638,8002,10
Goring by Sea,50.8122,-0.4244,7990,10
Loftus,54.5569,-0.8919,7988,10
Princes Risborough,51.724,-0.8344,7978,10
Seasalter,51.3456,0.9981,7967,10
Newbold,53.2519,-1.4461,7962,10
Coppull,53.62,-2.661,7959,10
Harworth,53.417,-1.075,7948,10
Willerby,53.7633,-0.4504,7940,10
Denny,56.018,-3.907,7934,10
Thurso,58.596,-3.521,7933,10
Newport-On-Tay,56.4402,-2.941,4310,10
Wadebridge,50.517,-4.835,7900,10
Bollington,53.298,-2.093,7095,10
Binfield,51.432,-0.792,7880,10
Kinmel,53.31,-3.519,7864,10
Latchford,53.3796,-2.5645,7856,10
Sileby,52.731,-1.106,7835,10
Crediton,50.791,-3.656,7835,10
Millom,54.2096,-3.2702,7829,10
Rainworth,53.1197,-1.1235,7821,10
Edenbridge,51.197,0.065,7808,10
Willesborough,51.1386,0.8957,7800,10
West Thurrock,51.4836,0.282,7795,10
Rainford,53.503,-2.783,7779,10
Annfield Plain,54.857,-1.737,7774,10
Cross Gates,53.8063,-1.4506,7770,10
Hook,51.2773,-0.9633,7770,10
Stopsley,51.899,-0.396,7760,10
Woodbridge,52.094,1.318,7749,10
Stony Stratford,52.0567,-0.8526,7736,10
Tenterden,51.0696,0.6898,7735,10
Stonehouse,51.7478,-2.2838,7725,10
Byfleet,51.34,-0.47,7724,10
Longridge,53.831,-2.597,7724,10
Rothwell,52.4254,-0.8029,7694,10
Cromer,52.931,1.302,7683,10
Treorchy,51.6594,-3.5055,7681,10
Hassocks,50.9233,-0.1509,7667,10
Kingsbury,52.5614,-1.6917,7652,10
Wivenhoe,51.8667,0.9625,7637,10
Fakenham,52.8356,0.851,7617,10
Angmering,50.8288,-0.4846,7614,10
Rhôs-on-Sea,53.309,-3.738,7593,10
Sundon,51.92,-0.47,7585,10
Codsall,52.6267,-2.1924,7582,10
Diss,52.3812,1.1079,7572,10
Saint Agnes,50.312,-5.204,7565,10
Banchory,57.055,-2.49,7560,10
Pembroke,51.676,-4.9158,7552,10
Yatton,51.3855,-2.8256,7552,10
Clydach,51.69,-3.91,7503,10
Cramond,55.9797,-3.3007,7502,10
Hucknall under Huthwaite,53.125,-1.301,7500,10
Whitworth,53.663,-2.177,7500,10
Stonehouse,55.6968,-3.9824,5500,10
Currie,55.896,-3.3074,7494,10
Dinas Powys,51.4331,-3.2134,7490,10
Northam,51.0393,-4.2104,7489,10
Strathaven,55.677,-4.065,7350,10
Norton Canes,52.6833,-1.9666,7479,10
Littleborough,53.644,-2.098,7467,10
Boultham,53.214,-0.5561,7465,10
Chobham,51.348,-0.604,7456,10
Burton Latimer,52.365,-0.678,7449,10
Clowne,53.276,-1.263,7447,10
Ripponden,53.672,-1.946,7421,10
Waltham Cross,51.686,-0.0331,7407,10
Pyle,51.5291,-3.6953,7405,10
Wendover,51.768,-0.7463,7399,10
Harefield,51.6034,-0.478,7399,10
Wickersley,53.4199,-1.2792,7392,10
Brockworth,51.85,-2.15,7387,10
Durrington,51.199,-1.775,7379,10
Upholland,53.541,-2.728,7376,10
Mountain Ash,51.6814,-3.3792,7374,10
Crieff,56.3757,-3.8426,7368,10
Sheringham,52.94,1.213,7367,10
Shenstone,52.637,-1.841,7359,10
Braunton,51.11,-4.162,7353,10
Bannockburn,56.09,-3.91,6840,10
Greenhill,51.36,1.103,7339,10
Wick,58.454,-3.089,7040,10
Brewood,52.6769,-2.1738,7329,10
Partington,53.42,-2.43,7327,10
Herne,51.3492,1.1331,7325,10
Shaftesbury,51.0059,-2.1969,7314,10
Southwell,53.078,-0.955,7297,10
Titchfield,50.8491,-1.2344,7280,10
Bramcote,52.934,-1.242,7270,10
Swaffham,52.6529,0.6843,7258,10
Roby,53.413,-2.852,7254,10
Basing,51.2704,-1.0473,7232,10
Kinvere,52.4488,-2.228,7225,10
Peterculter,57.097,-2.2657,7220,10
Ruddington,52.893,-1.15,7216,10
Cotgrave,52.914,-1.042,7203,10
Watton,52.5713,0.8259,6819,10
Brechin,56.7299,-2.6553,7199,10
Whitchurch,51.23,-1.34,7198,10
Kirkham,53.782,-2.87,7194,10
Warsash,50.8532,-1.301,7183,10
West Mersea,51.7784,0.9168,7183,10
Wilmington,51.4309,0.1876,7178,10
Grove,51.612,-1.421,7178,10
Claygate,51.36,-0.342,7168,10
Sawston,52.1247,0.1731,7145,10
Higham Ferrers,52.3057,-0.5844,7145,10
Denham,51.563,-0.499,7139,10
Coundon,54.6637,-1.6341,7139,10
Pershore,52.114,-2.08,7125,10
Faringdon,51.657,-1.586,7121,10
Ashbourne,53.016,-1.731,7112,10
Allington,51.2903,0.5019,7100,10
Hedon,53.7395,-0.1948,7100,10
Wardle,53.647,-2.132,7092,10
Calverton,53.037,-1.083,7076,10
Abersychan,51.7239,-3.0587,7064,10
High Ackworth,53.6408,-1.3364,7049,10
Quarrington,52.987,-0.4304,7046,10
Kirkleatham,54.5833,-1.0833,7045,10
Saint Peters,51.3651,1.4191,7042,10
Burley in Wharfedale,53.9137,-1.748,7041,10
Coxhoe,54.714,-1.503,7020,10
East Cowes,50.757,-1.2865,7010,10
Shifnal,52.665,-2.373,7009,10
Eston,54.56,-1.144,7005,10
Crewkerne,50.8803,-2.7939,7000,10
Westgate on Sea,51.3814,1.3381,6996,10
New Romney,50.985,0.941,6996,10
Warrenpoint,54.0991,-6.249,6981,10
Filey,54.2101,-0.2893,6981,10
Lerwick,60.155,-1.145,6958,10
Cleator Moor,54.5211,-3.5119,6936,10
Dowlais,51.7585,-3.3416,6926,10
Deeping Saint James,52.6717,-0.2995,6923,10
Kingswood,51.2931,-0.2086,6891,10
Church Gresley,52.76,-1.566,6881,10
Carlton,52.967,-1.088,6881,10
Thornhill,53.6622,-1.6124,6875,10
Bonnybridge,55.999,-3.887,5210,10
Duntocher,55.924,-4.417,6850,10
Fishtoft,52.9617,0.0259,6835,10
Lochgelly,56.1282,-3.3111,6834,10
Pontardawe,51.722,-3.851,6832,10
Pickering,54.2439,-0.776,6830,10
Sturry,51.3036,1.1211,6820,10
Gedling,52.975,-1.081,6817,10
Horncastle,53.208,-0.114,6815,10
Penryn,50.169,-5.107,6812,10
Lossiemouth,57.7189,-3.2875,6803,10
Great Chart,51.1409,0.8372,6801,10
Saint Blazey,50.361,-4.716,6799,10
Park Street,51.722,-0.339,6781,10
Bridge of Allan,56.155,-3.942,5380,10
Torrisholme,54.066,-2.83,6755,10
Branston,52.787,-1.659,6749,10
Bolton upon Dearne,53.5197,-1.3148,6744,10
Esher,51.3691,-0.365,6743,10
Stepps,55.8908,-4.1522,6730,10
North Petherton,51.091,-3.013,6730,10
Sandycroft,53.195,-2.999,6724,10
Bishops Waltham,50.9536,-1.2118,6723,10
Llandudno Junction,53.284,-3.809,6722,10
Meopham,51.364,0.36,6722,10
Cranbrook,51.0967,0.5356,6717,10
Godmanchester,52.3176,-0.1725,6711,10
Crowthorne,51.37,-0.792,6711,10
Uddingston,55.8183,-4.0827,6370,10
Dursley,51.6811,-2.3543,6697,10
Aintree,53.4793,-2.9373,6689,10
Farington,53.703,-2.685,6674,10
Battle,50.92,0.48,6673,10
Kimberley,52.997,-1.255,6659,10
Sherburn in Elmet,53.7973,-1.2331,6657,10
Sawley,52.882,-1.299,6629,5
Rishton,53.7701,-2.4187,6625,5
Twyford,51.477,-0.867,6618,5
North Berwick,56.058,-2.717,6605,5
Stewarton,55.68,-4.515,6584,5
Budleigh Salterton,50.6284,-3.3205,6575,5
Southam,52.252,-1.39,6567,5
Lydd,50.9509,0.9064,6567,5
Downside,51.3117,-0.4095,6564,5
Alvechurch,52.3506,-1.9647,6564,5
Pakefield,52.451,1.728,6563,5
Chapelhall,55.845,-3.9472,6560,5
Muxton,52.72,-2.421,6557,5
Whetstone,52.5724,-1.1799,6556,5
Billinge,53.4932,-2.7129,6554,5
Cove,51.2965,-0.7939,6548,5
Dingwall,57.597,-4.428,5470,5
Cwmafan,51.6155,-3.7717,6538,5
Sawtry,52.44,-0.28,6536,5
Wingerworth,53.2033,-1.4347,6533,5
Kelty,56.133,-3.38,6529,5
Anstey,52.6715,-1.1955,6528,5
Frampton Cotterell,51.54,-2.48,6520,5
South Elmsall,53.5959,-1.2726,6519,5
Newbridge,51.67,-3.136,6509,5
Danbury,51.715,0.582,6500,5
Coleshill,52.499,-1.708,6481,5
Olney,52.1529,-0.7015,6477,5
Houston,55.867,-4.5521,6430,5
Bothwell,55.8023,-4.0662,6380,5
Whaley Bridge,53.3304,-1.9838,6455,5
Pinhoe,50.7407,-3.4672,6454,5
Girvan,55.2382,-4.8561,6450,5
Peasedown Saint John,51.315,-2.424,6446,5
Loanhead,55.878,-3.148,6440,5
Market Weighton,53.8642,-0.6624,6429,5
Castle Donnington,52.8444,-1.3377,6416,5
Waltham,53.5165,-0.1021,6413,5
Wheathampstead,51.812,-0.293,6410,1
Weaverham,53.262,-2.577,6391,1
Abercynon,51.6445,-3.3267,6390,1
Egham,51.429,-0.548,6384,1
Haworth,53.83,-1.96,6379,1
Countesthorpe,52.555,-1.14,6377,1
Treharris,51.6689,-3.31,6356,1
Beith,55.7533,-4.6319,6040,1
Long Ditton,51.385,-0.321,6343,1
East Leake,52.832,-1.177,6337,1
Chipping Norton,51.94,-1.55,6337,1
Enderby,52.5881,-1.2092,6314,1
Cheddleton,53.064,-2.043,6311,1
Sauchie,56.1296,-3.7767,6310,1
Burwell,52.275,0.327,6309,1
Newbiggin-by-the-Sea,55.183,-1.515,6308,1
Lydiate,53.536,-2.959,6308,1
Thames Ditton,51.389,-0.331,6307,1
Hadfield,53.46,-1.97,6305,1
Swanscombe,51.4491,0.2993,6300,1
Liss,51.0429,-0.8918,6084,1
Stainforth,53.5958,-1.0253,6282,1
Pontardulais,51.71,-4.04,6281,1
Newarthill,55.81,-3.9333,6280,1
Alcester,52.215,-1.876,6273,1
Marshfield,51.5439,-3.0469,6270,1
Burntisland,56.06,-3.231,6269,1
Handforth,53.35,-2.216,6266,1
Southbourne,50.845,-0.9081,6265,1
Calstock,50.497,-4.21,6253,1
Thrapston,52.397,-0.538,6239,1
Chalford,51.7238,-2.1491,6215,1
Altofts,53.697,-1.416,6198,1
Blaby,52.5724,-1.1678,6194,1
Stotfold,52.018,-0.228,6190,1
Bursledon,50.8847,-1.3117,6188,1
Garswood,53.488,-2.67,6183,1
Frimley,51.3143,-0.7387,6178,1
Bilton,52.3594,-1.29,6175,1
Barrowford,53.851,-2.221,6171,1
Landore,51.64,-3.94,6168,1
Rhoose,51.3906,-3.3524,6160,1
Withernsea,53.7285,0.0382,5980,1
Colnbrook,51.4835,-0.5221,6157,1
Malvern Link,52.1255,-2.3161,6155,1
Bulkington,52.4769,-1.425,6146,1
Magor,51.5798,-2.8312,6140,1
Pembury,51.1456,0.3224,6128,1
Waddington,53.1664,-0.5389,6122,1
Kingsbridge,50.2833,-3.7765,6116,1
Orsett,51.51,0.37,6115,1
Wem,52.8536,-2.7267,6100,1
Stonewood,51.445,0.256,6100,1
Llantwit Fardre,51.5578,-3.3341,6099,1
Hollington,50.875,0.548,6099,1
Rowlands Gill,54.9209,-1.7441,6096,1
Cottenham,52.2865,0.1244,6095,1
Chipping Ongar,51.703,0.244,6093,1
Kirriemuir,56.6692,-3.0051,6061,1
Blaenavon,51.7736,-3.0828,6055,1
Balloch,56.002,-4.58,6050,1
Strensall,54.0401,-1.0344,6047,1
Long Ashton,51.43,-2.65,6044,1
Amble,55.3306,-1.5783,6025,1
Freckleton,53.753,-2.867,6019,1
Seaton Carew,54.6628,-1.1888,6018,1
Stansted Mountfitchet,51.898,0.198,6011,1
Adlington,53.6165,-2.5986,6010,1
Market Deeping,52.6776,-0.3173,6008,1
Tadcaster,53.8852,-1.262,6003,1
Staplehurst,51.164,0.553,6003,1
Fordingbridge,50.9275,-1.7901,5998,1
Highbridge,51.2189,-2.973,5986,1
New Inn,51.691,-3.009,5986,1
Ventnor,50.5976,-1.2084,5976,1
Broughton,53.169,-2.985,5974,1
Great Warley Street,51.607,0.3,5973,1
Farnham Royal,51.5386,-0.6164,5972,1
Porth,51.6138,-3.4095,5970,1
Great Burstead,51.604,0.445,5968,1
Colney Heath,51.7353,-0.2564,5962,1
Lea Town,53.774,-2.795,5962,1
Saltburn-by-the-Sea,54.5828,-0.9732,5958,1
Burghfield,51.411,-1.042,5955,1
Godstone,51.248,-0.064,5949,1
Welshpool,52.6597,-3.1473,5948,1
Crumlin,51.6798,-3.1368,5947,1
Ormesby,54.5492,-1.1817,5942,1
Pagham,50.7708,-0.7448,5941,1
East Preston,50.8104,-0.4819,5938,1
Blythebridge,52.9704,-2.0709,5931,1
Chalfont Saint Giles,51.632,-0.576,5925,1
Chinnor,51.702,-0.911,5924,1
Okehampton,50.7388,-4.0041,5922,1
Briton Ferry,51.64,-3.83,5911,1
Tillicoultry,56.153,-3.742,4650,1
Honley,53.6027,-1.7921,5897,1
Studley,52.2696,-1.8915,5879,1
Bramley,51.329,-1.0613,5875,1
Govan,55.8615,-4.3083,5860,1
Barrow upon Soar,52.7517,-1.15,5856,1
Wellesbourne Hastings,52.1943,-1.5947,5849,1
Wigton,54.823,-3.159,5831,1
Locharbriggs,55.1,-3.5833,5830,1
Stoke Mandeville,51.7861,-0.7914,5825,1
Steyning,50.8868,-0.3279,5812,1
Dyce,57.2031,-2.192,5811,1
Ilminster,50.9262,-2.9114,5808,1
Helmshore,53.687,-2.329,5805,1
Gildersome,53.759,-1.6322,5804,1
Nailsworth,51.6954,-2.2234,5794,1
East Calder,55.896,-3.462,5260,1
Callington,50.503,-4.316,5786,1
Selkirk,55.55,-2.84,5784,1
Crofton,53.657,-1.427,5781,1
Gorebridge,55.8436,-3.05,5777,1
Hungerford,51.414,-1.515,5767,1
Axminster,50.781,-3,5761,1
Ibstock,52.687,-1.401,5760,1
Cheddar,51.279,-2.778,5755,1
Cumnor,51.735,-1.332,5755,1
Ballingry,56.15,-3.3333,5740,1
Galleywood,51.697,0.474,5738,1
Oundle,52.48,-0.472,5735,1
Treherbert,51.6722,-3.5306,5727,1
Broughton,53.5638,-0.5465,5726,1
Sidley,50.86,0.47,5718,1
Hoylake,53.39,-3.18,5710,1
Pinxton,53.0905,-1.3237,5699,1
Cheadle,53.3933,-2.2113,5698,1
Preesall,53.917,-2.967,5694,1
Hethersett,52.5983,1.1833,5691,1
Ash Vale,51.27,-0.72,5686,1
Markfield,52.6878,-1.2775,5681,1
Hordle,50.7603,-1.6212,5654,1
Tarleton,53.678,-2.841,5652,1
Littlemore,51.72,-1.227,5646,1
Kelso,55.5985,-2.4336,5639,1
Elderslie,55.8306,-4.4842,5330,1
Humberston,53.5281,-0.0249,5634,1
Wadsley,53.41,-1.52,5631,1
Wotton-under-Edge,51.638,-2.349,5627,1
West Byfleet,51.338,-0.5033,5626,1
Brigg,53.5529,-0.485,5626,1
Radstock,51.293,-2.448,5620,1
Headley,51.1192,-0.8271,5613,1
Leavesden Green,51.6967,-0.3991,5612,1
Holmes Chapel,53.204,-2.353,5605,1
Great Bookham,51.278,-0.373,5596,1
Bagshot,51.3607,-0.6982,5592,1
Blean,51.307,1.043,5589,1
Great Wakering,51.5516,0.8165,5587,1
Marchwood,50.89,-1.454,5586,1
Arlesey,52.007,-0.2654,5584,1
Askern,53.6167,-1.15,5570,1
Pannal,53.9609,-1.5362,5562,1
Carnforth,54.123,-2.766,5560,1
Lexden,51.8833,0.8667,5549,1
Gorleston-on-Sea,52.5757,1.7235,5548,1
Hengoed,51.65,-3.23,5548,1
Brynmawr,51.796,-3.183,5530,1
Drighlington,53.7568,-1.6616,5528,1
Chickerell,50.624,-2.5047,5515,1
Hartford,53.245,-2.549,5515,1
Leiston,52.206,1.579,5508,1
Aylsham,52.79,1.256,5504,1
Utley,53.88,-1.91,5500,1
Longton,53.729,-2.797,5500,1
Bowling,55.932,-4.494,560,1
Dore,53.3268,-1.5345,5496,1
Wareham,50.686,-2.1099,5496,1
Barnard Castle,54.55,-1.92,5495,1
Drayton,52.675,1.225,5489,1
Balerno,55.8852,-3.3375,5486,1
Tidenham,51.6605,-2.6435,5486,1
Martlesham,52.0733,1.2818,5478,1
Tetbury,51.636,-2.158,5472,1
Cockenzie,55.969,-2.962,5470,1
Thorpe,51.4069,-0.5354,5465,1
Rhuthun,53.115,-3.312,5461,1
Wyke Regis,50.592,-2.475,5458,1
Barton on Sea,50.7428,-1.6552,5454,1
Griffithstown,51.6853,-3.0284,5450,1
Shenfield,51.6297,0.3192,5432,1
New Alresford,51.0907,-1.1612,5431,1
Cardenden,56.133,-3.25,5420,1
Ammanford,51.8,-3.993,5411,1
Bilton,54.0099,-1.5359,5409,1
Fishguard,51.9982,-4.9804,5407,1
Perranzabuloe,50.326,-5.133,5406,1
Illogan,50.25,-5.268,5404,1
Dalry,55.711,-4.723,5360,1
Brotton,54.568,-0.937,5394,1
Lindfield,51.0135,-0.0833,5394,1
Earls Barton,52.263,-0.746,5387,1
Writtle,51.729,0.427,5383,1
Malmesbury,51.584,-2.098,5380,1
Kirton,52.9278,-0.0598,5371,1
Freshwater,50.6826,-1.5249,5369,1
Hartley,51.3868,0.3037,5359,1
Abercarn,51.649,-3.135,5352,1
Bidford-on-Avon,52.1644,-1.8567,5350,1
Sollom,53.662,-2.825,5350,1
Redbourn,51.8002,-0.3965,5344,1
Newton Grange,55.868,-3.067,5341,1
Cuddington,53.24,-2.6,5333,1
Newmains,55.7832,-3.8771,5329,1
Polmont,55.9908,-3.7064,5320,1
Bourne End,51.5817,-0.7134,5320,1
Neilston,55.7847,-4.4234,5170,1
Wool,50.6789,-2.2189,5310,1
Alness,57.695,-4.258,5310,1
Paulton,51.3069,-2.5027,5303,1
Murston,51.341,0.7524,5300,1
Brayton,53.7682,-1.0907,5299,1
Roundway,51.368,-1.981,5290,1
Glyncorrwg,51.6776,-3.6292,5283,1
Wincanton,51.0559,-2.4102,5272,1
Keswick,54.5999,-3.1293,5243,1
Tickhill,53.4305,-1.1135,5228,1
Tettenhall,52.5983,-2.168,5225,1
Sedgefield,54.65,-1.45,5211,1
Measham,52.7061,-1.508,5209,1
Newent,51.9302,-2.4048,5207,1
Hunters Quay,55.9707,-4.9116,5198,1
Ore,50.8721,0.6085,5195,1
Edwinstowe,53.16,-1.07,5188,1
Church,53.755,-2.386,5186,1
Holytown,55.8229,-3.9701,5160,1
Quorndon,52.7428,-1.17,5177,1
Holmfirth,53.57,-1.787,5173,1
Ruskington,53.0444,-0.3875,5169,1
Waterbeach,52.2664,0.1908,5166,1
Brixworth,52.329,-0.904,5162,1
Woodville,52.769,-1.533,5161,1
Pinchbeck,52.8147,-0.1605,5153,1
Nursling,50.9449,-1.4727,5137,1
Bungay,52.4496,1.4477,5127,1
Kinross,56.205,-3.423,5120,1
Cwmbach,51.7072,-3.4128,5117,1
Llangefni,53.256,-4.314,5116,1
Looe,50.354,-4.454,5112,1
Great Meols,53.4014,-3.1553,5110,1
Elstree,51.64,-0.3,5110,1
South Molton,51.02,-3.83,5108,1
Botley,50.9144,-1.27,5100,1
Grangetown,54.58,-1.144,5088,1
Oakley,51.251,-1.1764,5086,1
Swanwick,53.075,-1.398,5084,1
Baystonhill,52.6727,-2.7654,5079,1
Middleton-on-Sea,50.7949,-0.6197,5077,1
Kings Langley,51.7156,-0.4569,5072,1
Harleston,52.4024,1.2996,5067,1
Dartmouth,50.351,-3.579,5064,1
Harlescott,52.7365,-2.7226,5060,1
Turriff,57.539,-2.4611,4960,1
Sheriff Hill,54.939,-1.586,5051,1
Treforest,51.5878,-3.3222,5050,1
Earlswood,51.228,-0.171,5049,1
Duffield,52.989,-1.489,5046,1
Chipping Sodbury,51.538,-2.394,5045,1
Whiston,53.4,-1.32,5042,1
Wirksworth,53.082,-1.574,5038,1
Shipston on Stour,52.06,-1.623,5038,1
Pyrford,51.3146,-0.5064,5022,1
Heage,53.05,-1.447,5013,1
Henfield,50.933,-0.277,5012,1
Gresford,53.087,-2.966,5010,1
Blackrod,53.5898,-2.5809,5001,1
Marston Green,52.465,-1.74,5000,1
Barton-le-Clay,51.9669,-0.4241,5000,1
Galston,55.6004,-4.3798,4740,1
Sacriston,54.817,-1.626,4999,1
Thirsk,54.2327,-1.342,4998,1
Loughor,51.6626,-4.0646,4991,1
Hirwaun,51.7386,-3.4989,4990,1
Sandwich,51.2747,1.3389,4985,1
Speldhurst,51.1516,0.2219,4978,1
Helsby,53.273,-2.77,4972,1
Hurlford,55.5985,-4.452,4620,1
Hilperton,51.33,-2.184,4967,1
New Tredegar,51.7217,-3.2403,4966,1
Llangennech,51.693,-4.092,4964,1
Alva,56.153,-3.7996,4600,1
Silverdale,53.0159,-2.2675,4957,1
Bromham,52.1454,-0.5298,4957,1
Hildenborough,51.214,0.242,4954,1
Forest Row,51.0982,0.0334,4954,1
Buntingford,51.9445,-0.016,4948,1
Lyneham,51.507,-1.966,4945,1
Sturminster Newton,50.9261,-2.3051,4945,1
Broseley,52.612,-2.481,4929,1
Shefford,52.037,-0.332,4928,1
Oxshott,51.332,-0.356,4922,1
Longfield,51.3962,0.3046,4919,1
Midhurst,50.985,-0.74,4914,1
Datchet,51.4841,-0.5762,4913,1
Willaston,53.292,-3.005,4913,1
Hawkhurst,51.0471,0.5173,4911,1
Cranfield,52.0699,-0.6081,4909,1
Winterton,53.6549,-0.5979,4899,1
Ottery Saint Mary,50.752,-3.279,4898,1
Inverkeithing,55.9667,-3.2139,4890,1
Malton,54.139,-0.792,4888,1
Wadhurst,51.066,0.33,4883,1
Sunningdale,51.398,-0.626,4875,1
Ffestiniog,52.99,-3.93,4875,1
Potton,52.1271,-0.2152,4870,1
Nunthorpe,54.5287,-1.177,4866,1
Brampton,52.3194,-0.2335,4862,1
Campbeltown,55.423,-5.608,4852,1
Darenth,51.4199,0.2567,4851,1
Rothesay,55.836,-5.0558,4390,1
Garlinge,51.3781,1.3566,4849,1
Earls Colne,51.928,0.702,4848,1
Melbourne,52.823,-1.429,4843,1
Brymbo,53.076,-3.05,4836,1
West Hallam,52.97,-1.36,4829,1
Easton-in-Gordano,51.476,-2.7,4828,1
Crowle,53.6073,-0.8321,4828,1
South Cave,53.769,-0.598,4823,1
Long Sutton,52.7856,0.12,4821,1
Old Kilpatrick,55.925,-4.4593,4680,1
Wickham,50.9,-1.19,4816,1
Blaina,51.7667,-3.1667,4808,1
Wilsden,53.8167,-1.8667,4807,1
Shirland,53.121,-1.412,4802,1
Milton Regis,51.35,0.75,4801,1
Stokenchurch,51.659,-0.896,4801,1
Taibach,51.584,-3.769,4799,1
Four Marks,51.1116,-1.0443,4799,1
Heslington,53.9448,-1.0434,4792,1
Shiremoor,55.0366,-1.5048,4782,1
Laleham,51.407,-0.488,4782,1
Alderley Edge,53.303,-2.236,4780,1
Old Windsor,51.46,-0.586,4775,1
Llanbradach,51.6032,-3.2296,4774,1
Cilybebyll,51.719,-3.83,4769,1
Martock,50.9704,-2.7653,4766,1
Blackburn,55.872,-3.621,4761,1
Maybole,55.3551,-4.68,4610,1
Stokesley,54.4712,-1.1905,4757,1
Benson,51.621,-1.111,4754,1
Stoke Poges,51.546,-0.584,4752,1
Heacham,52.9069,0.49,4750,1
Irchester,52.2783,-0.6555,4745,1
Uppingham,52.59,-0.7222,4745,1
Gnosall,52.785,-2.2528,4736,1
Bethesda,53.179,-4.06,4735,1
Keith,57.543,-2.952,4690,1
Fauldhouse,55.8272,-3.7091,4730,1
Bovey Tracey,50.593,-3.672,4729,1
Halesworth,52.342,1.506,4726,1
Roose,54.096,-3.182,4724,1
Kelvedon,51.833,0.699,4717,1
Almondsbury,51.5567,-2.5725,4705,1
Coedpoeth,53.054,-3.074,4702,1
Greenhithe,51.4504,0.2823,4700,1
Somerton,51.0535,-2.7361,4697,1
Lakenheath,52.4136,0.5226,4691,1
Pulborough,50.96,-0.51,4685,1
Milton,52.2435,0.1615,4679,1
Fulbourn,52.184,0.2272,4673,1
Church Stretton,52.539,-2.808,4671,1
Kirby Muxloe,52.6351,-1.2341,4667,1
Milford on Sea,50.726,-1.589,4660,1
East Wittering,50.7694,-0.8738,4658,1
Eccleshall,52.859,-2.251,4651,1
Eynsham,51.781,-1.375,4648,1
Ringmer,50.89,0.05,4648,1
Nelson,51.651,-3.283,4647,1
Bray,51.507,-0.7,4646,1
Dersingham,52.8447,0.502,4640,1
Bishopton,55.9086,-4.5045,4640,1
Sandgate,51.074,1.1454,4639,1
Clanfield,50.947,-1.0081,4637,1
Nantyglo,51.7828,-3.1698,4635,1
Bridge of Weir,55.8565,-4.5777,4635,1
Great Ayton,54.4957,-1.1292,4629,1
Brampton,54.9409,-2.7329,4627,1
Easingwold,54.1198,-1.1897,4627,1
Norton,53.633,-1.175,4625,1
Mytchett,51.2943,-0.7268,4624,1
Kennoway,56.2,-3.05,4610,1
Toddington,51.9496,-0.5323,4590,1
Saint Columb Major,50.432,-4.94,4587,1
Haxey,53.4868,-0.8462,4584,1
Portree,57.412,-6.192,2480,1
Girton,52.233,0.083,4559,1
Stoke Prior,52.3025,-2.0849,4559,1
Marston Moretaine,52.0627,-0.5478,4556,1
Borough Green,51.2913,0.3062,4554,1
Siston,51.4746,-2.4501,4552,1
Skelmanthorpe,53.591,-1.649,4549,1
Sully,51.41,-3.21,4543,1
Wetheral,54.88,-2.83,4541,1
Winchcomb,51.955,-1.965,4538,1
Earby,53.914,-2.144,4538,1
Huntington,52.715,-2.042,4536,1
Burnopfield,54.907,-1.736,4533,1
Colwich,52.7875,-1.9806,4528,1
Linton,52.0991,0.277,4525,1
Ingatestone,51.67,0.38,4504,1
Haddenham,51.771,-0.928,4502,1
Lees,53.538,-2.069,4500,1
Bromyard,52.1908,-2.5068,4500,1
Menston,53.8912,-1.7344,4498,1
Knebworth,51.866,-0.184,4496,1
Saint Athan,51.402,-3.416,4495,1
Coalville,52.724,-1.369,4494,1
Dunoon,55.9509,-4.9262,4487,1
Ferring,50.8128,-0.4481,4480,1
Kingsthorpe,52.2625,-0.9,4477,1
Kintore,57.2332,-2.3461,4476,1
Westerham,51.2713,0.0701,4475,1
Shenley,51.692,-0.282,4474,1
Chirk,52.93,-3.05,4375,1
Lingfield,51.175,-0.0171,4467,1
Cowpen,55.127,-1.539,4466,1
Huntly,57.446,-2.788,4460,1
Blidworth,53.098,-1.1165,4457,1
Sutton Bridge,52.771,0.1874,4454,1
Swynnerton,52.917,-2.217,4453,1
Newlyn,50.101,-5.553,4432,1
New Scone,56.418,-3.404,4430,1
Wilford,52.926,-1.16,4428,1
Ludgershall,51.256,-1.622,4427,1
Long Stratton,52.488,1.234,4424,1
Huncoat,53.77,-2.34,4418,1
Melbourn,52.082,0.0205,4414,1
Odiham,51.2541,-0.9396,4406,1
West Kilbride,55.6966,-4.8576,4393,1
Blackwell,53.12,-1.354,4389,1
Fazeley,52.6154,-1.706,4388,1
Hatfield Peverel,51.7691,0.5928,4376,1
Steeton,53.896,-1.948,4375,1
Seaton Delaval,55.0826,-1.4778,4371,1
Thringstone,52.7557,-1.3657,4367,1
Winwick,53.4306,-2.5976,4366,1
Penmaenmawr,53.27,-3.928,4353,1
Llanasa,53.322,-3.344,4353,1
Seamer,54.2383,-0.441,4335,1
Bransgore,50.78,-1.733,4333,1
Burstow,51.1685,-0.1105,4333,1
Kessingland,52.419,1.723,4327,1
Welton,53.3029,-0.4759,4327,1
Albrighton,52.6344,-2.277,4326,1
North Hinksey,51.749,-1.292,4316,1
Overton,51.2439,-1.2615,4315,1
Carcroft,53.58,-1.17,4312,1
Fremington,51.07,-4.12,4310,1
Finedon,52.34,-0.649,4309,1
Lawford,51.94,1.045,4302,1
Kirkburton,53.61,-1.703,4299,1
Cwm,51.7409,-3.1812,4295,1
Cuffley,51.7109,-0.1134,4295,1
Disley,53.357,-2.043,4294,1
Horsehay,52.656,-2.49,4292,1
East Horsley,51.261,-0.433,4290,1
Hagley,52.43,-2.12,4283,1
Glynneath,51.747,-3.617,4278,1
Saint Osyth,51.799,1.08,4277,1
Ruabon,52.986,-3.039,4274,1
Southminster,51.6598,0.831,4272,1
Garstang,53.903,-2.767,4268,1
Nazeing,51.7367,0.0587,4267,1
Eccleston,53.647,-2.726,4263,1
Chartham,51.2645,1.041,4261,1
South Wootton,52.7794,0.4426,4247,1
Send,51.2878,-0.5263,4245,1
Newhouse,55.8317,-3.928,4245,1
Shelford,52.1503,0.1357,4233,1
Hunstanton,52.93,0.48,4229,1
Dalbeattie,54.932,-3.822,4200,1
Cricklade,51.641,-1.856,4227,1
Barton under Needwood,52.763,-1.727,4225,1
Hope,53.1077,-3.0366,4224,1
Madeley,53.001,-2.341,4222,1
Crowland,52.6768,-0.1688,4211,1
Bulford,51.19,-1.761,4201,1
Hugglescote,52.711,-1.371,4189,1
Porthmadog,52.927,-4.132,4185,1
Cardigan,52.0842,-4.6579,4184,1
Whittington,53.26,-1.43,4181,1
Ferndale,51.661,-3.448,4178,1
Grenoside,53.441,-1.502,4177,1
Castle Douglas,54.941,-3.929,4080,1
Copmanthorpe,53.916,-1.133,4173,1
Loudwater,51.606,-0.6923,4170,1
Ashburton,50.517,-3.751,4170,1
Wingate,54.7349,-1.3801,4168,1
Bagillt,53.268,-3.168,4165,1
Bugle,50.396,-4.793,4164,1
Horsford,52.7007,1.2412,4163,1
Oystermouth,51.5758,-4.0072,4160,1
Beddau,51.556,-3.3577,4156,1
Milford,51.17,-0.65,4156,1
Wootton,52.0987,-0.5319,4156,1
Shalford,51.211,-0.568,4142,1
Howden,53.7441,-0.8634,4142,1
Standon,51.8827,0.0292,4141,1
Llanllyfni,53.045,-4.282,4135,1
Keele,53.0044,-2.2871,4129,1
Bolton le Sands,54.104,-2.791,4127,1
Llantarnam,51.636,-3.0056,4125,1
Terrington Saint Clement,52.7546,0.2947,4125,1
Mauchline,55.516,-4.379,4010,1
Skellow,53.58,-1.19,4103,1
Lambourn,51.509,-1.531,4103,1
Lennoxtown,55.974,-4.206,4094,1
Newton Stewart,54.958,-4.492,4080,1
Jedburgh,55.477,-2.546,4030,1
Boston Spa,53.904,-1.35,4079,1
Pwllheli,52.887,-4.418,4076,1
Invergordon,57.6879,-4.157,3980,1
Saltford,51.4015,-2.4592,4073,1
Bare,54.076,-2.837,4067,1
Cowbridge,51.4605,-3.448,4063,1
Cold Ash,51.424,-1.264,4063,1
Theydon Bois,51.6713,0.1034,4062,1
Thrybergh,53.45,-1.3,4058,1
Easington,54.806,-1.4323,4044,1
Baxenden,53.734,-2.341,4042,1
Hesketh Bank,53.708,-2.849,4041,1
Altarnun,50.603,-4.511,4038,1
Bar Hill,52.2539,0.0228,4032,1
Brundall,52.6244,1.4337,4019,1
Branston,53.1944,-0.4717,4019,1
Willingham,52.32,0.07,4015,1
Kemsing,51.3071,0.2252,4014,1
Wraysbury,51.458,-0.552,4011,1
Chudleigh,50.604,-3.605,4011,1
Lockerbie,55.12,-3.357,4009,1
Woodhall Spa,53.1515,-0.2183,4003,1
Kings Worthy,51.0878,-1.2953,4000,1
Blaenau-Ffestiniog,52.994,-3.939,4000,1
Kilmacolm,55.8941,-4.6271,4000,1
Sible Hedingham,51.9667,0.5833,3994,1
Warboys,52.4,-0.07,3994,1
Saxilby,53.2714,-0.656,3992,1
Banff,57.667,-2.524,3991,1
Hadlow,51.2303,0.3404,3983,1
Ormesby Saint Margaret,52.6746,1.6975,3974,1
Broomfield,51.765,0.471,3971,1
Bisley,51.33,-0.64,3965,1
Higham,51.415,0.463,3962,1
Elm,52.63,0.18,3962,1
Penn,51.633,-0.681,3961,1
Elmswell,52.2372,0.9113,3950,1
Mytholmroyd,53.73,-1.981,3949,1
Bakewell,53.213,-1.6759,3949,1
Ynysddu,51.6267,-3.1861,3948,1
Auchterarder,56.2932,-3.7061,3945,1
Ushaw Moor,54.778,-1.6457,3941,1
Deganwy,53.298,-3.831,3936,1
Tayport,56.4467,-2.8796,3810,1
Coggeshall,51.8717,0.6913,3919,1
Long Melford,52.077,0.718,3918,1
Shedfield,50.915,-1.2091,3914,1
Long Buckby,52.303,-1.081,3913,1
Edwalton,52.912,-1.112,3908,1
Wheatley,51.747,-1.139,3905,1
Market Rasen,53.3871,-0.3355,3904,1
Hardwicke,51.8139,-2.2847,3901,1
Whyteleafe,51.3088,-0.0833,3900,1
Whitwell,53.285,-1.209,3900,1
Purton,51.588,-1.867,3897,1
Rothley,52.709,-1.136,3897,1
North Ferriby,53.72,-0.5078,3893,1
Hartshorne,52.789,-1.526,3888,1
Warmsworth,53.5,-1.18,3887,1
Chasetown,52.67,-1.92,3885,1
River,51.1447,1.2797,3876,1
Hindhead,51.1172,-0.7348,3874,1
North Elmsall,53.609,-1.282,3873,1
Ticehurst,51.05,0.41,3873,1
Kemnay,57.2339,-2.4489,3870,1
Beaufort,51.797,-3.206,3866,1
Coningsby,53.1051,-0.1752,3864,1
Mayland,51.687,0.754,3855,1
Pengam,51.6663,-3.2189,3848,1
Wrockwardine,52.703,-2.556,3838,1
Linthwaite,53.6264,-1.8461,3835,1
Ellesmere,52.9082,-2.8944,3835,1
Capel,51.154,-0.321,3832,1
Brynna,51.5388,-3.4632,3818,1
Deanshanger,52.0473,-0.8928,3817,1
Bowness-on-Windermere,54.3644,-2.9181,3814,1
Holt,52.9,1.09,3810,1
Stratfield Mortimer,51.373,-1.037,3807,1
Somersham,52.3823,0.0006,3802,1
Swanland,53.7399,-0.4905,3802,1
Poringland,52.5655,1.3503,3802,1
Belhelvie,57.249,-2.088,3802,1
Upper Beeding,50.8823,-0.3051,3798,1
Stoney Stanton,52.548,-1.2788,3793,1
Walton le Dale,53.746,-2.665,3792,1
Banks,53.683,-2.917,3792,1
Haltwhistle,54.97,-2.458,3791,1
Amlwch,53.406,-4.341,3789,1
Tibshelf,53.143,-1.345,3787,1
Watchet,51.1795,-3.3242,3785,1
Gullane,56.037,-2.827,2650,1
Tenbury,52.31,-2.59,3777,1
Macduff,57.671,-2.497,3767,1
Dymchurch,51.027,1,3752,1
Tonypandy,51.6223,-3.4512,3750,1
Wyberton,52.954,-0.0412,3747,1
Worlingham,52.452,1.595,3745,1
Auckley,53.502,-1.018,3745,1
Lamesley,54.916,-1.608,3742,1
Melton,52.1058,1.3317,3741,1
Epworth,53.525,-0.82,3734,1
Harewood,53.9,-1.51,3734,1
Topsham,50.686,-3.4651,3730,1
Addingham,53.9333,-1.8833,3730,1
Marden,51.174,0.494,3724,1
Messingham,53.5273,-0.6535,3718,1
Spixworth,52.6895,1.3268,3718,1
Sutton-in-Craven,53.892,-1.993,3714,1
Rhuddlan,53.294,-3.464,3709,1
Feock,50.206,-5.05,3708,1
Caddington,51.8631,-0.4568,3703,1
Garelochhead,56.081,-4.83,3700,1
Holton le Clay,53.5055,-0.0585,3691,1
Pirbright,51.286,-0.639,3691,1
Bembridge,50.6897,-1.0889,3688,1
Lesmahagow,55.638,-3.887,3685,1
Aston Clinton,51.799,-0.721,3682,1
Desford,52.625,-1.295,3676,1
Old Brampton,53.2432,-1.4994,3676,1
Highcliffe,50.7414,-1.6959,3673,1
Taff’s Well,51.5454,-3.2702,3672,1
Corbridge,54.975,-2.017,3672,1
Lyme Regis,50.725,-2.94,3671,1
Dobwalls,50.4577,-4.5158,3662,1
Llangollen,52.97,-3.17,3658,1
Maresfield,51,0.09,3656,1
Pilning,51.564,-2.6417,3647,1
Saxmundham,52.215,1.487,3644,1
Clapham,52.1649,-0.502,3643,1
Llanharry,51.513,-3.43,3643,1
Llanfairfechan,53.253,-3.973,3637,1
Stoneleigh,52.3514,-1.5147,3636,1
Penclawdd,51.641,-4.0977,3635,1
Pewsey,51.339,-1.765,3634,1
Whalley,53.824,-2.404,3629,1
Kilbarchan,55.8362,-4.5537,3480,1
Kilburn,53.0056,-1.4254,3618,1
Aviemore,57.194,-3.823,3240,1
Wembdon,51.132,-3.023,3613,1
Haven Street,50.7092,-1.2089,3613,1
Wigginton,54.0187,-1.0936,3610,1
Newton,51.484,-3.679,3608,1
Frizington,54.556,-3.471,3607,1
Highley,52.448,-2.382,3605,1
Metheringham,53.1391,-0.4034,3605,1
Kegworth,52.8369,-1.2836,3601,1
Anstruther,56.2234,-2.7027,3600,1
Carfin,55.8009,-3.9648,3190,1
Boreham,51.7599,0.542,3597,1
Parkgate,53.296,-3.085,3591,1
Tain,57.8118,-4.0567,3590,1
Bottesford,52.9375,-0.802,3587,1
Elton,53.2766,-2.8168,3586,1
Shawforth,53.683,-2.166,3586,1
West Parley,50.786,-1.886,3585,1
Oughtibridge,53.436,-1.539,3584,1
Wilton,51.08,-1.864,3579,1
Harthill,55.8603,-3.7493,2620,1
Bawtry,53.4278,-1.0167,3573,1
Yapton,50.82,-0.6112,3571,1
Martham,52.7084,1.6328,3569,1
Limpsfield,51.2606,0.0119,3569,1
Bramley,51.193,-0.558,3559,1
Wisbech Saint Mary,52.63,0.1,3556,1
Scarisbrick,53.61,-2.934,3554,1
Brockenhurst,50.82,-1.58,3552,1
Carisbrooke,50.6917,-1.3172,3547,1
Upton,53.62,-1.29,3541,1
Dreghorn,55.6072,-4.6169,3540,1
Marham,52.6608,0.5255,3531,1
Stamford Bridge,53.989,-0.9125,3528,1
Box,51.415,-2.252,3525,1
Kidwelly,51.736,-4.307,3523,1
Mulbarton,52.5872,1.2253,3521,1
Auchinleck,55.4733,-4.2985,3512,1
Barkham,51.402,-0.876,3511,1
Bitton,51.4248,-2.46,3509,1
Cosby,52.5517,-1.1933,3506,1
Whaplode,52.8002,-0.037,3505,1
Moulton,52.798,-0.0629,3504,1
Moulton Chapel,52.7463,-0.0841,3504,1
Cults,57.1187,-2.1739,3500,1
Marsden,53.6011,-1.9267,3499,1
Withnell,53.69,-2.555,3498,1
Congresbury,51.3677,-2.8109,3497,1
Melling,53.495,-2.927,3493,1
Moreton in Marsh,51.988,-1.701,3493,1
Yelverton,50.492,-4.086,3493,1
Wollaston,52.2564,-0.6694,3491,1
Inverkip,55.907,-4.8703,3490,1
Denholme,53.802,-1.894,3489,1
Pilsley,53.155,-1.366,3487,1
Pentyrch,51.5288,-3.2973,3483,1
Arundel,50.8544,-0.5539,2803,1
Prestbury,53.2928,-2.1452,3471,1
Clipstone,53.17,-1.1073,3469,1
Llanharan,51.53,-3.43,3465,1
Skellingthorpe,53.2364,-0.6165,3465,1
Otford,51.3097,0.1866,3465,1
Neyland,51.7113,-4.9452,3464,1
South Cerney,51.671,-1.932,3464,1
Alford,53.26,0.18,3459,1
Cholsey,51.574,-1.151,3457,1
Moulton,52.2892,-0.8491,3454,1
Redlynch,50.988,-1.712,3448,1
Sway,50.783,-1.6,3448,1
Wootton,50.7263,-1.2321,3447,1
Water Orton,52.517,-1.736,3444,1
Burton Joyce,52.988,-1.036,3443,1
Nettleham,53.2662,-0.4877,3437,1
Gilfach Goch,51.5921,-3.4728,3436,1
Gilberdike,53.752,-0.7361,3430,1
Lytchett Matravers,50.7582,-2.0791,3424,1
Wonersh,51.1983,-0.5468,3412,1
Queenborough,51.4183,0.745,3407,1
Boroughbridge,54.095,-1.398,3405,1
Avonmouth,51.501,-2.699,3402,1
Bramhope,53.8829,-1.6095,3400,1
Westerleigh,51.51,-2.43,3399,1
Marston,51.777,-1.236,3398,1
Thorngumbald,53.7208,-0.1715,3392,1
Pen-y-cae,52.999,-3.073,3389,1
Kirkliston,55.956,-3.403,3386,1
Chapel Saint Leonards,53.223,0.3365,3384,1
Glemsford,52.1,0.669,3382,1
Benllech,53.3216,-4.2257,2332,1
Swillington,53.768,-1.4201,3381,1
New Buildings,54.958,-7.355,3381,1
Llanbadarn-fawr,52.408,-4.06,3380,1
Menai Bridge,53.23,-4.16,3376,1
Bilsthorpe,53.1333,-1.0333,3375,1
Bloxham,52.018,-1.375,3374,1
Lenham,51.238,0.716,3370,1
South Petherton,50.949,-2.809,3367,1
Takeley,51.868,0.266,3367,1
Saundersfoot,51.711,-4.7,3361,1
Darvel,55.61,-4.2809,3361,1
Washingborough,53.2233,-0.4744,3356,1
Saint Asaph,53.258,-3.442,3355,1
Heckington,52.982,-0.304,3353,1
Kirkcudbright,54.832,-4.048,3352,1
Clackmannan,56.107,-3.749,3240,1
Codicote,51.85,-0.236,3344,1
Haddenham,52.358,0.149,3344,1
West Bergholt,51.91,0.85,3344,1
Buxted,50.99,0.13,3343,1
Framlingham,52.2221,1.3434,3342,1
Leverington,52.6822,0.1359,3339,1
Lowdham,53.009,-1.001,3334,1
Buckfastleigh,50.48,-3.78,3326,1
Llanrwst,53.137,-3.795,3323,1
Wedmore,51.226,-2.81,3318,1
Blofield,52.635,1.448,3316,1
West Chiltington,50.9556,-0.449,3315,1
Boughton Monchelsea,51.2293,0.5312,3313,1
Burghill,52.1,-2.7666,3309,1
West Wellow,50.975,-1.578,3308,1
East Peckham,51.22,0.38,3306,1
Bourton on the Water,51.886,-1.759,3296,1
Nottage,51.491,-3.7116,3293,1
Ashfordby,52.76,-0.96,3286,1
Newtonhill,57.032,-2.15,3140,1
Pegswood,55.1798,-1.6442,3280,1
Hemsby,52.6976,1.6911,3275,1
Gobowen,52.896,-3.038,3270,1
Wilstead,52.0666,-0.4333,3270,1
Cuckfield,51.0096,-0.1407,3266,1
Crosskeys,51.6169,-3.1207,3265,1
Towyn,52.582,-4.089,3264,1
Barlborough,53.287,-1.287,3261,1
Laceby,53.541,-0.168,3259,1
Preston,53.7566,-0.1969,3258,1
Bishopston,51.575,-4.051,3251,1
Gamlingay,52.1579,-0.1946,3247,1
Little Paxton,52.25,-0.25,3244,1
Headcorn,51.1695,0.6203,3241,1
Bishopthorpe,53.9187,-1.1008,3237,1
Fairford,51.708,-1.785,3236,1
Thurston,52.2499,0.8259,3232,1
Rossett,53.109,-2.945,3231,1
Mid Calder,55.8918,-3.481,3230,1
Pontesbury,52.649,-2.888,3227,1
Hendy,51.713,-4.057,3226,1
Cambusbarron,56.109,-3.968,3224,1
Law,55.7501,-3.8826,3220,1
Endon,53.0788,-2.1112,3221,1
Chestfield,51.355,1.064,3214,1
Rotherfield,51.046,0.2192,3208,1
Goudhurst,51.1112,0.4636,3204,1
Swalwell,54.954,-1.684,3200,1
Malvern Wells,52.0785,-2.3324,3196,1
Alyth,56.6231,-3.232,2400,1
Treeton,53.3845,-1.3513,3189,1
Long Lawford,52.3841,-1.302,3180,1
Knighton,52.344,-3.049,3172,1
Holme upon Spalding Moor,53.8365,-0.7782,3172,1
Bream,51.7498,-2.574,3171,1
Alderholt,50.9133,-1.8317,3171,1
Harrington,54.612,-3.565,3167,1
Kingsclere,51.326,-1.2442,3164,1
Maerdy,51.6727,-3.4833,3160,1
Bedale,54.288,-1.591,3156,1
Catterick,54.377,-1.63,3155,1
Silkstone,53.5489,-1.5634,3153,1
Pevensey,50.8203,0.3383,3153,1
Stalham,52.77,1.511,3149,1
Berkswell,52.409,-1.642,3139,1
Chipstead,51.315,-0.163,3136,1
Markyate,51.836,-0.455,3135,1
Little Plumstead,52.649,1.4128,3135,1
Maulden,52.03,-0.47,3132,1
Hunmanby,54.1818,-0.3175,3132,1
Weston Turville,51.7916,-0.7577,3127,1
Ogmore Vale,51.603,-3.5467,3117,1
Eaglesham,55.7394,-4.2733,3114,1
Eastergate,50.8417,-0.6579,3107,1
Willaston,53.082,-2.479,3104,1
Llangendeirne,51.7985,-4.2071,3102,1
Eriswell,52.367,0.533,3101,1
Woodstock,51.845,-1.354,3100,1
Beaminster,50.809,-2.7391,3100,1
Laurencekirk,56.83,-2.46,3040,1
Leslie,56.202,-3.2115,3060,1
Langford,52.0529,-0.2741,3091,1
Draycott,52.8944,-1.3415,3090,1
Chailey,50.96,-0.01,3088,1
Iwade,51.376,0.728,3087,1
Kenton,50.64,-3.47,3087,1
Wrecclesham,51.199,-0.818,3079,1
Tutbury,52.854,-1.686,3076,1
Downton,50.993,-1.743,3073,1
West Calder,55.852,-3.5685,3070,1
Scotter,53.499,-0.6663,3068,1
Perranporth,50.3437,-5.1546,3066,1
Porthleven,50.084,-5.315,3059,1
Drybrook,51.8542,-2.5496,3052,1
Felsted,51.856,0.436,3051,1
Northop,53.204,-3.13,3049,1
Norton Fitzwarren,51.0232,-3.1491,3046,1
Spilsby,53.1727,0.0931,3045,1
Tardebigge,52.322,-2.007,3044,1
Kirkby Moorside,54.269,-0.93,3040,1
Cleobury Mortimer,52.3785,-2.4821,3036,1
Kincardine,56.069,-3.719,2750,1
South Hetton,54.8,-1.41,3032,1
Gwithian,50.2214,-5.3865,3032,1
Llangynwyd,51.5869,-3.6379,3032,1
Petworth,50.986,-0.609,3027,1
High Bentham,54.118,-2.51,3027,1
Painswick,51.786,-2.194,3026,1
Barrow upon Humber,53.675,-0.3818,3022,1
Eastchurch,51.4,0.8667,3022,1
Ystalyfera,51.764,-3.786,3019,1
Margam,51.5744,-3.7528,3017,1
Rendlesham,52.1301,1.4127,3013,1
Newbold Verdon,52.6296,-1.3421,3012,1
Saughall,53.2234,-2.9593,3009,1
West Melton,53.5035,-1.3618,3007,1
Cleland,55.8023,-3.9143,3000,1
Steynton,51.7295,-5.0174,3000,1
Longtown,55.0084,-2.9687,3000,1
Breage,50.108,-5.332,3000,1
Llanfairpwllgwyngyll,53.2232,-4.2008,2999,1
Sealand,53.212,-2.97,2996,1
Saint Clears,51.8204,-4.5042,2995,1
Padstow,50.538,-4.938,2993,1
Collingham,53.904,-1.4139,2991,1
Normandy,51.2576,-0.6556,2981,1
Pangbourne,51.4839,-1.0869,2978,1
Lyndhurst,50.87,-1.58,2973,1
Bletchingley,51.241,-0.099,2973,1
Colerne,51.439,-2.262,2972,1
Hopton on Sea,52.534,1.738,2970,1
Lampeter,52.1202,-4.0821,2970,1
Belton,53.553,-0.8166,2968,1
Cringleford,52.6056,1.2433,2963,1
Mere,51.09,-2.266,2961,1
Llanwern,51.572,-2.9133,2961,1
Chiddingfold,51.1113,-0.6282,2211,1
Trimdon,54.7017,-1.4284,2958,1
Gosberton,52.85,-0.15,2958,1
Alveston,51.589,-2.533,2953,1
Heath,53.1982,-1.3353,2953,1
Pitstone,51.8256,-0.6302,2952,1
Camelford,50.617,-4.683,2945,1
Fernhurst,51.049,-0.723,2942,1
Charminster,50.7327,-2.4546,2940,1
Healing,53.5739,-0.164,2940,1
Dunchurch,52.3368,-1.2896,2938,1
Brodsworth,53.5596,-1.237,2936,1
West Grinstead,50.9741,-0.3331,2934,1
Cullingworth,53.8247,-1.9027,2932,1
Kinghorn,56.07,-3.17,2840,1
Great Totham,51.7792,0.7011,2930,1
Llanidloes,52.449,-3.5402,2929,1
Totland,50.6849,-1.5366,2927,1
Croft,53.437,-2.552,2920,1
Banwell,51.327,-2.864,2919,1
Heighington,53.212,-0.4574,2918,1
Croston,53.662,-2.777,2917,1
East Woodhay,51.3511,-1.4183,2914,1
Llanrug,53.147,-4.193,2911,1
Holmewood,53.1893,-1.3549,2909,1
Bruton,51.1134,-2.4528,2907,1
Etwall,52.884,-1.602,2906,1
Silloth,54.869,-3.381,2906,1
Pucklechurch,51.487,-2.4353,2904,1
Teynham,51.331,0.802,2904,1
Chryston,55.906,-4.11,2900,1
Bosham,50.8289,-0.8595,2900,1
Prees,52.897,-2.666,2895,1
Ryhill,53.6168,-1.4021,2894,1
Wiveliscombe,51.0431,-3.3137,2893,1
Stainton,54.5211,-1.2595,2890,1
Chieveley,51.461,-1.319,2890,1
New Cumnock,55.3968,-4.1839,2710,1
Upton upon Severn,52.063,-2.215,2881,1
Papworth Everard,52.2547,-0.1189,2880,1
Halkyn,53.233,-3.183,2879,1
Harton,54.881,-1.534,2878,1
Clifton,52.0398,-0.3017,2878,1
Much Wenlock,52.5966,-2.558,2877,1
Capel Saint Mary,52.002,1.046,2877,1
Dollar,56.162,-3.674,2800,1
Minchinhampton,51.7058,-2.186,2875,1
Shawbury,52.786,-2.655,2872,1
Swanmore,50.9423,-1.1794,2871,1
Fen Stanton,52.3,-0.07,2868,1
Bookham,51.233,-0.286,2868,1
Over,52.314,0.016,2862,1
Much Hadham,51.854,0.072,2862,1
Barlaston,52.9457,-2.1583,2858,1
Ottershaw,51.368,-0.53,2853,1
Alrewas,52.732,-1.749,2852,1
Lechlade,51.699,-1.692,2850,1
White Waltham,51.49,-0.769,2850,1
Thaxted,51.954,0.346,2845,1
Bishops Lydeard,51.0615,-3.1872,2839,1
Sheering,51.8043,0.1845,2838,1
Theale,51.437,-1.077,2835,1
Usk,51.704,-2.902,2834,1
Tattershall,53.104,-0.1906,2834,1
Aspatria,54.7633,-3.3281,2834,1
Charlbury,51.872,-1.482,2830,1
Chalgrove,51.665,-1.077,2830,1
West Horsley,51.261,-0.454,2828,1
West Coker,50.9189,-2.6913,2828,1
Cranwell,53.0367,-0.4619,2827,1
Feltwell,52.4864,0.5194,2826,1
Cymmer,51.65,-3.65,2825,1
Acle,52.638,1.555,2824,1
South Brent,50.4281,-3.8358,2822,1
Halling,51.3514,0.4413,2821,1
Crich,53.084,-1.479,2821,1
Glenboig,55.8933,-4.0449,2820,1
Adderbury,52.016,-1.313,2819,1
Cantley,53.51,-1.06,2817,1
Lostwithiel,50.4074,-4.6696,2739,1
Appledore,51.0525,-4.1945,2814,1
Northchurch,51.783,-0.613,2813,1
Donington,52.904,-0.1982,2805,1
Buckden,52.28,-0.25,2805,1
Milborne Port,50.9666,-2.461,2802,1
Newmilns,55.608,-4.329,2800,1
Clydach Vale,51.6268,-3.4719,2799,1
Chinley,53.339,-1.941,2796,1
Rudgwick,51.093,-0.446,2791,1
West Monkton,51.051,-3.045,2787,1
Saint Dennis,50.383,-4.883,2785,1
Fulford,53.938,-1.073,2785,1
Smalley,52.998,-1.394,2784,1
Mitcheldean,51.8646,-2.4904,2783,1
Milltimber,57.1052,-2.2311,2780,1
Ellington,55.2209,-1.5621,2778,1
Pitlochry,56.705,-3.733,2776,1
Kilnhurst,53.4703,-1.3057,2775,1
Radley,51.689,-1.24,2774,1
Bugbrooke,52.2105,-1.0106,2773,1
Rowlands Castle,50.8912,-0.9601,2770,1
Pontyberem,51.779,-4.174,2768,1
Charing,51.2107,0.7949,2766,1
Sedbergh,54.322,-2.526,2765,1
East Bergholt,51.978,1.017,2765,1
Lickey End,52.3522,-2.0448,2764,1
Mundesley,52.876,1.438,2758,1
Locking,51.3309,-2.9108,2756,1
Callander,56.244,-4.2145,2754,1
Burton upon Stather,53.6494,-0.6848,2753,1
Icklesham,50.92,0.67,2751,1
Upwell,52.5956,0.2134,2750,1
Davenham,53.2358,-2.5111,2745,1
Wing,51.898,-0.717,2745,1
Hambleton,53.875,-2.952,2744,1
Llysfaen,53.279,-3.668,2743,1
Wendron,50.134,-5.248,2743,1
Greenfield,53.289,-3.21,2741,1
Wembury,50.3169,-4.083,2740,1
North Collingham,53.1478,-0.7592,2738,1
New Earswick,53.992,-1.0724,2737,1
Batheaston,51.4065,-2.3112,2735,1
Farnsfield,53.1028,-1.0361,2731,1
Tarvin,53.1949,-2.7668,2728,1
Watlington,51.645,-1.008,2727,1
Mintlaw,57.525,-2.001,2720,1
Crosshouse,55.6122,-4.5528,2720,1
Wolsingham,54.731,-1.882,2720,1
Lingwood,52.6222,1.4901,2719,1
Meriden,52.4379,-1.6496,2719,1
Lyminge,51.127,1.0876,2717,1
Brenchley,51.1486,0.3941,2715,1
Burwash,51,0.39,2713,1
Cowie,56.0805,-3.867,2713,1
Fordham,52.32,0.38,2712,1
Effingham,51.2718,-0.4002,2711,1
Presteign,52.2744,-3.0054,2710,1
Hayfield,53.38,-1.94,2709,1
Wootton,51.707,-1.313,2709,1
Reepham,52.762,1.112,2709,1
Repton,52.838,-1.549,2707,1
Weedon Beck,52.231,-1.0804,2706,1
Gretna,54.994,-3.062,2705,1
Elstow,52.1069,-0.4648,2702,1
West Wittering,50.7806,-0.8956,2700,1
Stalbridge,50.9594,-2.3784,2698,1
Kirton in Lindsey,53.4759,-0.5887,2694,1
Muir of Ord,57.52,-4.46,2690,1
Dolgellau,52.743,-3.885,2688,1
Combe Martin,51.2,-4.025,2687,1
Mistley,51.944,1.081,2685,1
Nutfield,51.238,-0.133,2673,1
Hardwick,52.2133,0.0119,2670,1
Dundonald,55.578,-4.594,2670,1
Chisledon,51.516,-1.731,2667,1
Teversham,52.2,0.19,2665,1
Long Stanton,52.279,0.0478,2657,1
Badsey,52.08,-1.89,2657,1
Harbledown,51.283,1.054,2656,1
Withyham,51.1,0.132,2654,1
Grimsargh,53.805,-2.631,2653,1
Tuxford,53.231,-0.898,2649,1
Loddon,52.533,1.483,2648,1
Llandow,51.449,-3.523,2643,1
Horam,50.93,0.24,2642,1
Holsworthy,50.8167,-4.35,2641,1
Robertsbridge,50.99,0.47,2624,1
Speen,51.4098,-1.3417,2635,1
Wrington,51.361,-2.763,2633,1
Mattishall,52.6585,1.0347,2631,1
South Hanningfield,51.6504,0.5183,2629,1
Lochwinnoch,55.7925,-4.6286,2628,1
Cuxton,51.375,0.45,2627,1
Kington,52.2035,-3.03,2626,1
Oxenhope,53.812,-1.952,2626,1
Tangmere,50.851,-0.716,2625,1
Timsbury,51.3268,-2.4757,2624,1
Tollesbury,51.76,0.84,2621,1
Biddenham,52.1406,-0.5051,2620,1
Emneth,52.6426,0.2091,2617,1
Stocksfield,54.948,-1.914,2616,1
Tarporley,53.1602,-2.6694,2614,1
Herstmonceux,50.89,0.32,2598,1
Kelsall,53.207,-2.712,2609,1
Kempsey,52.1391,-2.2177,2609,1
Brynamman,51.8151,-3.8714,2608,1
Williton,51.1648,-3.3087,2607,1
Willington,52.854,-1.565,2604,1
Whittington,52.67,-1.76,2603,1
Nefyn,52.935,-4.524,2602,1
Kilmaurs,55.6394,-4.5303,2601,1
Caistor,53.494,-0.322,2601,1
Bushbury,52.62,-2.113,2600,1
Ambleside,54.4251,-2.9626,2600,1
Clent,52.4152,-2.114,2600,1
Duns,55.7784,-2.3426,2594,1
Eythorne,51.1971,1.2662,2594,1
Whittington,52.874,-3.003,2592,1
West Malling,51.2917,0.4152,2590,1
Dalston,54.8432,-2.9835,2590,1
Fishburn,54.6831,-1.4364,2588,1
Eyemouth,55.871,-2.093,2587,1
Stone,51.8044,-0.8649,2587,1
Innerleithen,55.6184,-3.059,2586,1
Sherborne Saint John,51.2944,-1.1098,2584,1
Westfield,50.91,0.58,2583,1
Wilpshire,53.778,-2.479,2582,1
Ironbridge,52.6277,-2.485,2582,1
Hutton,51.3219,-2.927,2582,1
Reydon,52.3376,1.6695,2582,1
Parbold,53.593,-2.764,2582,1
Crowan,50.163,-5.294,2581,1
Biddenden,51.1139,0.6441,2574,1
Snettisham,52.8771,0.5024,2570,1
Dornoch,57.88,-4.03,1330,1
Builth Wells,52.149,-3.405,2568,1
Carron,56.0238,-3.7896,2420,1
Brookwood,51.3038,-0.6367,2565,1
Settle,54.0721,-2.2819,2564,1
Bampton,51.727,-1.544,2564,1
Wolston,52.37,-1.39,2564,1
Kelvedon Hatch,51.6633,0.2783,2563,1
Elstead,51.184,-0.698,2557,1
Newington,51.352,0.6679,2551,1
Marks Tey,51.876,0.772,2551,1
Hartlebury,52.33,-2.23,2549,1
Luddenden Foot,53.7178,-1.9381,2547,1
Mobberley,53.3134,-2.3263,2546,1
Yarnton,51.811,-1.31,2545,1
Bredon,52.03,-2.117,2542,1
Trimsaran,51.7178,-4.2379,2541,1
Broadway,52.04,-1.86,2540,1
Llandwrog,53.079,-4.314,2539,1
Charfield,51.6261,-2.4058,2538,1
Kintbury,51.399,-1.449,2534,1
Hemingford Grey,52.318,-0.104,2524,1
Barmouth,52.722,-4.055,2522,1
Holywell,52.319,-0.034,2517,1
Lower Kingswood,51.294,-0.2115,2511,1
Moffat,55.332,-3.442,2510,1
Stanton,52.324,0.885,2507,1
Rainow,53.2802,-2.0727,2505,1
Baschurch,52.791,-2.854,2503,1
Delabole,50.622,-4.733,2500,1
Elsecar,53.496,-1.412,2500,1
Newmacher,57.267,-2.192,2500,1
Pontycymer,51.6116,-3.5842,2499,1
Saint Margaret’s at Cliffe,51.1536,1.3714,2499,1
Broughton,52.05,-0.694,2493,1
