Time,Time Code,Country Name,Country Code,CO2 emissions (kt),CO2 emissions (metric tons per capita),"CO2 emissions from electricity and heat production, total (% of total fuel combustion)",CO2 emissions from gaseous fuel consumption (% of total),CO2 emissions from liquid fuel consumption (% of total),CO2 emissions from manufacturing industries and construction (% of total fuel combustion),"CO2 emissions from other sectors, excluding residential buildings and commercial and public services (% of total fuel combustion)",CO2 emissions from residential buildings and commercial and public services (% of total fuel combustion),CO2 emissions from solid fuel consumption (% of total),CO2 emissions from transport (% of total fuel combustion),GDP (current US$),GDP growth (annual %),GDP per capita (current US$),GDP per capita growth (annual %)
2010,YR2010,Afghanistan,AFG,8576.15,0.304230216,..,3.129850058,67.71472895,..,..,..,26.51913495,..,15856668496,14.36244147,562.4992194,11.09921992
2010,YR2010,Africa Eastern and Southern,AFE,532614.1402,1.017488422,62.26170379,2.206351675,22.35749153,13.71309754,2.044303537,4.566228847,79.29359506,17.41466628,8.67041E+11,5.157236643,1656.366272,2.334912275
2010,YR2010,Africa Western and Central,AFW,159573.957,0.447816577,31.75434919,18.29239003,63.36345708,7.765667575,5.847830643,5.784950744,0.668726701,48.83672186,5.98607E+11,6.969282599,1679.88783,4.008639501
2010,YR2010,Albania,ALB,4785.4,1.64276193,2.544529262,0.560458515,76.30242358,26.46310433,6.106870229,8.142493639,9.367663755,56.74300254,11926926616,3.706938153,4094.349686,4.223083827
2010,YR2010,Algeria,DZA,114179.4,3.184357,37.92419338,47.20687202,40.12827205,11.4336431,3.727680902,13.81434687,1.07605091,33.10013574,1.61207E+11,3.600000001,4495.921476,1.6921701
2010,YR2010,American Samoa,ASM,..,..,..,..,..,..,..,..,..,..,573000000,0.299850075,10446.86321,1.245264257
2010,YR2010,Andorra,AND,516.624,7.223590934,..,0,99.43211538,..,..,..,0,..,3449925694,-1.974958,48237.89054,1.222687703
2010,YR2010,Angola,AGO,22801.5,0.975916772,17.18440185,4.807073256,46.90109709,15.53205552,0.264375413,24.65300727,0,42.36615995,83799473760,4.398375938,3586.66368,0.571220941
2010,YR2010,Antigua and Barbuda,ATG,465.8,5.435556334,..,0,107.0165306,..,..,..,0,..,1148700000,-7.840594744,13404.51602,-9.089174819
2010,YR2010,Arab World,ARB,1533676.6,4.208452772,48.0045267,39.14931278,58.29582636,20.86866835,1.331509283,4.836121934,1.421557735,24.95702498,2.34609E+12,4.713732711,6437.734497,2.221725554
2010,YR2010,Argentina,ARG,167226.3,4.09984414,35.88533272,51.74234269,53.65719103,18.13262722,5.986645176,15.00690767,2.3750226,24.98273083,4.23627E+11,10.12539816,10385.96443,9.844296398
2010,YR2010,Armenia,ARM,4336.6,1.471883482,15.55555556,68.10142857,23.23559908,12.83950617,16.54320988,23.95061728,0.084493088,31.11111111,9260285756,2.2,3143.02948,2.824481883
2010,YR2010,Aruba,ABW,..,..,..,..,..,..,..,..,..,..,2453597207,-2.733455707,24452.58874,-3.827863063
2010,YR2010,Australia,AUS,395993.2,17.97375152,62.92293474,16.81603743,29.63894049,9.765364276,1.573650973,3.252554295,53.25788537,22.48549571,1.14889E+12,2.226538078,52147.02419,0.648500068
2010,YR2010,Austria,AUT,69965.1,8.36562481,35.32838212,26.59046741,48.30627787,16.89238386,1.106742391,14.34396389,18.63901086,32.34309014,3.92275E+11,1.837093677,46903.76159,1.592577128
2010,YR2010,Azerbaijan,AZE,24311.9,2.685112496,42.49893753,74.46363561,36.03226087,6.119847004,4.46238844,25.92435189,0.09110559,21.03697408,52909294792,5.048944513,5843.533768,3.806491021
2010,YR2010,"Bahamas, The",BHS,1979.4,5.302835466,..,0,114.59375,..,..,..,0.176298077,..,10095760000,1.538662487,27046.65767,0.120061239
2010,YR2010,Bahrain,BHR,25965.7,21.39480655,84.02505873,94.51205543,15.85081216,2.819107283,0,0.861393892,0,12.33359436,25713271277,4.334299173,21186.81433,1.394890732
2010,YR2010,Bangladesh,BGD,50487.6,0.340233253,48.64593781,77.95818703,21.45245749,18.39518556,5.55667001,12.65797392,6.082667062,14.7442327,1.15279E+11,5.571788185,776.8595769,4.373484664
2010,YR2010,Barbados,BRB,1481.5,5.392940217,..,1.845031447,83.71830189,..,..,..,0,..,4531150000,-2.272188073,16494.24304,-2.599475975
2010,YR2010,Belarus,BLR,61443.7,6.478781371,62.12829937,67.62503986,27.56066374,7.350484464,3.458068827,8.787170063,3.698617212,18.27597728,57231904543,7.798266835,6034.678852,8.034088147
2010,YR2010,Belgium,BEL,106872.8,9.808816157,27.50830565,36.02249742,51.63833099,19.79117228,2.164214523,25.35358329,13.04304405,25.18272425,4.81421E+11,2.864292708,44184.94635,1.928764196
2010,YR2010,Belize,BLZ,531.2,1.649146554,..,1.964464286,93.63946429,..,..,..,0,..,1739070295,1.239952915,5399.062096,-1.254067768
2010,YR2010,Benin,BEN,4825.1,0.510824491,2.417582418,0,87.41608268,3.296703297,-4.69E-15,24.83516484,0,69.67032967,9535345016,2.114064726,1009.489495,-0.839355824
2010,YR2010,Bermuda,BMU,..,..,..,..,..,..,..,..,..,..,6634526000,-2.502878289,101875.2841,-1.736363236
2010,YR2010,Bhutan,BTN,493.18,0.699034466,..,0,66.31808511,..,..,..,16.38446809,..,1547990912,11.945896,2194.125876,10.70222196
2010,YR2010,Bolivia,BOL,14702.2,1.438111289,27.22627737,38.08413564,52.37178191,11.02189781,12.91970803,9.270072993,0,39.48905109,19649723722,4.126722591,1922.058571,2.375335576
2010,YR2010,Bosnia and Herzegovina,BIH,20842.5,5.468910715,67.74036115,2.199496161,21.41429463,7.857491459,4.929233773,2.781844802,76.22573896,16.59346022,17176315804,0.86566926,4506.932352,2.62997049
2010,YR2010,Botswana,BWA,3371.7,1.611970183,17.43119266,0,72.57830861,17.43119266,1.22324159,4.892966361,59.08548961,59.32721713,12637273429,10.12220912,6041.732051,7.875871132
2010,YR2010,Brazil,BRA,397931.1,2.026605669,18.65435997,13.25072889,68.86193222,25.84136237,4.906485305,5.346395703,14.71944661,45.25139665,2.20884E+12,7.528225818,11249.29189,6.522816179
2010,YR2010,British Virgin Islands,VGB,..,..,..,..,..,..,..,..,..,..,..,..,..,..
2010,YR2010,Brunei Darussalam,BRN,7170.8,18.10565758,75.21865889,89.37644315,23.19938776,6.268221574,0,1.457725948,0,17.20116618,13707280260,2.598965746,34609.71198,1.111479826
2010,YR2010,Bulgaria,BGR,44740.6,6.049624919,70.04504505,11.74911706,24.87182609,8.445945946,1.036036036,2.905405405,59.55502341,17.54504505,50760929303,1.555359513,6863.667068,2.226078677
2010,YR2010,Burkina Faso,BFA,2094.3,0.129944788,..,0,86.67454545,..,..,..,0,..,10109619741,8.446281577,627.2703957,5.305144555
2010,YR2010,Burundi,BDI,323.3,0.035423906,..,0,91.675,..,..,..,5.7296875,..,2032135192,5.124159994,222.6605832,0.318221818
2010,YR2010,Cabo Verde,CPV,540.7,1.037389776,..,0,103.2192593,..,..,..,0,..,1824751468,1.83641915,3500.977468,0.747349442
2010,YR2010,Cambodia,KHM,5140.8,0.357906398,17.53246753,0,95.17802846,3.896103896,4.978354978,6.493506494,1.043455285,67.31601732,11242275288,5.963078573,782.6957386,4.430149205
2010,YR2010,Cameroon,CMR,7014.4,0.352871883,32.47524752,6.607942158,63.2649277,7.128712871,0.198019802,7.128712871,0,52.87128713,27507501821,2.899024721,1383.813865,0.006582789
2010,YR2010,Canada,CAN,537091.5,15.79453766,39.87068556,33.68995851,46.89315982,11.65921841,2.658552819,14.02871541,16.25520793,31.7828278,1.61734E+12,3.089919462,47562.08343,1.950048334
2010,YR2010,Caribbean small states,CSS,38301.47,5.468179557,57.76557959,103.4267791,57.31524036,19.66419115,1.711333549,2.45398773,0.303921273,18.43719729,64940854448,1.265309732,9271.400098,0.684298654
2010,YR2010,Cayman Islands,CYM,..,..,..,..,..,..,..,..,..,..,4156841107,-2.715635262,76873.19428,-5.363905871
2010,YR2010,Central African Republic,CAF,174.8,0.03751019,..,0,97.78666667,..,..,..,0,..,2142591540,4.630818432,459.7769818,2.485984851
2010,YR2010,Central Europe and the Baltics,CEB,708417.9,6.78421838,53.82506169,18.36354356,24.57595329,11.33736452,2.415828439,14.40260921,55.12329242,18.01336354,1.31653E+12,1.435451328,12607.86047,1.803640788
2010,YR2010,Chad,TCD,1190,0.100044331,..,0,96.83728155,..,..,..,0,..,10668103554,13.55010086,896.8767046,9.744973037
2010,YR2010,Channel Islands,CHI,..,..,..,..,..,..,..,..,..,..,..,..,..,..
2010,YR2010,Chile,CHL,69749.1,4.101883998,40.03499052,14.67957114,62.38423264,20.00291588,1.297565243,7.420906838,23.7208405,31.24362152,2.17051E+11,5.851651017,12764.59312,4.788942687
2010,YR2010,China,CHN,8474922.7,6.335419767,51.56823947,2.358150915,12.90900609,33.44807676,2.037874414,5.401937187,77.61191904,7.543742418,6.08719E+12,10.63587107,4550.473944,10.10283262
2010,YR2010,Colombia,COL,64146.1,1.431317954,28.76598572,34.02236704,55.23744743,22.40491613,4.583956153,8.1714001,20.84656617,36.05713337,2.86499E+11,4.494658971,6392.758026,3.323734506
2010,YR2010,Comoros,COM,167.8,0.255783325,..,0,100.8425,..,..,..,0,..,907978731.7,3.77776675,1384.063284,1.637270424
2010,YR2010,"Congo, Dem. Rep.",COD,2653.9,0.039973637,3.20855615,2.136116505,83.84257282,7.486631016,0,1.604278075,0,88.23529412,21565721045,7.107976576,324.8277261,3.686160116
2010,YR2010,"Congo, Rep.",COG,5423.35,1.222057629,11.47540984,3.902630522,34.90277108,1.639344262,0,6.010928962,0,80.87431694,13148396212,9.931265431,2962.762481,5.45626725
2010,YR2010,Costa Rica,CRI,7105.5,1.537237693,9.228441755,0,94.27954993,15.58245083,2.571860817,3.78214826,3.249240506,68.98638427,37658614804,5.360343477,8147.243985,4.012638871
2010,YR2010,Cote d'Ivoire,CIV,6350.6,0.30069069,46.85990338,48.87368167,48.69681672,15.61996779,3.05958132,10.30595813,0,24.15458937,34936307965,6.848049399,1654.177959,4.610518087
2010,YR2010,Croatia,HRV,19457.3,4.529770847,33.05921053,30.9791778,53.04524666,15.78947368,3.947368421,15.24122807,13.26602261,31.90789474,58819429750,-1.243071346,13693.50003,-1.018815391
2010,YR2010,Cuba,CUB,28110,2.489722036,49.7246022,6.810489095,102.9692631,34.27172583,10.3121175,1.897184823,0.254484468,3.8249694,59562962963,2.390352297,5275.532601,2.324766851
2010,YR2010,Curacao,CUW,..,..,47.03196347,..,..,13.24200913,0,4.337899543,..,35.61643836,..,0.082306609,..,-1.176268627
2010,YR2010,Cyprus,CYP,7898.4,6.991677333,52.20385675,0,89.14280051,9.228650138,1.239669421,6.611570248,0.890959079,30.71625344,25732125694,2.014695707,31023.26758,-0.35676942
2010,YR2010,Czechia,CZE,114167.6,10.89966881,60.60660445,16.22196085,17.46113842,12.65254846,1.3011486,10.55276382,63.79672343,14.88693467,2.0907E+11,2.434902159,19960.06849,2.136880484
2010,YR2010,Denmark,DNK,48124.8,8.674756651,51.4824227,21.0216978,41.93684101,8.47098687,4.023718763,8.47098687,29.98750519,27.57306226,3.21995E+11,1.870991147,58041.39844,1.419486631
2010,YR2010,Djibouti,DJI,519.1,0.564730815,..,0,99.43211538,..,..,..,0,..,1128611700,..,1227.820853,..
2010,YR2010,Dominica,DMA,172.5,2.508908443,..,0,95.74944444,..,..,..,0,..,493825925.9,0.6726344,7182.400203,0.719489528
2010,YR2010,Dominican Republic,DOM,20680.8,2.115519466,48.9827856,7.24872093,75.72070736,11.26760563,0.991131977,7.824726135,8.972068798,30.93375065,53860187258,8.33965106,5509.568034,6.924484313
2010,YR2010,Early-demographic dividend,EAR,5857230.62,1.988005031,46.11056389,24.26777086,40.61869509,20.50755373,3.235668743,9.059726286,32.72032856,21.0863046,8.88403E+12,6.489828506,3015.332652,4.864961013
2010,YR2010,East Asia & Pacific,EAS,11863420.2,5.367568559,51.55546171,6.978846332,20.67680679,28.97110916,1.950318594,5.950739109,66.5335219,11.57228233,1.7078E+13,7.609855085,7726.909712,6.877881115
2010,YR2010,East Asia & Pacific (excluding high income),EAP,9654293.1,4.902679901,50.38453402,4.610633959,16.45540816,32.41720747,2.246811473,5.324789649,72.05739477,9.626657386,7.90072E+12,9.921141481,4012.172398,9.131570196
2010,YR2010,East Asia & Pacific (IDA & IBRD countries),TEA,9602646,4.938335339,50.6439278,4.635415288,16.51752533,32.18882743,2.119994362,5.363410417,71.97403989,9.683839985,7.89085E+12,9.921069712,4058.012962,9.127410046
2010,YR2010,Ecuador,ECU,37254,2.485325644,30.23400936,4.201440115,90.13517749,13.10452418,8.174726989,9.422776911,0,39.03276131,69555367000,3.525298669,4640.246344,1.820647693
2010,YR2010,"Egypt, Arab Rep.",EGY,200313.3,2.295790948,44.12698413,41.73848448,48.0069084,17.74376417,4.041950113,8.673469388,2.101293639,25.4138322,2.18984E+11,5.147234858,2509.772034,3.036697185
2010,YR2010,El Salvador,SLV,6539.2,1.069539358,23.5395189,0,88.92755352,14.604811,-0.171821306,10.30927835,0,51.71821306,18447920000,2.154195011,3017.307395,1.772480625
2010,YR2010,Equatorial Guinea,GNQ,6047.8,5.525506978,..,48.41826681,13.13494748,..,..,..,0,..,16314443436,-8.924175889,14905.51458,-13.15442826
2010,YR2010,Eritrea,ERI,502.95,0.159781963,54.16666667,0,96.0754,4.166666667,-2.083333333,12.5,0,29.16666667,1589515447,2.194190349,504.9724602,0.12159164
2010,YR2010,Estonia,EST,18500.4,13.89466569,80.75067024,6.817356992,7.341769068,4.075067024,1.179624665,1.930294906,79.03084216,12.06434316,19523477326,2.444265118,14663.04461,2.678164039
2010,YR2010,Eswatini,SWZ,849.2,0.77205615,..,0,68.2570297,..,..,..,36.67,..,4438765086,3.793754968,4035.534481,3.318722455
2010,YR2010,Ethiopia,ETH,6473.2,0.072538775,0.67114094,0,86.20567233,28.8590604,7.88590604,14.76510067,2.040370943,47.81879195,29933790334,12.55053835,335.4384953,9.419873429
2010,YR2010,Euro area,EMU,2502105.4,7.442940581,39.26844572,28.41925631,44.55161995,13.27075054,2.190397684,18.30239053,23.92888042,26.96637508,1.26417E+13,2.180209689,37604.83366,1.938871088
2010,YR2010,Europe & Central Asia,ECS,6579733.278,7.39986282,48.15214625,36.67229917,32.64536353,13.2083255,2.279096011,15.28574838,29.75314281,21.0732614,2.10162E+13,2.658915979,23635.81009,2.253689664
2010,YR2010,Europe & Central Asia (excluding high income),ECA,2840620.8,7.493478814,57.05410844,48.28640196,21.29556335,14.24523336,2.465549877,11.41231506,31.27775956,14.82204659,2.95312E+12,5.641225114,7790.257411,5.02496274
2010,YR2010,Europe & Central Asia (IDA & IBRD countries),TEC,3251419.1,7.361745771,56.57320832,44.03321352,21.67437694,13.84240149,2.544258206,11.9775648,34.81895505,15.06094333,3.65767E+12,4.632288456,8281.561566,4.165066524
2010,YR2010,European Union,EUU,3215802.7,7.282944399,42.25065537,25.8423269,41.05393753,12.83956602,2.278337299,17.27537138,30.34959112,25.35415643,1.4556E+13,2.224594889,32965.58296,2.081515084
2010,YR2010,Faroe Islands,FRO,..,..,..,..,..,..,..,..,..,..,2331796784,-0.576939114,48167.66751,-0.537917463
2010,YR2010,Fiji,FJI,1126.3,1.244298026,..,0.31612069,97.99741379,..,..,..,0,..,3140166713,2.954672422,3469.149643,2.524049644
2010,YR2010,Finland,FIN,62526.4,11.65808248,56.7825384,14.05693107,40.68710379,14.55133387,3.848019402,4.607922393,43.32607708,20.21018593,2.49424E+11,3.185958654,46505.30318,2.714966735
2010,YR2010,Fragile and conflict affected situations,FCS,883972.8572,1.135165144,42.3423583,23.56734457,66.81051955,16.60616578,2.172719707,7.318541604,1.71803547,31.55313159,1.80288E+12,6.918043558,2315.19272,4.320015419
2010,YR2010,France,FRA,347940.1,5.350407866,20.31580805,28.00152986,57.92329712,13.45565749,5.18701482,24.79122559,12.99690866,36.24735356,2.64519E+12,1.949437623,40676.06479,1.448245262
2010,YR2010,French Polynesia,PYF,..,..,..,..,..,..,..,..,..,..,6086644799,-2.46606419,21447.85826,-2.983311478
2010,YR2010,Gabon,GAB,5762.09,3.367467221,30.07518797,12.99209644,40.97507338,34.58646617,1.127819549,10.52631579,0,23.68421053,14372593020,7.089887315,8399.597348,3.487294146
2010,YR2010,"Gambia, The",GMB,434.2,0.224129254,..,0.833409091,96.67545455,..,..,..,0,..,1543294927,5.90833581,796.6318292,2.674353276
2010,YR2010,Georgia,GEO,5322.1,1.405473639,20.04008016,43.70071429,51.97214286,11.62324649,4.208416834,19.03807615,15.02642857,45.29058116,12243217071,6.232310183,3233.219752,7.010081978
2010,YR2010,Germany,DEU,773069.1,9.453388627,47.68142106,22.49199607,34.02455261,12.79270494,0.069840684,19.9428097,39.65039823,19.51322361,3.39967E+12,4.179882499,41572.45595,4.339606777
2010,YR2010,Ghana,GHA,10382.6,0.405971225,29.66507177,7.268224215,72.61646637,12.05741627,2.392344498,6.602870813,0,49.18660287,32197655567,7.899711941,1258.964197,5.267238029
2010,YR2010,Gibraltar,GIB,..,..,27.65957447,..,..,0,0,0,..,72.34042553,..,..,..,..
2010,YR2010,Greece,GRC,87578.5,7.874814737,54.30352433,8.457798584,46.60163279,7.995684488,2.013905538,9.33828818,35.40970427,26.34859746,2.97125E+11,-5.477808049,26716.64883,-5.599550191
2010,YR2010,Greenland,GRL,..,..,..,..,..,..,..,..,..,..,2503167187,1.735825059,43988.52803,0.695314556
2010,YR2010,Grenada,GRD,273.6,2.399179228,..,0,89.77827586,..,..,..,0,..,771014814.8,-0.511146187,6760.974884,-1.200350709
2010,YR2010,Guam,GUM,..,..,..,..,..,..,..,..,..,..,4949000000,2.263251936,30011.21858,2.061708278
2010,YR2010,Guatemala,GTM,11477.6,0.804898453,25.29069767,0,76.15830568,13.85658915,1.68E-16,5.813953488,11.24119651,54.94186047,40676578423,2.884175428,2852.557593,1.01189486
2010,YR2010,Guinea,GIN,2502.8,0.243682824,..,0,99.44904,..,..,..,0,..,6853467832,4.813360169,667.2816019,2.268168037
2010,YR2010,Guinea-Bissau,GNB,241,0.153775475,..,0,99.31458333,..,..,..,0,..,849878489.1,4.6109709,542.2841012,1.939393521
2010,YR2010,Guyana,GUY,1759.3,2.352219186,..,0,97.71721591,..,..,..,0,..,3432912517,4.138441601,4589.872498,4.601537788
2010,YR2010,Haiti,HTI,2458.2,0.249743977,13.39712919,0,80.34605691,25.35885167,0,10.04784689,0,51.67464115,11859312627,-5.651511534,1204.862055,-6.727402233
2010,YR2010,Heavily indebted poor countries (HIPC),HPC,143523.907,0.227471563,22.60042932,8.52663865,74.83055415,14.83185117,4.231830727,8.463661454,2.943660619,49.85178371,5.25994E+11,5.936961506,833.650589,3.012602345
2010,YR2010,High income,HIC,12887172.88,10.91708531,47.8538031,25.90771734,41.97855821,12.52730055,1.316159523,11.58914564,31.4214043,26.71297139,4.57643E+13,3.013817457,38768.18771,2.368733062
2010,YR2010,Honduras,HND,7926.8,0.937979274,30.79019074,0,82.18367844,17.98365123,6.948228883,3.678474114,6.78908648,40.73569482,15839344592,3.731140344,1874.271704,1.599903281
2010,YR2010,"Hong Kong SAR, China",HKG,..,..,67.08740176,..,..,13.36032389,-2.64E-16,3.95332222,..,15.62276733,2.28639E+11,6.767690547,32550.13649,5.986411641
2010,YR2010,Hungary,HUN,47880.5,4.788038988,37.25036788,46.9556746,33.07039683,9.165440404,2.396468362,26.69749842,22.65452381,24.49022493,1.32175E+11,1.076254043,13217.5046,1.304958757
2010,YR2010,IBRD only,IBD,17493003.36,3.952520117,50.12997572,15.80580646,24.2638869,25.56265237,2.507044721,7.344337574,55.45025363,14.4555578,2.00981E+13,7.808003677,4541.138234,6.742605795
2010,YR2010,Iceland,ISL,1959.124,6.159973085,0,0,79.13984694,25.12820513,30.76923077,0.512820513,17.39954082,43.07692308,13751161918,-2.832774915,43237.07295,-2.692847708
2010,YR2010,IDA & IBRD total,IBT,18195832.9,3.116407723,49.67246056,16.60745336,25.2637874,25.2887299,2.559998186,7.557450657,53.59444366,14.92076409,2.18812E+13,7.670289365,3747.609751,6.255246546
2010,YR2010,IDA blend,IDB,400194.95,0.84571246,35.04221373,45.955358,39.27630976,18.5387307,3.367468139,17.03958139,7.254262498,26.00879587,7.35134E+11,5.954037977,1553.523173,3.313193008
2010,YR2010,IDA only,IDX,302634.5872,0.322043859,37.71485927,24.60724472,66.69769848,15.51168918,5.098072017,9.65246121,5.002070462,32.01455397,1.0494E+12,6.320459822,1116.706559,3.921562245
2010,YR2010,IDA total,IDA,702829.5372,0.497425075,36.20282591,37.03151335,50.73887835,17.22421997,4.118993135,13.83168065,6.312811065,28.61683193,1.78374E+12,6.147613023,1262.434938,3.668663093
2010,YR2010,India,IND,1659983,1.338033835,51.50289162,6.023990668,24.87568819,25.97380603,4.320499793,6.208523077,65.66539581,11.99427948,1.67562E+12,8.497584702,1350.63447,7.013174581
2010,YR2010,Indonesia,IDN,415536.6,1.702905979,40.32913072,17.69823979,46.96986017,24.59190445,2.739216987,5.446582614,31.04206001,26.89051095,7.55094E+11,6.22385418,3094.443079,4.902728579
2010,YR2010,"Iran, Islamic Rep.",IRN,541171.1,7.179825153,32.86588424,50.36375447,41.33687306,16.89838499,2.654228107,24.16290501,0.989821743,23.41659143,4.86808E+11,5.797938296,6458.573956,4.32247152
2010,YR2010,Iraq,IRQ,108550.3,3.471956948,55.49222297,12.33414955,66.08712967,7.380929379,0,10.11496474,0,27.01188291,1.38517E+11,6.402564845,4430.426242,3.081542552
2010,YR2010,Ireland,IRL,40347.7,8.847879074,34.29951691,26.44427763,49.35964312,9.051614544,1.779811848,25.52758708,19.86479695,29.34146962,2.21914E+11,1.682972022,48663.60044,1.130424127
2010,YR2010,Isle of Man,IMN,..,..,..,..,..,..,..,..,..,..,5920366628,3.399998424,70625.16854,2.273832959
2010,YR2010,Israel,ISR,70520.3,9.250262343,64.37235131,14.30707276,39.90482343,4.413269034,3.317258512,3.87257051,39.84241526,24.02455064,2.38364E+11,5.668515118,31266.60532,3.755737023
2010,YR2010,Italy,ITA,405272.3,6.836875163,39.06453341,38.46156118,44.06697609,11.68440124,1.969940545,19.42636964,13.26026723,27.85220342,2.1361E+12,1.713295839,36035.645,1.400915343
2010,YR2010,Jamaica,JAM,7479.8,2.73594899,41.12554113,0,89.41989305,25.82972583,2.308802309,4.04040404,1.519745989,26.83982684,13220549908,-1.457147209,4835.791087,-1.871482683
2010,YR2010,Japan,JPN,1157241.8,9.036009995,49.70948535,17.0138929,44.23313992,19.83324639,0.234750229,10.95770898,37.96002223,19.26480905,5.75907E+12,4.097917919,44968.15623,4.079223048
2010,YR2010,Jordan,JOR,20196.8,2.9138722,48.41101695,25.94130198,69.21916337,12.18220339,2.118644068,9.639830508,0,27.64830508,27133804225,2.314834221,3914.701231,0.089336918
2010,YR2010,Kazakhstan,KAZ,229702.2,14.07327542,55.92292731,29.79591269,21.19305229,25.98941607,4.654213216,7.481116287,58.69299459,5.947804062,1.48047E+11,7.300000003,9070.488253,5.794225114
2010,YR2010,Kenya,KEN,13424.4,0.323340092,20.33898305,0,76.70528481,24.71008029,1.427297056,8.920606601,4.960893987,44.60303301,45405615064,8.058473603,1093.639624,5.0563909
2010,YR2010,Kiribati,KIR,54.3,0.502801056,..,0,117.344,..,..,..,0,..,155305602.2,-1.120260261,1438.081413,-2.950535735
2010,YR2010,"Korea, Dem. People's Rep.",PRK,51689.8,2.093854378,15.8504958,0,4.979788842,62.82227307,19.13043478,0.183066362,87.4979446,2.013729977,..,..,..,..
2010,YR2010,"Korea, Rep.",KOR,575215.7,11.60782984,58.61111111,15.40911382,30.45999495,14.23928831,1.775599129,9.653231663,48.69857225,15.71895425,1.14367E+12,6.804824918,23079.26013,6.274019889
2010,YR2010,Kosovo,XKX,..,..,78.18599311,..,..,6.659012629,0.344431688,3.673938002,..,11.02181401,5343950556,4.939950549,3009.523425,4.100397849
2010,YR2010,Kuwait,KWT,80725.6,27.42637996,69.48161621,35.98111949,76.74691246,13.60270235,0,0.636611667,0,16.27906977,1.15417E+11,-2.37026412,39212.57941,-7.272919708
2010,YR2010,Kyrgyz Republic,KGZ,6394.4,1.173736669,27.81456954,8.89319685,43.42651969,10.7615894,25.66225166,2.98013245,42.27155906,32.78145695,4794361863,-0.471566601,880.0385218,-1.651752874
2010,YR2010,Lao PDR,LAO,2877.1,0.454991272,..,0,66.20972222,..,..,..,22.15479167,..,7131773633,8.526905517,1127.835236,6.922399324
2010,YR2010,Late-demographic dividend,LTE,12652493.22,5.796535472,51.3276151,14.34870474,19.53653641,28.20187883,2.191999904,6.261631164,61.36979605,12.0167034,1.3564E+13,8.013851656,6214.135223,7.374961591
2010,YR2010,Latin America & Caribbean,LCN,1570608.87,2.667139724,34.09480108,26.33431263,63.17213469,20.80823575,3.367428575,6.580139246,9.604122063,35.15005653,5.39677E+12,6.377219153,9164.566397,5.268819588
2010,YR2010,Latin America & Caribbean (excluding high income),LAC,1293925.57,2.446084381,33.10395255,23.66750029,62.95889309,19.27286022,4.021611082,6.993541049,10.31013449,36.60884754,4.55784E+12,6.659093614,8616.309422,5.54918119
2010,YR2010,Latin America & the Caribbean (IDA & IBRD countries),TLA,1539037.97,2.687456005,33.71018795,26.7511028,62.35518316,20.5324766,3.223598148,6.690525089,9.797276293,35.84253442,5.20743E+12,6.677000823,9093.173824,5.534167821
2010,YR2010,Latvia,LVA,8518.1,4.06096622,29.41903585,39.29543427,46.95653756,14.09147095,4.57354759,12.60815822,4.820469484,39.30778739,23956163077,-4.45556726,11420.994,-2.446157683
2010,YR2010,Least developed countries: UN classification,LDC,210097.6872,0.249074713,29.38023013,23.52364851,63.72182171,17.53399582,4.001046025,12.31694561,5.211956733,36.76778243,7.05877E+11,6.127314774,836.8307022,3.634539237
2010,YR2010,Lebanon,LBN,20864.3,4.176368149,61.81318681,2.318218391,78.5033046,4.010989011,0,6.428571429,2.704588123,27.8021978,38443907042,7.975135558,7695.245415,7.009782776
2010,YR2010,Lesotho,LSO,2158.8,1.067261501,..,0,24.27689815,..,..,..,81.14935185,..,2234754242,5.269670781,1104.811547,4.563031942
2010,YR2010,Liberia,LBR,729.76,0.181534325,..,0,100.4657534,..,..,..,0,..,1998000000,6.09982524,497.0203654,3.067501274
2010,YR2010,Libya,LBY,59559.6,9.174323797,50.50988554,23.0797379,67.37463743,7.346514048,0,4.41207076,0,37.73152966,75380800665,5.027247672,11611.3586,2.895038531
2010,YR2010,Liechtenstein,LIE,190.830439,5.311764154,..,30.88,0,..,..,..,0,..,5082337238,..,141466.8273,..
2010,YR2010,Lithuania,LTU,12603,4.06905151,44.46267432,45.28453968,51.94916667,9.35192781,1.886792453,9.269893355,6.373595238,35.02871206,37128694028,1.651240653,11987.50841,3.80531559
2010,YR2010,Low & middle income,LMY,17591125.6,3.053584715,49.63931679,16.2377338,24.75595802,25.7668651,2.665156327,7.360743156,54.20610956,14.56760964,2.05481E+13,7.896903188,3566.881094,6.463296306
2010,YR2010,Low income,LIC,196253.7072,0.384135323,28.76696638,10.43559613,58.46591556,33.25124563,9.27781914,6.362751274,24.43815069,22.31830938,5.94158E+11,6.689216692,1162.969035,3.705457616
2010,YR2010,Lower middle income,LMC,3744660.33,1.396223831,43.96388748,23.88886557,34.6079661,22.30296446,3.555617665,10.62229242,36.36314267,19.55497431,4.56664E+12,6.597676317,1702.703066,4.870562162
2010,YR2010,Luxembourg,LUX,11029.1,21.75566571,12.01877934,24.76716998,66.94098553,10.14084507,0.657276995,15.68075117,2.586130199,61.4084507,56213985987,3.760413593,110885.9914,1.88354731
2010,YR2010,"Macao SAR, China",MAC,..,..,..,..,..,..,..,..,..,..,28241798492,25.12259456,50676.38708,21.9173913
2010,YR2010,Madagascar,MDG,1869.8,0.08604277,..,0,94.71449198,..,..,..,5.686791444,..,9982711338,0.619239745,459.375408,-2.223525815
2010,YR2010,Malawi,MWI,984.46,0.066886246,..,0,75.45557692,..,..,..,16.21942308,..,10128323011,6.874065854,688.1391912,3.828046255
2010,YR2010,Malaysia,MYS,199867,6.959707228,56.09756098,30.56477927,37.36247752,16.03540009,1.712058157,2.928936417,27.81512782,23.22604436,2.55018E+11,7.424847383,8880.145805,5.552518522
2010,YR2010,Maldives,MDV,963,2.663347853,..,0,97.4046875,..,..,..,0,..,2588176058,6.835471394,7158.061421,3.130837112
2010,YR2010,Mali,MLI,2154,0.138706607,..,0,71.09758993,..,..,..,0,..,10689168016,5.313935279,688.3278659,1.946519231
2010,YR2010,Malta,MLT,2586.6,6.240169068,72.37354086,0,99.2079845,0.778210117,0.389105058,5.447470817,0,21.01167315,9035824366,5.543640011,21798.91429,5.026498887
2010,YR2010,Marshall Islands,MHL,140.8,2.635914333,..,0,96.91357143,..,..,..,0,..,160318500,5.446764506,3001.319829,5.79617437
2010,YR2010,Mauritania,MRT,2073.7,0.606440606,..,0,94.77512077,..,..,..,0,..,5628878798,2.620229521,1646.130428,-0.286151376
2010,YR2010,Mauritius,MUS,3661.8,2.928502879,60.38251366,0,64.02221311,9.56284153,0.273224044,4.644808743,42.98204918,25.13661202,10003670690,4.377203223,8000.376432,4.129198848
2010,YR2010,Mexico,MEX,462869.5,4.113210914,44.05069072,26.49023159,55.42101143,14.19340107,1.956844389,5.420710127,10.89605877,34.37835369,1.10542E+12,4.971334562,9823.164076,3.588002708
2010,YR2010,"Micronesia, Fed. Sts.",FSM,105.2,0.977804216,..,0,93.34181818,..,..,..,0,..,296944100,2.259389956,2760.01134,2.525522138
2010,YR2010,Middle East & North Africa,MEA,2128654.5,5.34841097,45.0262478,41.49183242,53.08759807,19.2552188,1.712258541,9.739880244,2.596637327,24.26434401,2.99482E+12,4.999131725,7524.725208,2.713094537
2010,YR2010,Middle East & North Africa (excluding high income),MNA,1231947.5,3.58840567,40.08149473,38.68039749,49.97715171,14.71151587,2.691494552,16.35405938,2.003726081,26.15782151,1.58778E+12,5.240260386,4624.872345,3.205338864
2010,YR2010,Middle East & North Africa (IDA & IBRD countries),TMN,1231947.5,3.62842097,40.08149473,38.68039749,49.97715171,14.71151587,2.691494552,16.35405938,2.003726081,26.15782151,1.5781E+12,5.235869008,4647.930916,3.208425576
2010,YR2010,Middle income,MIC,17394871.89,3.313363166,49.86699719,16.30420874,24.36974391,25.68522376,2.593023881,7.371629481,54.54716029,14.48306323,1.99707E+13,7.921805972,3803.998412,6.642044261
2010,YR2010,Moldova,MDA,8295.1,2.897999339,47.51592357,23.90177108,26.19916867,11.97452229,2.802547771,15.66878981,3.932084337,22.03821656,6974982370,7.100000107,2436.799351,7.206974611
2010,YR2010,Monaco,MCO,..,..,..,..,..,..,..,..,..,..,5367561570,2.065220038,161780.7454,-0.325058941
2010,YR2010,Mongolia,MNG,14311.1,5.295464973,63.03886926,0,17.27154437,11.44876325,4.45229682,10.81272085,78.18320755,10.24734982,7189481999,6.365161679,2660.288175,4.955877994
2010,YR2010,Montenegro,MNE,2584.2,4.171913443,68.65079365,0,30.98472868,3.571428571,0,0.396825397,62.96437984,27.38095238,4142983843,2.734331082,6688.402596,2.54625316
2010,YR2010,Morocco,MAR,51749.5,1.594015561,38.67247008,2.432821469,64.17591688,15.62568009,4.43960827,11.62132753,24.66306933,29.61915125,1.00865E+11,3.499557094,3067.851807,2.12270681
2010,YR2010,Mozambique,MOZ,2680.6,0.116175443,0.840336134,5.662279412,77.78893382,19.74789916,0.840336134,7.142857143,0.943713235,71.00840336,11411894724,6.679729357,494.584022,3.734313551
2010,YR2010,Myanmar,MMR,8131.3,0.164631248,34.43037975,50.04480676,90.56781401,29.36708861,6.835443038,0.253164557,14.88057971,29.11392405,49540813342,9.634439452,1003.033455,8.801704962
2010,YR2010,Namibia,NAM,3103.5,1.478370349,0.977198697,0,90.09338658,8.469055375,32.8990228,0.325732899,8.903897764,57.65472313,11431412421,6.03924948,5445.420063,4.455584222
2010,YR2010,Nauru,NRU,42.7,4.169514696,..,0,110.01,..,..,..,0,..,47562844.61,-1.612903226,4644.355494,-1.68976064
2010,YR2010,Nepal,NPL,4640.9,0.170862749,0,0,70.57394397,29.85436893,8.495145631,14.5631068,23.7880819,47.08737864,16002656434,4.816414647,589.1654349,4.296893272
2010,YR2010,Netherlands,NLD,171110.5,10.29831131,41.72746529,53.61455656,39.22593071,13.63850318,5.165921393,19.42810073,14.78711965,20.02824194,8.47381E+11,1.342739336,50999.74512,0.824259853
2010,YR2010,New Caledonia,NCL,..,..,..,..,..,..,..,..,..,..,9364350077,..,37494.8952,..
2010,YR2010,New Zealand,NZL,31049.3,7.136621693,27.97364086,27.43476711,54.94021201,17.8583196,4.678747941,4.645799012,16.67996145,44.81054366,1.46518E+11,1.466751165,33676.77412,0.344965997
2010,YR2010,Nicaragua,NIC,4513.2,0.770731731,41.82242991,0,93.91097561,11.68224299,0.46728972,8.644859813,0,37.38317757,8758619001,4.410481398,1495.733754,2.89319767
2010,YR2010,Niger,NER,1361.057,0.08175723,24.26470588,0,60.49211679,15.44117647,0,1.470588235,24.08978102,58.82352941,7851192502,8.578166743,471.612688,4.602067048
2010,YR2010,Nigeria,NGA,90055.2,0.559512915,34.10435718,22.27764135,65.4749256,4.249596557,9.072978304,3.173749328,0.113166538,49.39931863,3.6699E+11,8.005655916,2280.111289,5.081874855
2010,YR2010,North America,NAC,5929200.9,17.26630753,47.99792266,24.55361551,40.7783885,8.983125883,1.112057076,10.5339781,33.71056389,31.37291628,1.66729E+13,2.736402507,48552.94241,1.859487095
2010,YR2010,North Macedonia,MKD,8329.6,4.053325444,63.78896882,2.520274914,31.46143184,14.98800959,0.599520384,4.556354916,59.89853379,16.06714628,9407170321,3.358750858,4577.689543,3.140817721
2010,YR2010,Northern Mariana Islands,MNP,..,..,..,..,..,..,..,..,..,..,799000000,1.395939086,14772.49616,6.961870699
2010,YR2010,Norway,NOR,40116.4,8.205017864,36.77488026,34.36607979,72.41142379,15.91271953,5.827567855,3.698775945,6.946801242,37.75944651,4.31052E+11,0.787051845,88163.20859,-0.460631256
2010,YR2010,Not classified,INX,..,..,..,..,..,..,..,..,..,..,..,..,..,..
2010,YR2010,OECD members,OED,12694352.82,9.833354948,46.84051534,24.13888702,40.82624423,11.6812418,1.533631846,12.41377199,33.11149837,27.53035556,4.52972E+13,2.973961989,35088.33021,2.299717477
2010,YR2010,Oman,OMN,47076.3,16.33508148,45.34938621,73.45836669,18.39418334,31.63361662,3.139754485,0.590179415,0,19.26345609,64993498049,1.713985311,22552.19901,-4.793398139
2010,YR2010,Other small states,OSS,156681.794,5.897832921,65.82784398,56.52851838,31.27036667,11.35371179,1.487676708,1.635704241,13.6243393,19.71726741,3.22487E+11,8.683475693,12139.09278,6.424056755
2010,YR2010,Pacific island small states,PSS,2473.7,1.074867005,..,0.146679999,92.26171984,..,..,..,0,..,6634285955,3.716568682,2882.716204,2.578544151
2010,YR2010,Pakistan,PAK,140378.6,0.72190976,31.76004872,53.24216968,44.22983004,29.0271011,0.213154689,12.26400731,12.40239795,26.74330085,1.9671E+11,1.501717522,1011.59718,-0.759129914
2010,YR2010,Palau,PLW,214.8,11.58576052,..,0,99.53285714,..,..,..,0,..,185943000,0.216093492,10029.28803,1.762037545
2010,YR2010,Panama,PAN,9190.6,2.536305575,30.88235294,0,92.41318825,20.81447964,0.452488688,8.031674208,0,39.81900452,29440287600,5.827993448,8124.558307,3.950866685
2010,YR2010,Papua New Guinea,PNG,5042,0.664884761,..,5.770776892,87.14603586,..,..,..,0,..,14250786675,10.12845407,1879.240559,6.869897321
2010,YR2010,Paraguay,PRY,5043.3,0.874265616,0,0,94.73083333,3.433476395,0,4.077253219,0,92.48927039,27260886405,11.09523127,4725.726341,9.823414633
2010,YR2010,Peru,PER,44998.5,1.539485423,34.99634948,27.62521615,50.93726136,18.42297396,1.022146508,5.597468971,7.250311609,39.98539791,1.47528E+11,8.332459107,5047.204643,7.516169673
2010,YR2010,Philippines,PHL,81917.8,0.865602879,45.16923875,8.464332895,49.81626301,16.2365452,0.868888601,6.938140319,33.80906426,30.78718714,2.08369E+11,7.334499965,2201.776828,5.418030308
2010,YR2010,Poland,POL,313739.1,8.247004676,54.92879901,9.348079939,20.92389686,9.431692568,3.384485337,16.94193381,68.05935169,15.30983809,4.75697E+11,2.934638181,12504.25019,3.229049129
2010,YR2010,Portugal,PRT,50937.3,4.817631537,36.7192429,20.17785826,57.45254613,13.88012618,2.565720294,7.886435331,12.3745053,38.94847529,2.38113E+11,1.737625476,22520.64231,1.690928415
2010,YR2010,Post-demographic dividend,PST,11794117.9,10.97079866,47.27328099,25.17996798,40.6750107,11.75865848,1.383103375,12.36663208,33.08073291,27.21763683,4.26854E+13,2.915253911,39705.65003,2.440330673
2010,YR2010,Pre-demographic dividend,PRE,336938.4772,0.455614111,38.49684931,13.32944335,66.15445935,9.514668447,2.662437925,8.997204023,1.269891221,40.3204941,1.06422E+12,6.462630357,1439.05261,3.381284576
2010,YR2010,Puerto Rico,PRI,..,..,..,..,..,..,..,..,..,..,98381300000,-0.413254118,26435.74879,0.092102072
2010,YR2010,Qatar,QAT,60912.1,35.54826834,63.52014011,85.81851775,24.43292597,17.61821366,0,0.472854641,0,18.38879159,1.25122E+11,19.59233153,73021.30975,12.3874949
2010,YR2010,Romania,ROU,77601.9,3.832784829,51.8459069,31.88160774,30.70343613,17.08132691,1.565008026,11.00856073,35.43504903,18.48582129,1.70029E+11,-3.90123628,8397.809173,-3.328750364
2010,YR2010,Russian Federation,RUS,1617827.5,11.32540095,62.52387306,55.48654912,21.70028481,11.65986448,0.891478952,8.95991942,24.92358328,15.96421003,1.52492E+12,4.499999999,10674.99023,4.453096398
2010,YR2010,Rwanda,RWA,703.68,0.068258598,..,0,94.57,..,..,..,0,..,6125216482,7.33464809,594.1602545,4.572483718
2010,YR2010,Samoa,WSM,192.4,0.988329087,..,0,98.43,..,..,..,0,..,680260907.2,6.124719923,3494.395225,5.309181062
2010,YR2010,San Marino,SMR,..,..,..,..,..,..,..,..,..,..,1881191950,-5.473684211,59516.3234,-7.115513727
2010,YR2010,Sao Tome and Principe,STP,102.8,0.564407208,..,0,99.009,..,..,..,0,..,190021192.5,1.448434005,1043.281427,-0.785082452
2010,YR2010,Saudi Arabia,SAU,446131.5,15.16838627,47.13910761,31.23416069,81.94834574,26.66189454,0,1.052254832,0,25.14435696,5.28207E+11,5.039492888,17958.94783,1.724833907
2010,YR2010,Senegal,SEN,7026.2,0.560744785,38.64468864,0.678108108,71.04486486,16.66666667,0.732600733,6.227106227,9.597837838,37.72893773,16121315909,3.390889253,1286.604966,0.625915167
2010,YR2010,Serbia,SRB,47103.9,6.460167791,68.72275501,9.100698671,20.5590913,10.46207498,0.47951177,6.255448997,66.10973853,14.08020924,41819468692,0.731044553,5735.422857,1.136804338
2010,YR2010,Seychelles,SYC,443.7,4.942631169,..,0,100.8425,..,..,..,0,..,981917973.7,4.505132043,10938.15276,1.627370136
2010,YR2010,Sierra Leone,SLE,560.2,0.087032202,..,0,97.57949153,..,..,..,0,..,2578159804,6.637492458,400.5407437,3.707499414
2010,YR2010,Singapore,SGP,42413.6,8.354508373,60.11743451,38.96133459,98.49280123,22.53839205,0,1.445347787,0.060525819,15.8762421,2.39808E+11,14.51974971,47236.68308,12.50852155
2010,YR2010,Sint Maarten (Dutch part),SXM,..,..,..,..,..,..,..,..,..,..,..,3.199994022,..,3.751509141
2010,YR2010,Slovak Republic,SVK,35432.2,6.571950882,39.90162037,32.34614669,22.90194076,19.58912037,0.83912037,18.98148148,42.86614386,20.68865741,91162836320,6.71663275,16908.84796,6.617228486
2010,YR2010,Slovenia,SVN,15777.2,7.701518562,40.25889968,12.5016635,46.5043327,12.16828479,1.812297735,12.03883495,35.46390259,33.72168285,48208240226,1.343748472,23532.48085,0.90277138
2010,YR2010,Small states,SST,197456.964,5.504514337,64.32442197,64.87828937,37.06130039,12.90342004,1.52938343,1.788294798,10.88225423,19.47856455,3.94062E+11,7.119912306,10985.2852,5.275285892
2010,YR2010,Solomon Islands,SLB,342.8,0.634351973,..,0,55.005,..,..,..,0,..,898133684.9,9.708388169,1661.997885,7.158309775
2010,YR2010,Somalia,SOM,631.2,0.052483447,..,0,97.20460317,..,..,..,0,..,..,..,..,..
2010,YR2010,South Africa,ZAF,425548.4,8.217612227,70.38402911,2.087492649,11.35440733,12.92471849,1.460392388,3.412499385,95.79952318,11.8208192,4.17364E+11,3.039732881,8059.562798,1.817735697
2010,YR2010,South Asia,SAS,1878594.23,1.131311067,49.69168355,11.4266823,27.0293586,25.87291224,4.066986981,6.833185453,59.3296689,13.53578982,2.08224E+12,7.365786643,1253.946408,5.805323614
2010,YR2010,South Asia (IDA & IBRD),TSA,1878594.23,1.131311067,49.69168355,11.4266823,27.0293586,25.87291224,4.066986981,6.833185453,59.3296689,13.53578982,2.08224E+12,7.365786643,1253.946408,5.805323614
2010,YR2010,South Sudan,SSD,1313.250224,0.135185668,..,..,..,..,..,..,..,..,14602072411,5.493416395,1503.133889,0.224489691
2010,YR2010,Spain,ESP,274140.6,5.885763493,33.65142377,26.09239927,56.90996121,15.28360944,3.114741583,10.40919154,11.35729954,37.54103367,1.42211E+12,0.162919518,30532.48051,-0.297178904
2010,YR2010,Sri Lanka,LKA,13071.8,0.632448603,27.5,0,93.11991584,8.225806452,4.838709677,3.629032258,1.739510329,55.80645161,58636161082,8.01596737,2836.974109,7.043494488
2010,YR2010,St. Kitts and Nevis,KNA,229.2,4.835137017,..,0,91.675,..,..,..,0,..,778718518.5,0.043977654,16427.62101,-0.202950713
2010,YR2010,St. Lucia,LCA,507.7,2.970134847,..,0,100.8425,..,..,..,0,..,1482385185,0.330018546,8672.215668,-0.401906063
2010,YR2010,St. Martin (French part),MAF,..,..,..,..,..,..,..,..,..,..,..,..,..,..
2010,YR2010,St. Vincent and the Grenadines,VCT,233.6,2.137080543,..,0,88.008,..,..,..,0,..,720447888.9,-4.470467935,6590.989579,-4.005527482
2010,YR2010,Sub-Saharan Africa,SSF,692188.0972,0.786758499,57.25273591,6.043194759,32.13823753,12.73659577,2.66880033,4.76632941,60.53998552,22.57381788,1.46522E+12,5.932878759,1665.400988,3.053764332
2010,YR2010,Sub-Saharan Africa (excluding high income),SSA,691744.3972,0.786334412,57.25273591,6.047029605,32.09463969,12.73659577,2.66880033,4.76632941,60.57840254,22.57381788,1.46423E+12,5.934042369,1664.455056,3.05490019
2010,YR2010,Sub-Saharan Africa (IDA & IBRD countries),TSS,692188.0972,0.786758499,57.25273591,6.043194759,32.13823753,12.73659577,2.66880033,4.76632941,60.53998552,22.57381788,1.46522E+12,5.932878759,1665.400988,3.053764332
2010,YR2010,Sudan,SDN,16427.4,0.486883006,11.02204409,0,94.3900126,20.24048096,4.676018704,5.076820307,0,58.98463594,74151154444,3.858241952,1706.414917,0.806213762
2010,YR2010,Suriname,SUR,1744.87,3.19526443,32.35294118,0.421494253,136.1426437,4.117647059,21.76470588,3.529411765,0,38.23529412,4368370998,5.168825152,7999.507394,3.995382339
2010,YR2010,Sweden,SWE,47985.5,5.116747205,28.01911381,6.978956991,79.47325369,17.68027802,1.694178975,5.51694179,19.77879077,47.11120765,4.95813E+11,5.952107008,52869.04429,5.052678573
2010,YR2010,Switzerland,CHE,45207.8,5.77742182,8.6774942,15.24875028,65.1154081,12.87703016,1.415313225,37.19257541,1.216655607,39.83758701,5.98851E+11,3.243397336,76531.37294,2.173638164
2010,YR2010,Syrian Arab Republic,SYR,61090.7,2.734886523,52.27882038,29.9379531,66.79222446,13.11885612,2.788203753,9.830205541,0.018427136,21.94816801,2.52518E+11,5.191905841,11304.64493,2.788601917
2010,YR2010,Tajikistan,TJK,2446.9,0.321040534,1.739130435,15.15289256,69.70330579,0,86.95652174,0,13.94066116,11.73913043,5642221529,6.499999086,740.2761912,4.359555318
2010,YR2010,Tanzania,TZA,6909.9,0.153177107,23.98042414,21.33334298,64.84911722,7.177814029,0.815660685,11.58238173,0,56.28058728,32012892919,6.336523427,730.7823486,3.625050343
2010,YR2010,Thailand,THA,240768.3,3.526681931,43.89239515,34.41237857,45.54945864,22.35352043,4.775972427,3.392865136,23.85760912,25.58972293,3.41105E+11,7.513390533,4996.372098,6.793959919
2010,YR2010,Timor-Leste,TLS,244.1,0.224256444,..,0,97.78666667,..,..,..,0,..,881909300,9.331511766,810.2164842,7.026731669
2010,YR2010,Togo,TGO,2630.1,0.400206639,3.365384615,0,77.80174905,11.05769231,0,8.653846154,0,76.92307692,4746386893,5.854352693,722.2294,3.064081853
2010,YR2010,Tonga,TON,117.7,1.09607666,..,0,97.78666667,..,..,..,0,..,366832215.2,0.803490183,3416.110699,0.579134054
2010,YR2010,Trinidad and Tobago,TTO,21443,15.20460953,64.86123545,185.8627542,24.30076481,18.93464637,-1.24E-16,1.88003581,0,14.32408236,22157948396,3.32322471,15711.55871,2.656160519
2010,YR2010,Tunisia,TUN,28321.5,2.59948015,36.23872907,42.44311953,41.93529883,19.83683985,4.551309575,9.918419923,0.200455539,29.45470159,46206091938,2.971132751,4241.01191,1.926220439
2010,YR2010,Turkiye,TUR,297814,4.071715146,42.59929158,24.20106455,23.70368942,18.26814379,5.365890421,17.42783932,41.29324381,16.34260306,7.76967E+11,8.427104323,10622.70204,6.792082326
2010,YR2010,Turkmenistan,TKM,59175.1,11.23299867,37.9086116,69.24211471,29.63774756,2.671353251,17.94376098,26.95957821,0,14.51669596,22583157895,9.199999988,4286.880505,7.396303384
2010,YR2010,Turks and Caicos Islands,TCA,..,..,..,..,..,..,..,..,..,..,686787800,..,23103.94268,..
2010,YR2010,Tuvalu,TUV,9.6,0.909952607,..,0,73.34,..,..,..,0,..,32105408.48,-2.222222222,3043.16668,-3.538283307
2010,YR2010,Uganda,UGA,3332,0.103024798,..,0,84.38862338,..,..,..,0,..,26673441431,5.637611637,824.7376711,2.602544561
2010,YR2010,Ukraine,UKR,268924.6,5.862660906,48.77004544,46.96089809,14.17073814,23.02174485,1.611146581,13.86562512,50.17527277,12.73143801,1.41209E+11,4.092004367,3078.414795,4.506344824
2010,YR2010,United Arab Emirates,ARE,162788.9,19.19279594,40.05271829,71.83554355,17.40034517,41.73970346,0,0.362438221,1.522473898,17.85172982,3.00189E+11,1.602850048,35392.26097,-4.256385863
2010,YR2010,United Kingdom,GBR,482646.2,7.689567494,43.80570877,40.32033147,36.38914672,9.079088106,0.794865879,21.76338584,24.13511488,24.55695141,2.48548E+12,2.238688634,39598.95712,1.440384158
2010,YR2010,United States,USA,5392109.4,17.43173699,48.79718723,23.64371053,40.16940733,8.719948383,0.959968581,10.19029184,35.44897448,31.33260396,1.5049E+13,2.708856694,48650.64313,1.860291678
2010,YR2010,Upper middle income,UMC,13650211.56,5.315663058,51.69989332,13.93372685,21.16992607,26.73540414,2.294141678,6.362309337,60.230329,12.90825153,1.5404E+13,8.308633528,5998.634642,7.515670623
2010,YR2010,Uruguay,URY,6283.8,1.874277997,20.13422819,2.39406051,92.66765924,9.060402685,8.55704698,9.899328859,0.05839172,52.18120805,41950361212,7.803409651,12512.59413,7.53025567
2010,YR2010,Uzbekistan,UZB,126240.5,4.419814161,40.59344735,69.57306707,8.416507017,13.27014218,3.709045951,34.19534309,4.206757507,8.23202143,49765676402,7.597167961,1742.349256,4.602330394
2010,YR2010,Vanuatu,VUT,127.1,0.517818075,..,0,93.08538462,..,..,..,0,..,670712979.7,1.258867203,2732.551567,-1.119005997
2010,YR2010,"Venezuela, RB",VEN,164101.6,5.714834556,35.14317373,34.55837281,66.48951342,32.99702572,-0.005831924,3.755759025,0.440724621,28.10987345,3.93192E+11,-1.488791251,13692.91497,-2.816899035
2010,YR2010,Viet Nam,VNM,151413.5,1.732201659,32.90506781,12.08755487,33.0187045,32.96058371,1.30065826,8.620826394,31.78688303,24.21286383,1.47201E+11,6.423244822,1684.011772,5.293292879
2010,YR2010,Virgin Islands (U.S.),VIR,..,..,..,..,..,..,..,..,..,..,4324000000,0.596383224,39905.12842,0.640017046
2010,YR2010,West Bank and Gaza,PSE,..,..,..,..,..,..,..,..,..,..,9681500000,5.777362056,2557.075624,3.065654256
2010,YR2010,World,WLD,32095872.94,4.604869382,48.76675082,20.40113679,32.21991582,19.96906411,2.054441293,9.204829307,44.33938713,20.00447019,6.67071E+13,4.527794484,9570.618407,3.263227902
2010,YR2010,"Yemen, Rep.",YEM,25431.9,1.027802922,36.16450603,8.116619425,83.79530638,13.45552079,3.576218149,14.79660259,1.880120884,31.96244971,30906749533,7.702307049,1249.063085,4.592944583
2010,YR2010,Zambia,ZMB,2656.9,0.19263946,4.268292683,0,66.25602273,43.29268293,7.317073171,4.87804878,14.44575758,40.24390244,20265559484,10.29822332,1469.36145,6.507553257
2010,YR2010,Zimbabwe,ZWE,9518,0.741290479,52.97941495,0,17.97988787,13.10942579,14.95124594,5.850487541,57.52816514,13.00108342,12041655200,21.45206092,937.84034,19.93898151
,,,,,,,,,,,,,,,,,
,,,,,,,,,,,,,,,,,
,,,,,,,,,,,,,,,,,
,,,,,,,,,,,,,,,,,
,,,,,,,,,,,,,,,,,
,,,,,,,,,,,,,,,,,
,,,,,,,,,,,,,,,,,
,,,,,,,,,,,,,,,,,
,,,,,,,,,,,,,,,,,
,,,,,,,,,,,,,,,,,
,,,,,,,,,,,,,,,,,
,,,,,,,,,,,,,,,,,
,,,,,,,,,,,,,,,,,
,,,,,,,,,,,,,,,,,
,,,,,,,,,,,,,,,,,
,,,,,,,,,,,,,,,,,
,,,,,,,,,,,,,,,,,
,,,,,,,,,,,,,,,,,
,,,,,,,,,,,,,,,,,
,,,,,,,,,,,,,,,,,
,,,,,,,,,,,,,,,,,
,,,,,,,,,,,,,,,,,
