Series Name,Series Code,Country Name,Country Code,1990,1991,1992,1993,1994,1995,1996,1997,1998,1999,2000,2001,2002,2003,2004,2005,2006,2007,2008,2009,2010,2011,2012,2013,2014,2015,2016,2017,2018,2019,2020,2021
"Life expectancy at birth, total (years)",SP.DYN.LE00.IN,Afghanistan,AFG,45.967,46.663,47.596,51.466,51.495,52.544,53.243,53.634,52.943,54.846,55.298,55.798,56.454,57.344,57.944,58.361,58.684,59.111,59.852,60.364,60.851,61.419,61.923,62.417,62.545,62.659,63.136,63.016,63.081,63.565,62.575,61.982
"Life expectancy at birth, total (years)",SP.DYN.LE00.IN,Albania,ALB,73.144,73.378,73.715,73.939,74.131,74.362,74.592,73.904,74.99,75.183,75.404,75.639,75.89,76.142,76.376,76.621,76.816,77.549,77.653,77.781,77.936,78.092,78.064,78.123,78.407,78.644,78.86,79.047,79.184,79.282,76.989,76.463
"Life expectancy at birth, total (years)",SP.DYN.LE00.IN,Algeria,DZA,67.416,67.688,67.757,67.719,67.361,67.454,68.749,69.171,69.451,70.032,70.478,70.823,71.23,71.287,71.762,72.061,72.334,72.602,72.941,73.62,73.808,74.123,74.202,74.615,75.11,75.622,75.732,75.743,76.066,76.474,74.453,76.377
"Life expectancy at birth, total (years)",SP.DYN.LE00.IN,American Samoa,ASM,..,..,..,..,..,..,..,..,..,..,..,..,..,..,..,..,..,..,..,..,..,..,..,..,..,..,..,..,..,..,..,..
"Life expectancy at birth, total (years)",SP.DYN.LE00.IN,Andorra,AND,..,..,..,..,..,..,..,..,..,..,..,..,..,..,..,..,..,..,..,..,..,..,..,..,..,..,..,..,..,..,..,..
"Life expectancy at birth, total (years)",SP.DYN.LE00.IN,Angola,AGO,41.893,43.813,42.209,42.101,43.422,45.849,46.033,46.306,45.057,45.386,46.024,46.59,47.386,49.617,50.592,51.57,52.369,53.642,54.633,55.752,56.726,57.596,58.623,59.307,60.04,60.655,61.092,61.68,62.144,62.448,62.261,61.643
"Life expectancy at birth, total (years)",SP.DYN.LE00.IN,Antigua and Barbuda,ATG,73.492,73.435,73.417,73.482,73.591,73.636,73.829,73.96,74.041,74.347,74.606,75.078,75.536,75.478,75.672,75.825,75.765,76.131,76.41,76.669,76.82,77.104,77.35,77.583,77.858,77.913,78.152,78.268,78.511,78.691,78.841,78.497
"Life expectancy at birth, total (years)",SP.DYN.LE00.IN,Argentina,ARG,71.784,72.319,72.43,72.565,73.172,73.133,73.307,73.09,73.474,73.722,73.926,74.186,74.408,74.08,74.855,75.139,75.433,75.006,75.641,75.936,75.721,76.124,76.467,76.491,76.755,76.76,76.308,76.833,76.999,77.284,75.892,75.39
"Life expectancy at birth, total (years)",SP.DYN.LE00.IN,Armenia,ARM,68.821,68.643,68.627,68.841,69.073,69.311,69.783,69.91,70.514,70.257,70.624,70.932,71.018,71.436,71.421,71.792,71.987,72.327,72.398,72.813,73.16,73.305,73.454,73.676,74.058,74.436,74.664,74.906,75.064,75.439,72.173,72.043
"Life expectancy at birth, total (years)",SP.DYN.LE00.IN,Aruba,ABW,73.076,73.1,73.179,73.225,73.272,73.349,73.448,73.452,73.491,73.561,73.569,73.647,73.726,73.752,73.576,73.811,74.026,74.21,74.147,74.56,75.404,75.465,75.531,75.636,75.601,75.683,75.617,75.903,76.072,76.248,75.723,74.626
"Life expectancy at birth, total (years)",SP.DYN.LE00.IN,Australia,AUS,76.99463415,77.27560976,77.37804878,77.87804878,77.87804878,77.82926829,78.07804878,78.4804878,78.63170732,78.93170732,79.23414634,79.63414634,79.93658537,80.23902439,80.4902439,80.84146341,81.04146341,81.29268293,81.39512195,81.54390244,81.69512195,81.89512195,82.04634146,82.14878049,82.3,82.4,82.44878049,82.5,82.74878049,82.9,83.2,83.3
"Life expectancy at birth, total (years)",SP.DYN.LE00.IN,Austria,AUT,75.56829268,75.61707317,75.81707317,76.06829268,76.4195122,76.66829268,76.87073171,77.3195122,77.67073171,77.87560976,78.12682927,78.57560976,78.67804878,78.63170732,79.1804878,79.33170732,79.8804878,80.1804878,80.43170732,80.33170732,80.5804878,80.98292683,80.93658537,81.13658537,81.4902439,81.1902439,81.64146341,81.64390244,81.69268293,81.89512195,81.19268293,81.23902439
"Life expectancy at birth, total (years)",SP.DYN.LE00.IN,Azerbaijan,AZE,62.352,62.052,61.296,61.286,61.594,62.305,62.622,62.973,63.561,64.189,64.891,65.51,66.239,66.756,67.346,67.562,68.165,68.603,68.811,69.356,69.529,69.984,70.36,70.881,71.116,71.451,72.004,72.248,72.76,73.102,66.868,69.366
"Life expectancy at birth, total (years)",SP.DYN.LE00.IN,"Bahamas, The",BHS,70.133,69.616,70.668,70.656,70.851,70.763,70.71,71.054,71.456,71.771,72.041,72.11,72.232,72.402,72.478,72.765,72.855,72.678,72.667,72.579,72.731,72.564,72.753,73.024,73.366,73.104,73.537,73.632,73.806,71.205,72.677,71.598
"Life expectancy at birth, total (years)",SP.DYN.LE00.IN,Bahrain,BHR,72.668,72.764,72.953,73.375,73.517,73.799,74.355,74.535,74.641,74.98,75.496,75.908,76.088,76.337,76.56,76.931,77.156,77.634,78.084,78.461,78.748,78.89,79.081,79.246,79.328,79.405,79.557,79.689,79.857,80.019,79.174,78.76
"Life expectancy at birth, total (years)",SP.DYN.LE00.IN,Bangladesh,BGD,55.989,54.154,57.635,57.927,58.617,59.467,59.492,61.427,63.917,66.228,65.779,66.135,66.612,66.824,67.187,67.299,67.241,66.714,67.051,67.403,68.638,68.809,69.554,69.565,69.986,70.491,71.09,71.788,72.567,72.806,71.968,72.381
"Life expectancy at birth, total (years)",SP.DYN.LE00.IN,Barbados,BRB,72.752,72.843,72.915,73.19,73.211,73.298,73.546,73.547,73.728,74.039,74.089,74.247,74.366,74.472,74.727,74.89,75.068,75.342,75.447,75.678,75.712,75.917,76.099,76.275,76.476,76.65,76.815,76.936,77.067,77.257,77.393,77.571
"Life expectancy at birth, total (years)",SP.DYN.LE00.IN,Belarus,BLR,70.83658537,70.37804878,70.02195122,68.97073171,68.76829268,68.46097561,68.51219512,68.46097561,68.40731707,67.90731707,68.91219512,68.50731707,68.05609756,68.55365854,68.95609756,68.85121951,69.40487805,70.20731707,70.45609756,70.40731707,70.40487805,70.55365854,71.96585366,72.47073171,72.97073171,73.62439024,73.82682927,74.12926829,74.17560976,74.22682927,72.45721951,72.37068293
"Life expectancy at birth, total (years)",SP.DYN.LE00.IN,Belgium,BEL,76.05195122,76.19219512,76.35121951,76.34536585,76.69170732,76.84073171,77.18731707,77.37073171,77.47317073,77.6195122,77.72195122,77.97317073,78.07560976,78.12926829,78.87804878,78.9804878,79.3804878,79.78292683,79.6804878,80.03414634,80.18292683,80.58536585,80.38536585,80.58780488,81.28780488,80.99268293,81.43902439,81.49268293,81.59512195,81.99512195,80.69512195,81.8902439
"Life expectancy at birth, total (years)",SP.DYN.LE00.IN,Belize,BLZ,70.744,70.248,69.979,69.988,70.316,69.887,69.806,69.212,68.599,68.773,68.564,68.357,68.752,68.909,69.227,69.376,70.093,70.655,71.151,71.819,72.272,72.651,73.245,73.666,73.311,73.187,73.399,73.562,73.703,73.931,72.854,70.47
"Life expectancy at birth, total (years)",SP.DYN.LE00.IN,Benin,BEN,53.292,53.624,54.089,54.537,54.91,55.295,55.558,55.978,56.218,56.526,56.578,56.66,56.606,56.738,56.826,57.125,57.456,57.675,57.869,57.956,58.363,58.462,58.716,58.965,59.125,59.377,59.539,59.856,60.14,60.454,60.088,59.821
"Life expectancy at birth, total (years)",SP.DYN.LE00.IN,Bermuda,BMU,74.5,74.886,73.8,74.487,73.608,76.137,78.225,77.995,79.949,79.053,78.858,79.871,80.631,79.345,81.12,77.927,77.585,79.361,78.623,79.996,80.499,81.403,81.272,79.992,79.518,80.918,80.608,82.351,80.825,81.033,81.136,79.28
"Life expectancy at birth, total (years)",SP.DYN.LE00.IN,Bhutan,BTN,55.968,56.642,57.423,58.117,58.635,59.516,60.212,60.852,61.549,62.23,62.01,63.444,64.078,64.696,65.268,65.805,66.362,66.954,67.499,67.897,68.43,68.881,69.326,69.707,70.049,70.343,70.602,70.847,71.129,71.391,71.609,71.815
"Life expectancy at birth, total (years)",SP.DYN.LE00.IN,Bolivia,BOL,56.422,57.097,57.629,58.418,58.989,59.534,60.084,60.752,61.332,61.871,62.346,62.843,63.306,63.635,64.004,64.386,64.779,65.027,65.446,65.88,66.162,66.534,66.705,67.021,67.163,67.318,67.628,67.701,67.748,67.841,64.467,63.63
"Life expectancy at birth, total (years)",SP.DYN.LE00.IN,Bosnia and Herzegovina,BIH,72.349,72.089,51.785,51.519,67.209,70.284,73.43,73.686,73.901,75.076,74.496,75.06,74.612,75.782,76.133,75.42,76.247,76.161,76.838,76.976,77.073,77.007,77.191,76.33,75.659,76.182,76.808,76.935,77.093,77.241,76.225,75.3
"Life expectancy at birth, total (years)",SP.DYN.LE00.IN,Botswana,BWA,60.533,59.473,58.348,57.719,56.154,55.059,54.357,53.448,52.523,51.694,51.011,50.676,50.632,50.947,51.617,52.61,53.918,55.732,57.121,58.279,60.013,60.53,60.8,61.996,62.608,63.818,65.464,66.753,65.422,65.464,65.647,61.141
"Life expectancy at birth, total (years)",SP.DYN.LE00.IN,Brazil,BRA,65.985,66.31,66.708,67.109,67.568,67.919,68.409,68.813,69.189,69.524,69.737,70.195,70.41,70.72,71.131,71.753,72.037,72.365,72.715,72.948,73.182,73.343,73.552,73.918,74.306,74.332,74.442,74.827,75.109,75.338,74.009,72.75
"Life expectancy at birth, total (years)",SP.DYN.LE00.IN,British Virgin Islands,VGB,73.927,72.872,73.324,73.996,73.63,74.24,74.622,74.403,74.906,74.412,73.966,73.846,73.891,73.986,74.251,74.723,74.88,75.039,75.007,75.26,75.428,75.486,75.532,75.574,75.612,75.675,75.724,74.785,75.831,75.863,75.849,74.494
"Life expectancy at birth, total (years)",SP.DYN.LE00.IN,Brunei Darussalam,BRN,71.656,71.871,72.081,72.312,72.553,72.816,73.1,73.364,73.619,73.863,74.08,74.276,74.426,74.561,74.65,74.731,74.783,74.818,74.84,74.846,74.849,74.858,74.827,74.799,74.779,74.75,74.733,74.722,74.712,74.748,74.795,74.642
"Life expectancy at birth, total (years)",SP.DYN.LE00.IN,Bulgaria,BGR,71.64146341,71.56097561,71.49439024,71.34682927,71.20878049,71.05341463,70.89731707,70.35121951,71.06097561,71.41219512,71.66341463,71.76829268,71.86585366,72.06585366,72.56341463,72.56097561,72.61219512,72.66341463,72.96341463,73.41219512,73.51219512,74.16341463,74.31463415,74.86097561,74.46585366,74.61463415,74.81219512,74.81463415,74.96341463,75.11219512,73.65853659,71.51463415
"Life expectancy at birth, total (years)",SP.DYN.LE00.IN,Burkina Faso,BFA,49.44,49.45,49.437,49.209,49.307,49.446,49.614,49.4,49.991,50.325,50.847,51.071,51.272,51.793,52.416,53.092,53.742,54.375,55.342,55.959,56.477,57.125,57.619,57.823,58.359,58.845,59.326,59.536,60.047,60.039,59.731,59.27
"Life expectancy at birth, total (years)",SP.DYN.LE00.IN,Burundi,BDI,44.86,44.227,43.895,37.105,44.08,44.059,44.373,45.387,46.552,47.528,47.514,48.431,49.891,50.857,52.01,53.023,53.869,54.727,55.71,56.388,57.081,57.769,58.493,59.235,59.868,60.217,60.793,61.553,61.688,62.351,61.566,61.663
"Life expectancy at birth, total (years)",SP.DYN.LE00.IN,Cabo Verde,CPV,65.023,65.176,65.318,65.312,65.25,64.093,65.763,66.378,66.993,67.569,68.618,69.929,70.705,71.429,71.999,72.68,72.239,72.835,72.508,73.088,73.499,74.257,74.484,75.059,75.24,74.62,75.742,76.593,75.733,76.004,74.808,74.052
"Life expectancy at birth, total (years)",SP.DYN.LE00.IN,Cambodia,KHM,55.434,55.793,56.021,56.08,56.035,56.308,56.346,56.743,57.028,57.69,58.625,59.966,61.226,62.523,63.552,64.293,65.059,65.731,66.47,67.444,67.712,68.416,68.915,69.304,69.736,69.873,70.224,70.515,70.561,70.692,70.416,69.584
"Life expectancy at birth, total (years)",SP.DYN.LE00.IN,Cameroon,CMR,54.868,54.658,54.481,54.062,53.528,53.222,52.82,52.737,52.582,52.695,52.932,53.142,53.415,53.883,54.178,54.362,54.856,55.165,55.655,56.102,56.582,57.133,57.792,58.476,58.935,59.658,60.233,60.81,61.18,61.584,60.833,60.333
"Life expectancy at birth, total (years)",SP.DYN.LE00.IN,Canada,CAN,77.43658537,77.59341463,77.83804878,77.70487805,77.87170732,77.97731707,78.2202439,78.41243902,78.62365854,78.83902439,79.16682927,79.39804878,79.53073171,79.71512195,79.99219512,80.11268293,80.54365854,80.54365854,80.72463415,81.06609756,81.32219512,81.48268293,81.66365854,81.74487805,81.78439024,81.81560976,81.92487805,81.83292683,81.84390244,82.22878049,81.6704878,82.59660976
"Life expectancy at birth, total (years)",SP.DYN.LE00.IN,Cayman Islands,CYM,..,..,..,..,..,..,..,..,..,..,..,..,..,..,..,..,..,..,..,..,82.1902439,..,..,..,..,..,..,..,..,..,..,..
"Life expectancy at birth, total (years)",SP.DYN.LE00.IN,Central African Republic,CAF,49.635,49.252,48.793,48.353,47.853,47.35,46.831,46.319,46.025,45.75,45.406,45.393,45.409,45.76,46.038,46.433,46.851,47.426,48.016,48.648,49.255,49.948,50.686,50.902,50.566,52.793,53.46,53.721,54.369,55.025,54.604,53.895
"Life expectancy at birth, total (years)",SP.DYN.LE00.IN,Chad,TCD,44.686,45.941,46.102,46.318,46.449,46.711,47.013,47.217,47.224,47.372,47.443,47.85,47.946,48.206,48.232,48.312,48.286,48.751,49.024,49.196,49.584,50.009,50.54,50.781,51.202,51.589,52.083,52.308,52.825,53.259,52.777,52.525
"Life expectancy at birth, total (years)",SP.DYN.LE00.IN,Channel Islands,CHI,77.185,76.617,78.125,76.547,78.005,77.749,77.962,78.211,78.898,78.935,79.155,79.277,78.906,79.618,80.125,80.344,80.694,81.166,81.317,80.995,81.12,81.726,81.339,81.516,81.884,81.433,81.366,81.331,81.375,81.39,81.264,81.232
"Life expectancy at birth, total (years)",SP.DYN.LE00.IN,Chile,CHL,72.574,73.574,74.135,74.195,74.614,74.609,74.899,75.596,75.669,76.018,76.87,76.773,77.445,77.387,77.616,78.016,78.261,77.826,78.484,78.741,78.501,79.11,79.023,79.339,79.473,79.746,80.079,80.35,80.133,80.326,79.377,78.944
"Life expectancy at birth, total (years)",SP.DYN.LE00.IN,China,CHN,68.005,68.169,68.734,69.216,69.52,70.008,70.266,70.672,71.172,71.419,71.881,72.606,72.985,73.371,73.748,74.111,74.504,74.762,74.872,75.343,75.599,75.903,76.192,76.452,76.717,76.977,77.218,77.248,77.744,77.968,78.077,78.211
"Life expectancy at birth, total (years)",SP.DYN.LE00.IN,Colombia,COL,68.644,68.813,69.038,69.342,69.613,69.933,70.189,70.492,70.738,70.926,71.32,71.502,71.939,72.361,72.695,73.081,73.468,73.837,74.295,74.742,75.033,75.32,75.597,75.827,76.043,76.257,76.471,76.646,76.748,76.752,74.769,72.83
"Life expectancy at birth, total (years)",SP.DYN.LE00.IN,Comoros,COM,55.84,56.194,56.733,57.276,57.694,58.015,58.344,58.39,58.407,58.781,58.757,59.163,59.056,59.258,59.48,59.604,59.875,60.102,60.475,60.831,61.123,61.503,61.834,62.224,62.516,62.896,63.237,63.625,63.912,64.068,64.166,63.417
"Life expectancy at birth, total (years)",SP.DYN.LE00.IN,"Congo, Dem. Rep.",COD,48.601,48.948,49.244,49.551,49.884,50.411,49.307,50.402,49.696,49.945,51.781,52.116,52.333,52.827,53.426,53.927,54.534,54.923,55.339,55.836,56.417,57.069,57.248,57.762,58.296,58.49,59.066,59.411,59.942,60.276,59.739,59.193
"Life expectancy at birth, total (years)",SP.DYN.LE00.IN,"Congo, Rep.",COG,55.926,55.243,54.663,54.146,53.738,53.644,53.491,47.19,50.894,52.757,53.682,54.395,55.088,55.948,56.986,58.126,58.878,59.643,60.426,61.088,61.683,61.992,62.317,62.695,62.95,63.233,63.577,63.76,64.053,62.747,63.785,63.519
"Life expectancy at birth, total (years)",SP.DYN.LE00.IN,Costa Rica,CRI,76.63,76.591,76.627,76.703,76.67,76.552,76.804,77.07,76.896,77.138,77.586,77.545,77.983,78.072,78.331,78.505,78.514,78.462,78.445,78.672,78.67,79.348,79.283,79.403,78.774,79.086,79.459,79.377,79.484,79.427,79.277,77.023
"Life expectancy at birth, total (years)",SP.DYN.LE00.IN,Cote d'Ivoire,CIV,52.603,52.323,52.138,51.925,51.737,51.61,51.52,51.449,51.108,50.957,50.842,50.81,50.886,50.954,51.363,51.824,52.355,52.97,53.653,54.394,55.023,55.52,56.158,56.748,57.208,57.762,58.06,58.48,58.849,59.319,59.032,58.598
"Life expectancy at birth, total (years)",SP.DYN.LE00.IN,Croatia,HRV,72.1704878,72.18536585,71.24146341,71.52243902,71.80341463,72.08439024,72.36536585,72.49512195,72.31707317,72.64195122,72.80780488,74.51292683,74.71731707,74.61390244,75.5202439,75.24463415,75.83682927,75.70560976,75.91219512,76.16829268,76.47560976,76.77560976,76.92439024,77.12682927,77.47804878,77.27560976,78.02195122,77.82682927,78.07073171,78.42439024,77.72439024,76.42439024
"Life expectancy at birth, total (years)",SP.DYN.LE00.IN,Cuba,CUB,74.039,74.093,74.162,74.261,74.411,74.623,74.903,75.222,75.564,75.893,76.183,76.421,76.612,76.773,76.912,77.047,77.179,77.307,77.429,77.548,77.661,77.76,77.833,77.87,77.853,77.772,77.643,77.529,77.496,77.611,77.567,73.683
"Life expectancy at birth, total (years)",SP.DYN.LE00.IN,Curacao,CUW,72.25039024,72.34970732,72.41807317,72.49807317,72.59007317,72.60134146,72.69282927,72.75336585,72.85831707,72.93756098,73.03395122,73.1107561,73.21153659,73.3535122,73.42892683,73.56570732,74.7097561,75.36341463,75.3097561,76.15609756,..,77.47317073,77.52439024,77.82682927,77.97560976,78.07560976,77.7195122,78.01707317,..,..,..,..
"Life expectancy at birth, total (years)",SP.DYN.LE00.IN,Cyprus,CYP,73.539,73.716,74.177,74.65,74.72,75.133,75.522,75.841,76.182,76.295,76.568,76.989,77.487,77.788,77.944,78.101,78.371,78.81,78.981,79.401,79.665,79.999,80.109,80.402,80.771,80.966,81.056,81.328,81.382,81.397,81.391,81.203
"Life expectancy at birth, total (years)",SP.DYN.LE00.IN,Czechia,CZE,71.38390244,71.89829268,72.27170732,72.76780488,72.97268293,73.07487805,73.71463415,73.82487805,74.51463415,74.66829268,74.96829268,75.17317073,75.22195122,75.17073171,75.72195122,75.92439024,76.52439024,76.72439024,76.97560976,77.07804878,77.42439024,77.87317073,78.07560976,78.17560976,78.82439024,78.57804878,79.02682927,78.97804878,79.02926829,79.22926829,78.22682927,77.37317073
"Life expectancy at birth, total (years)",SP.DYN.LE00.IN,Denmark,DNK,74.80536585,75.15780488,75.19414634,75.11682927,75.37512195,75.21268293,75.59146341,75.94512195,76.13902439,76.34146341,76.59268293,76.79268293,76.89512195,77.14390244,77.49268293,77.84390244,78.09512195,78.19512195,78.44634146,78.59756098,79.1,79.8,80.05121951,80.3,80.7,80.70243902,80.85365854,81.10243902,80.95365854,81.45121951,81.60243902,81.40487805
"Life expectancy at birth, total (years)",SP.DYN.LE00.IN,Djibouti,DJI,55.498,55.156,54.452,55.774,55.505,56.302,56.186,55.967,56.176,56.427,56.573,56.903,57.215,57.595,57.759,58.316,58.715,59.024,59.365,59.673,60.259,60.433,60.848,61.221,61.641,61.957,62.191,62.797,63.038,63.085,62.694,62.305
"Life expectancy at birth, total (years)",SP.DYN.LE00.IN,Dominica,DMA,69.852,69.646,70.282,70.937,71.076,71.52,71.194,71.634,71.472,70.631,72.693,71.713,72.34,71.438,72.401,72.254,72.848,71.93,73.305,72.17,71.55,69.695,70.538,68.896,69.434,68.727,70.128,67.525,73.59,73.559,73.649,72.814
"Life expectancy at birth, total (years)",SP.DYN.LE00.IN,Dominican Republic,DOM,67.11,67.625,68.084,68.472,68.792,68.988,69.097,69.166,69.096,69.279,69.423,69.642,69.923,70.265,70.331,70.875,71.165,71.371,71.658,71.871,72.093,72.221,72.514,72.713,72.867,72.953,72.987,73.063,73.232,73.577,72.889,72.615
"Life expectancy at birth, total (years)",SP.DYN.LE00.IN,Ecuador,ECU,69.348,69.625,70.117,70.345,70.757,71.041,71.362,71.681,72.045,72.463,72.839,73.24,73.613,73.975,74.279,74.514,74.689,74.844,74.983,75.184,75.43,75.743,76.062,76.369,76.622,76.789,76.763,76.972,77.094,77.297,72.153,73.67
"Life expectancy at birth, total (years)",SP.DYN.LE00.IN,"Egypt, Arab Rep.",EGY,64.146,64.755,65.031,65.468,65.816,66.312,66.742,67.197,67.471,67.737,68.007,68.308,68.564,68.402,68.613,68.779,68.977,69.128,69.319,69.48,69.664,69.88,70.085,70.052,70.415,70.483,70.844,71.302,71.367,71.358,70.99,70.221
"Life expectancy at birth, total (years)",SP.DYN.LE00.IN,El Salvador,SLV,62.55,63.856,64.657,65.235,65.838,66.33,67.076,67.895,68.478,69.379,69.865,69.598,70.232,70.14,70.34,70.44,70.773,71.108,71.424,71.576,71.848,71.859,71.831,71.771,71.746,71.814,72.025,72.311,72.555,72.559,71.061,70.748
"Life expectancy at birth, total (years)",SP.DYN.LE00.IN,Equatorial Guinea,GNQ,50.86,50.969,51.113,51.308,51.415,51.592,51.727,52.061,52.382,52.752,53.226,53.636,54.085,54.581,55.036,55.464,56.046,56.54,57.074,57.431,57.878,58.412,58.865,59.224,59.595,60.103,60.479,60.821,61.191,61.644,60.708,60.594
"Life expectancy at birth, total (years)",SP.DYN.LE00.IN,Eritrea,ERI,49.769,50.607,52.465,53.234,54.1,54.914,55.756,56.312,49.158,43.397,56.111,58.298,58.811,59.409,59.899,60.597,61.611,62.116,62.573,63.328,63.787,64.402,64.838,65.067,65.6,66.033,66.289,66.577,67.067,67.3,67.133,66.536
"Life expectancy at birth, total (years)",SP.DYN.LE00.IN,Estonia,EST,69.47560976,69.37317073,68.86341463,67.9097561,66.5,67.54390244,69.61219512,69.8097561,69.35853659,70.06341463,70.41707317,70.25853659,70.90487805,71.31707317,71.9097561,72.56829268,72.69146341,72.81463415,73.77073171,74.82439024,75.42926829,76.22926829,76.32682927,77.14146341,77.03414634,77.5902439,77.64146341,78.09268293,78.24390244,78.64634146,78.59512195,76.74146341
"Life expectancy at birth, total (years)",SP.DYN.LE00.IN,Eswatini,SWZ,63.072,62.685,61.735,60.233,58.268,56.148,53.873,52.044,50.333,48.733,47.256,45.975,44.486,43.349,42.538,42.125,43.12,43.641,44.175,44.639,46.619,48.195,49.835,51.486,53.05,55.019,56.659,57.895,59.411,60.549,59.692,57.066
"Life expectancy at birth, total (years)",SP.DYN.LE00.IN,Ethiopia,ETH,44.557,46.13,46.901,47.394,47.861,48.302,48.924,49.514,49.927,49.425,50.538,51.043,51.517,52.533,53.235,54.008,55.149,56.426,57.592,58.804,59.73,60.721,61.543,62.373,62.905,63.649,64.392,64.838,65.412,65.838,65.371,64.975
"Life expectancy at birth, total (years)",SP.DYN.LE00.IN,Faroe Islands,FRO,76.11463415,76.36341463,76.61463415,76.91463415,77.16585366,77.36585366,77.56829268,77.82195122,78.02682927,78.23170732,78.43658537,78.64146341,78.84390244,78.94390244,79.09268293,79.2902439,79.63902439,79.98780488,80.08536585,80.38536585,80.63658537,80.93902439,81.1902439,81.44146341,81.59268293,81.79268293,82.04390244,82.34390244,82.59512195,82.94634146,83.19756098,83.49756098
"Life expectancy at birth, total (years)",SP.DYN.LE00.IN,Fiji,FJI,65.508,65.643,65.827,65.928,66.125,66.286,66.408,66.448,66.68,66.763,66.31,66.34,65.748,66.177,66.424,66.632,66.855,66.826,66.935,67.089,67.328,67.523,67.552,67.428,67.376,66.844,67.24,67.79,67.81,67.893,67.924,67.114
"Life expectancy at birth, total (years)",SP.DYN.LE00.IN,Finland,FIN,74.81317073,75.22756098,75.45536585,75.70512195,76.39560976,76.4095122,76.69341463,76.87853659,77.09073171,77.29121951,77.46585366,77.96585366,78.1195122,78.36829268,78.71463415,78.81707317,79.21463415,79.26341463,79.56829268,79.7195122,79.87073171,80.47073171,80.62682927,80.97560976,81.1804878,81.4804878,81.42926829,81.63170732,81.73414634,81.98292683,81.93170732,81.93414634
"Life expectancy at birth, total (years)",SP.DYN.LE00.IN,France,FRA,76.6,76.84878049,77.1,77.3,77.64878049,77.75121951,77.95365854,78.30487805,78.60487805,78.75609756,79.05609756,79.15853659,79.26097561,79.11463415,80.16341463,80.16341463,80.81219512,81.11219512,81.21463415,81.41463415,81.66341463,82.11463415,81.96829268,82.2195122,82.7195122,82.32195122,82.57317073,82.57560976,82.67560976,82.82682927,82.17560976,82.32439024
"Life expectancy at birth, total (years)",SP.DYN.LE00.IN,French Polynesia,PYF,73.983,74.149,74.419,74.804,75.311,76.008,76.833,77.7,78.386,79.18,79.536,79.685,79.711,79.703,79.696,79.736,79.842,80.02,80.301,80.665,81.039,81.429,81.759,82.017,82.214,82.354,82.488,82.618,82.783,82.996,82.217,79.486
"Life expectancy at birth, total (years)",SP.DYN.LE00.IN,Gabon,GAB,60.311,60.397,60.545,60.718,60.701,60.704,60.612,60.662,60.79,60.849,61.069,61.27,61.292,61.671,61.838,61.959,62.375,62.618,63.083,63.303,63.898,64.045,64.587,64.776,64.974,65.46,65.802,66.189,66.306,66.603,66.531,65.821
"Life expectancy at birth, total (years)",SP.DYN.LE00.IN,"Gambia, The",GMB,51.319,52.127,52.941,53.748,54.721,55.464,56.009,56.06,56.554,56.816,56.942,57.043,57.08,57.586,58.088,58.394,59.06,59.394,60.082,60.427,60.717,61.526,62.096,62.114,62.269,62.494,63.013,62.995,63.04,63.755,62.612,62.083
"Life expectancy at birth, total (years)",SP.DYN.LE00.IN,Georgia,GEO,68.389,68.245,67.783,67.656,68.554,68.851,68.974,69.059,69.102,69.319,69.575,69.606,70.024,70.333,70.567,71.13,71.394,71.568,71.332,71.95,72.128,72.39,72.412,72.628,73.099,73.297,73.569,73.57,73.341,73.47,72.765,71.694
"Life expectancy at birth, total (years)",SP.DYN.LE00.IN,Germany,DEU,75.08563415,75.3195122,75.8195122,75.87073171,76.27073171,76.42195122,76.67317073,77.07317073,77.47560976,77.72682927,77.92682927,78.32926829,78.22926829,78.3804878,78.6804878,78.93170732,79.13170732,79.53414634,79.73658537,79.83658537,79.98780488,80.43658537,80.53902439,80.4902439,81.0902439,80.64146341,80.9902439,80.99268293,80.89268293,81.29268293,81.04146341,80.90097561
"Life expectancy at birth, total (years)",SP.DYN.LE00.IN,Ghana,GHA,55.62,56.012,56.231,56.416,56.112,56.565,56.82,57.199,57.6,58.03,58.195,58.107,58.608,59.111,59.191,59.76,59.988,60.224,60.49,60.946,61.157,61.652,62.081,62.42,63.045,63.175,63.89,64.013,64.122,64.74,64.114,63.795
"Life expectancy at birth, total (years)",SP.DYN.LE00.IN,Gibraltar,GIB,77.072,76.994,75.559,78.52,79.164,76.556,77.65,80.343,80.663,81.533,81.37,81.087,80.26,79.694,80.948,81.442,80.393,78.514,80.13,81.243,80.958,81.871,83.366,80.55,81.882,80.427,81.702,81.83,82.154,82.363,82.198,79.329
"Life expectancy at birth, total (years)",SP.DYN.LE00.IN,Greece,GRC,76.93902439,77.13658537,77.38292683,77.3902439,77.63902439,77.58536585,77.68536585,78.13658537,77.83902439,77.98780488,77.88780488,78.38780488,78.64146341,78.84146341,79.03902439,79.23902439,79.43902439,79.43902439,79.93902439,80.18780488,80.38780488,80.73170732,80.63414634,81.28536585,81.38536585,81.03658537,81.38780488,81.28780488,81.78780488,81.63902439,81.28780488,80.18292683
"Life expectancy at birth, total (years)",SP.DYN.LE00.IN,Greenland,GRL,65.06829268,65.03170732,65.19609756,65.58536585,65.90097561,65.64414634,65.76731707,65.79804878,66.15707317,66.48878049,66.10073171,66.73487805,67.15292683,68.02243902,68.64390244,68.42243902,68.61658537,69.32292683,70.01512195,70.52804878,70.29195122,69.82487805,70.55,71.57341463,71.98560976,71.97731707,71.82512195,71.64121951,71.88658537,72.04365854,71.63682927,71.14756098
"Life expectancy at birth, total (years)",SP.DYN.LE00.IN,Grenada,GRD,70.683,70.974,71.291,71.576,71.786,72.109,72.331,72.568,72.805,72.903,72.783,73.118,73.167,73.188,71.788,73.521,73.7,74.317,74.656,75.036,74.999,75.295,75.042,75.116,74.985,75.013,74.762,74.765,74.808,74.863,74.924,74.936
"Life expectancy at birth, total (years)",SP.DYN.LE00.IN,Guam,GUM,72.473,72.497,72.718,72.952,73.058,73.29,73.092,73.349,73.632,74.066,74.417,75.41,75.793,76.504,76.923,77.182,77.136,77.098,77.185,77.094,76.879,76.872,76.707,76.72,76.749,76.616,76.877,77.155,77.439,77.717,76.612,76.656
"Life expectancy at birth, total (years)",SP.DYN.LE00.IN,Guatemala,GTM,62.473,62.725,62.913,63.349,63.726,64.195,64.863,65.536,66.114,66.869,67.446,67.946,68.386,68.797,69.165,69.168,69.812,70.1,70.356,70.641,70.878,71.177,71.463,71.728,71.964,72.103,72.355,72.551,72.726,73.129,71.797,69.237
"Life expectancy at birth, total (years)",SP.DYN.LE00.IN,Guinea,GIN,47.004,47.546,48.363,48.962,49.171,49.866,50.544,51.356,52.049,52.356,52.479,52.662,53.278,53.678,54.117,54.632,55.108,55.553,56.044,56.348,56.72,57.019,57.406,57.791,57.886,58.134,58.763,59.109,59.349,59.72,59.327,58.892
"Life expectancy at birth, total (years)",SP.DYN.LE00.IN,Guinea-Bissau,GNB,47.084,47.465,47.92,48.228,48.156,48.952,49.065,47.997,47.716,48.006,50.121,50.445,50.986,51.405,52.15,52.249,53.371,54.155,54.646,55.541,56.23,56.967,57.69,58.232,58.61,59.128,59.674,60.066,60.502,60.882,59.999,59.652
"Life expectancy at birth, total (years)",SP.DYN.LE00.IN,Guyana,GUY,62.415,62.622,62.787,63.152,63.372,63.136,63.205,63.356,63.9,64.17,64.483,64.788,64.728,64.6,64.93,65.132,65.667,66.254,66.288,66.563,66.743,66.982,67.23,67.473,67.882,68.201,68.384,68.667,68.896,69.124,68.486,65.673
"Life expectancy at birth, total (years)",SP.DYN.LE00.IN,Haiti,HTI,52.975,53.391,53.842,54.35,54.653,55.547,56.154,56.516,57.135,57.961,58.365,58.489,58.855,59.507,58.475,60.415,60.763,61.103,61.332,61.741,46.019,61.623,62.291,62.605,62.987,63.237,63.392,63.854,64.019,64.255,64.052,63.192
"Life expectancy at birth, total (years)",SP.DYN.LE00.IN,Honduras,HND,65.243,65.752,65.991,66.251,66.574,67.139,67.439,67.777,62.721,68.422,68.662,69.006,69.366,69.507,69.796,70.104,70.261,70.376,70.441,70.911,71.088,71.439,71.734,71.963,72.259,72.487,72.588,72.692,72.814,72.881,71.462,70.123
"Life expectancy at birth, total (years)",SP.DYN.LE00.IN,"Hong Kong SAR, China",HKG,77.3804878,77.88292683,77.67804878,78.03170732,78.52926829,78.68292683,79.62682927,80.12682927,80.13170732,80.38292683,80.87804878,81.42439024,81.42682927,81.37804878,81.82926829,81.62926829,82.37560976,82.32682927,82.37560976,82.77560976,82.97804878,83.42195122,83.4804878,83.83170732,83.9804878,84.27804878,84.22682927,84.6804878,84.93414634,85.1804878,85.49756098,85.49268293
"Life expectancy at birth, total (years)",SP.DYN.LE00.IN,Hungary,HUN,69.31560976,69.37707317,69.11707317,69.10121951,69.4697561,69.79170732,70.32878049,70.70243902,70.55780488,70.67707317,71.24634146,72.24878049,72.34878049,72.3,72.64878049,72.64878049,73.09756098,73.15121951,73.70243902,73.90487805,74.20731707,74.85853659,75.06341463,75.56585366,75.76341463,75.56829268,76.06341463,75.81707317,76.06585366,76.3195122,75.56829268,74.46585366
"Life expectancy at birth, total (years)",SP.DYN.LE00.IN,Iceland,ISL,78.03634146,77.99195122,78.7602439,78.93463415,79.24707317,77.98439024,78.77780488,78.88536585,79.60243902,79.35121951,79.65365854,80.6902439,80.50243902,80.96341463,80.99756098,81.50243902,81.15853659,81.45365854,81.6097561,81.75121951,81.89756098,82.35853659,82.91707317,82.06097561,82.86097561,82.46829268,82.20487805,82.66097561,82.86097561,83.16341463,83.06341463,83.11707317
"Life expectancy at birth, total (years)",SP.DYN.LE00.IN,India,IND,58.652,59.055,59.452,59.815,60.216,60.596,60.984,61.388,61.792,62.207,62.669,63.091,63.616,64.094,64.524,64.996,65.412,65.788,66.149,66.513,66.909,67.359,67.887,68.46,69.074,69.636,70.117,70.467,70.71,70.91,70.15,67.24
"Life expectancy at birth, total (years)",SP.DYN.LE00.IN,Indonesia,IDN,63.181,63.537,64.126,64.598,64.856,65.237,65.355,65.733,65.962,66.221,66.433,66.758,67.134,67.413,65.75,67.649,67.914,68.189,68.226,68.494,68.679,68.823,68.973,69.264,69.533,69.699,69.798,69.936,70.338,70.518,68.808,67.57
"Life expectancy at birth, total (years)",SP.DYN.LE00.IN,"Iran, Islamic Rep.",IRN,64.367,66.459,66.776,67.139,67.468,67.785,68.07,68.359,68.73,69.297,69.691,69.955,70.445,69.823,71.37,71.838,72.276,72.772,72.624,72.698,73.069,73.679,74.186,74.449,74.782,75.124,75.6,75.971,76.195,76.103,74.832,73.875
"Life expectancy at birth, total (years)",SP.DYN.LE00.IN,Iraq,IRQ,58.435,62.519,66.708,66.897,66.744,66.464,66.391,65.837,65.486,66.182,66.817,67.034,67.084,65.643,65.031,64.844,63.587,63.553,64.942,66.446,67.062,67.659,68.023,68.253,68.914,69.44,68.988,70.413,71.514,71.576,69.123,70.378
"Life expectancy at birth, total (years)",SP.DYN.LE00.IN,Ireland,IRL,74.84607317,75.025,75.41509756,75.29219512,75.78712195,75.46980488,75.83170732,75.98536585,76.1804878,76.08292683,76.53658537,77.13414634,77.63414634,78.13902439,78.53902439,78.94390244,79.24146341,79.64146341,80.09512195,80.1902439,80.74390244,80.74634146,80.84634146,80.94878049,81.34878049,81.45365854,81.65365854,82.15609756,82.20487805,82.70243902,82.55609756,82.10243902
"Life expectancy at birth, total (years)",SP.DYN.LE00.IN,Isle of Man,IMN,71.959,72.151,73.078,72.31,73.339,73.264,73.756,73.691,74.603,73.666,74.725,75.51,75.42,76.096,76.966,77.623,78.191,78.331,78.449,78.681,78.983,79.19,79.337,79.473,80.037,78.905,80.314,80.457,80.596,80.737,80.588,80.525
"Life expectancy at birth, total (years)",SP.DYN.LE00.IN,Israel,ISR,76.60731707,76.75853659,76.50487805,77.15365854,77.40243902,77.45121951,78.10487805,78,78.14878049,78.65853659,78.95365854,79.40731707,79.45121951,79.64878049,80.14634146,80.15121951,80.55365854,80.50487805,80.95121951,81.40487805,81.60243902,81.65609756,81.70487805,82.05609756,82.15365854,82.05121951,82.40731707,82.55121951,82.80243902,82.80487805,82.64878049,82.5
"Life expectancy at birth, total (years)",SP.DYN.LE00.IN,Italy,ITA,76.97073171,77.0195122,77.4195122,77.72195122,77.92195122,78.17073171,78.52195122,78.82439024,78.97560976,79.42439024,79.77804878,80.12682927,80.22926829,79.98292683,80.7804878,80.78292683,81.28292683,81.43414634,81.48536585,81.63658537,82.03658537,82.18780488,82.23902439,82.6902439,83.0902439,82.54390244,83.24390244,82.94634146,83.34634146,83.49756098,82.19512195,82.79512195
"Life expectancy at birth, total (years)",SP.DYN.LE00.IN,Jamaica,JAM,72.304,72.186,72.189,71.921,71.739,71.549,71.488,71.207,70.99,70.968,70.944,70.758,70.888,70.806,70.86,71.044,71.199,71.418,71.612,72.124,72.622,73.094,73.433,73.412,72.982,72.394,72.02,71.911,71.793,71.767,71.869,70.5
"Life expectancy at birth, total (years)",SP.DYN.LE00.IN,Japan,JPN,78.83707317,79.03682927,79.0802439,79.30365854,79.69682927,79.53609756,80.2197561,80.42414634,80.50146341,80.46097561,81.07609756,81.41634146,81.69073171,81.76,82.0302439,81.95512195,82.32195122,82.50707317,82.58756098,82.93146341,82.84268293,82.59121951,83.09609756,83.33195122,83.58780488,83.79390244,83.98487805,84.0997561,84.21097561,84.35634146,84.56,84.44560976
"Life expectancy at birth, total (years)",SP.DYN.LE00.IN,Jordan,JOR,69.854,70.093,70.316,70.518,70.699,70.87,71.064,71.272,71.474,71.694,71.918,72.147,72.359,72.573,72.772,72.932,73.145,73.373,73.591,73.801,74,74.189,74.366,74.562,74.789,75.011,75.215,75.502,75.774,76.044,75.184,74.256
"Life expectancy at birth, total (years)",SP.DYN.LE00.IN,Kazakhstan,KAZ,68.33658537,67.6,67.4,65.4,64.9,63.5,63.6,64,64.5,65.63,65.45,65.76,65.95,65.74,66.06,65.86,66.15,66.34,67.11,68.39,68.45,68.69,69.52,70.62,71.44,71.97,72.41,72.95,73.15,73.18,71.37,70.23
"Life expectancy at birth, total (years)",SP.DYN.LE00.IN,Kenya,KEN,58.614,58.005,57.259,56.617,56.273,55.617,55.161,54.816,54.526,54.495,54.411,54.508,54.99,55.601,56.361,57.344,58.222,58.865,59.614,60.365,60.649,61.046,61.115,61.389,61.816,61.892,62.163,62.481,62.676,62.943,62.675,61.427
"Life expectancy at birth, total (years)",SP.DYN.LE00.IN,Kiribati,KIR,60.917,61.422,61.893,62.321,62.697,63.014,63.291,63.575,63.854,64.136,64.409,64.655,64.84,64.954,64.989,64.967,64.906,64.844,64.834,64.892,65.016,65.19,65.378,65.588,65.815,66.059,66.332,66.597,66.855,67.15,67.266,67.417
"Life expectancy at birth, total (years)",SP.DYN.LE00.IN,"Korea, Dem. People's Rep.",PRK,70.21,70.313,70.824,71.871,70.718,60.894,60.956,60.974,60.906,60.798,60.763,60.745,60.792,69.546,69.437,69.285,69.085,68.911,68.958,69.732,70.419,70.978,71.626,72.319,72.942,72.784,72.805,72.978,73.031,73.198,73.274,73.284
"Life expectancy at birth, total (years)",SP.DYN.LE00.IN,"Korea, Rep.",KOR,71.59756098,72.04634146,72.49756098,72.99756098,73.39756098,73.7,74.15121951,74.60243902,75.00487805,75.4097561,75.9097561,76.41219512,76.76585366,77.21463415,77.66585366,78.16829268,78.66829268,79.1195122,79.51707317,79.96829268,80.11707317,80.56829268,80.8195122,81.27073171,81.72195122,82.02439024,82.27560976,82.62682927,82.62682927,83.22682927,83.42682927,83.52682927
"Life expectancy at birth, total (years)",SP.DYN.LE00.IN,Kosovo,XKX,70.917,71.246,71.487,71.817,72.125,72.441,72.76,73.066,71.306,69.418,74.072,74.394,74.676,74.968,75.304,75.616,75.636,76.516,77.392,77.665,77.63,77.74,78.28,78.587,78.88,78.922,78.981,78.783,78.696,79.022,76.567,76.806
"Life expectancy at birth, total (years)",SP.DYN.LE00.IN,Kuwait,KWT,73.281,74.216,75.691,75.794,75.763,75.537,75.618,75.879,76.157,76.416,76.722,76.891,76.982,76.985,76.792,76.903,76.887,77.017,77.145,77.442,77.982,78.464,78.812,79.164,79.445,79.562,79.701,79.781,79.722,79.685,76.92,78.673
"Life expectancy at birth, total (years)",SP.DYN.LE00.IN,Kyrgyz Republic,KGZ,68.29756098,68.55121951,68.10243902,67.19268293,66.03902439,65.7902439,66.54390244,66.89268293,67.05121951,68.65609756,68.55853659,68.70731707,68.15609756,68.25609756,68.15365854,67.95609756,67.69512195,67.89512195,68.45121951,69.10243902,69.3,69.60243902,70.00243902,70.20243902,70.40243902,70.65121951,70.95121951,71.2,71.4,71.6,71.8,71.9
"Life expectancy at birth, total (years)",SP.DYN.LE00.IN,Lao PDR,LAO,53.713,54.46,54.952,55.435,55.749,56.385,56.891,57.292,57.665,57.873,58.378,59.07,59.534,60.031,60.293,60.98,61.493,62.084,62.603,63.273,63.973,64.736,65.355,65.718,66.361,66.67,67.167,67.434,67.634,68.138,68.497,68.061
"Life expectancy at birth, total (years)",SP.DYN.LE00.IN,Latvia,LVA,69.27317073,69.03243902,68.39609756,66.72268293,65.66439024,66.39121951,68.77658537,69.34926829,69.01219512,69.74292683,70.31463415,70.76097561,70.96097561,71.26585366,72.02682927,71.35609756,70.86585366,71.0195122,72.4195122,73.0804878,73.48292683,73.57560976,73.77804878,73.98292683,74.12439024,74.4804878,74.5804878,74.62926829,74.78292683,75.38780488,75.18536585,73.28292683
"Life expectancy at birth, total (years)",SP.DYN.LE00.IN,Lebanon,LBN,64.475,71.176,71.192,71.382,71.681,72.043,72.293,72.778,72.944,73.49,73.931,74.365,75.064,75.593,75.976,76.273,76.08,77.08,77.584,77.889,78.156,78.404,78.628,78.765,78.973,79.229,79.505,79.654,79.729,79.236,77.804,75.047
"Life expectancy at birth, total (years)",SP.DYN.LE00.IN,Lesotho,LSO,59.398,59.193,58.555,57.991,58.018,56.723,55.232,53.594,51.783,50.081,48.427,46.849,45.595,44.53,43.711,43.233,42.914,43.123,43.566,44.034,45.596,46.692,47.835,49.002,50.033,51.101,52.264,53.064,53.733,54.173,54.693,53.062
"Life expectancy at birth, total (years)",SP.DYN.LE00.IN,Liberia,LBR,36.688,42.795,42.738,42.166,41.796,43.917,44.419,47.847,48.901,49.953,51.356,52.752,53.788,53.042,56.013,56.912,57.62,58.285,58.772,59.194,59.433,59.62,59.913,59.943,59.121,59.148,60.416,60.553,60.853,61.104,60.948,60.747
"Life expectancy at birth, total (years)",SP.DYN.LE00.IN,Libya,LBY,69.423,69.82,70.232,70.42,70.706,71.09,71.284,71.129,71.079,71.058,70.68,70.861,71.004,71.132,71.49,71.592,71.724,71.863,72.269,72.356,72.374,70.071,72.247,72.34,71.511,71.698,71.756,72.482,72.794,72.463,72.472,71.911
"Life expectancy at birth, total (years)",SP.DYN.LE00.IN,Liechtenstein,LIE,..,..,..,..,78.42195122,77.3902439,76.83658537,76.04634146,77.74634146,79.1097561,76.82682927,79.27560976,79.63658537,79.96097561,81.77073171,80.66829268,80.94878049,81.29512195,82.68292683,81.5,81.84146341,81.79268293,82.38292683,82.26097561,82.07317073,82.65609756,82.25853659,83.74634146,83.04146341,84.16097561,81.65853659,84.40243902
"Life expectancy at birth, total (years)",SP.DYN.LE00.IN,Lithuania,LTU,71.16073171,70.36414634,70.23439024,68.9104878,68.5302439,69.00634146,70.10804878,70.90902439,71.2195122,71.57073171,72.0195122,71.65853659,71.76097561,72.06097561,71.96097561,71.25365854,71.05609756,70.9,71.81219512,72.91463415,73.26829268,73.56341463,73.86341463,73.91463415,74.51707317,74.32195122,74.67073171,75.4804878,75.6804878,76.28292683,74.97804878,74.33902439
"Life expectancy at birth, total (years)",SP.DYN.LE00.IN,Luxembourg,LUX,75.43831707,75.46341463,75.77073171,75.71219512,76.37073171,76.51219512,76.5195122,76.8804878,77.01707317,77.77073171,77.87317073,77.82439024,77.96585366,77.72682927,79.12195122,79.43170732,79.28780488,79.38292683,80.53902439,80.63658537,80.63170732,80.98780488,81.39268293,81.8,82.22926829,82.29268293,82.68536585,82.09512195,82.29512195,82.63902439,82.14390244,82.74878049
"Life expectancy at birth, total (years)",SP.DYN.LE00.IN,"Macao SAR, China",MAC,77.424,77.904,78.28,78.63,78.993,79.349,79.971,80.162,80.352,80.652,80.959,81.179,81.293,81.501,81.691,82.033,82.257,82.543,82.893,83.276,83.109,83.229,83.326,83.727,83.883,83.984,84.231,84.563,84.928,84.978,85.184,85.399
"Life expectancy at birth, total (years)",SP.DYN.LE00.IN,Madagascar,MDG,51.701,52.357,53.039,53.906,54.436,54.961,55.522,56.223,56.917,57.372,57.938,58.57,58.892,59.491,60.149,60.57,61.315,61.757,62.142,62.734,62.873,63.494,63.544,63.962,64.255,64.339,64.997,65.094,65.27,65.882,65.182,64.485
"Life expectancy at birth, total (years)",SP.DYN.LE00.IN,Malawi,MWI,43.323,43.312,43.413,43.388,43.561,43.641,43.441,43.131,42.848,43.568,44.518,45.895,47.221,48.79,50.453,52.044,53.238,53.946,54.604,55.448,56.381,57.455,58.679,59.729,60.899,61.378,62.209,62.977,63.276,64.119,63.717,62.904
"Life expectancy at birth, total (years)",SP.DYN.LE00.IN,Malaysia,MYS,71.307,71.442,71.526,71.826,72.163,72.384,72.327,72.284,72.168,72.283,72.775,73.344,73.563,73.796,73.898,74.096,74.164,74.211,74.25,74.227,74.442,74.746,74.944,75.035,75.146,75.094,75.289,75.476,75.644,75.76,75.938,74.884
"Life expectancy at birth, total (years)",SP.DYN.LE00.IN,Maldives,MDV,63.578,64.304,65.007,65.739,66.511,67.476,68.702,69.225,69.572,70.088,70.876,72.181,73.291,74.06,73.538,74.751,75.13,75.686,76.543,77.069,77.657,78.124,78.682,79.057,79.424,79.695,79.872,79.943,80.013,80.116,79.875,79.918
"Life expectancy at birth, total (years)",SP.DYN.LE00.IN,Mali,MLI,46.62,47.216,47.496,47.733,47.742,47.816,47.792,48.531,49.164,49.797,50.539,51.284,52.222,52.893,53.538,54.003,54.615,54.941,55.291,55.874,56.382,56.755,57.079,57.357,57.9,58.363,58.731,59.132,59.393,59.664,58.633,58.941
"Life expectancy at birth, total (years)",SP.DYN.LE00.IN,Malta,MLT,75.87997561,75.35546341,75.27712195,76.59934146,76.49985366,77.2902439,77.34146341,77.73902439,77.58780488,77.5,78.34878049,78.84390244,78.73902439,78.54634146,79.25365854,79.3,79.43902439,79.79268293,79.63658537,80.24146341,81.39756098,80.74634146,80.74634146,81.74634146,82.04634146,81.89756098,82.45365854,82.34634146,82.44878049,82.85853659,82.34878049,82.86097561
"Life expectancy at birth, total (years)",SP.DYN.LE00.IN,Marshall Islands,MHL,62.176,62.282,62.383,62.476,62.558,62.774,63.034,63.225,63.364,63.48,63.275,63.642,63.719,63.745,63.695,63.585,63.489,63.36,63.236,63.23,63.226,63.256,63.373,63.464,63.623,63.827,64.057,64.27,64.5,64.746,64.977,65.269
"Life expectancy at birth, total (years)",SP.DYN.LE00.IN,Mauritania,MRT,59.77,59.936,60.261,60.379,60.336,60.259,60.063,60.452,60.609,60.819,61.028,61.185,61.268,61.347,61.593,61.656,61.891,62.228,62.399,62.8,63.105,63.346,63.578,63.911,64.155,64.485,64.768,65.083,65.31,65.687,64.532,64.364
"Life expectancy at birth, total (years)",SP.DYN.LE00.IN,Mauritius,MUS,69.40487805,69.95609756,70.05853659,70.10731707,70.15853659,70.32585366,70.32292683,70.40487805,70.60731707,70.96097561,71.66341463,71.76585366,71.96585366,72.11707317,72.26585366,72.43219512,72.43219512,72.57073171,72.57073171,72.88243902,72.96731707,73.26682927,73.86341463,74.01707317,74.19439024,74.35317073,74.39487805,74.51463415,74.41634146,74.23585366,74.17707317,73.6802439
"Life expectancy at birth, total (years)",SP.DYN.LE00.IN,Mexico,MEX,69.971,70.298,70.616,70.942,71.279,71.646,72.037,72.445,72.845,73.225,73.569,73.867,74.106,74.274,74.372,74.376,74.331,74.238,74.152,74.119,74.19,74.365,74.574,74.739,74.797,74.682,74.412,74.138,74.015,74.202,70.133,70.213
"Life expectancy at birth, total (years)",SP.DYN.LE00.IN,"Micronesia, Fed. Sts.",FSM,67.425,67.619,67.832,68.059,68.095,68.553,68.776,69.229,69.465,69.706,69.769,70.479,69.46,70.76,70.838,70.884,71.093,71.06,71.137,71.112,71.233,71.318,71.398,71.499,71.529,71.408,71.595,71.467,71.318,71.077,70.674,70.71
"Life expectancy at birth, total (years)",SP.DYN.LE00.IN,Moldova,MDA,68.067,66.977,66.96,66.543,65.07,65.099,64.241,65.172,65.505,65.561,66.417,66.787,66.938,67.419,67.861,68.169,68.479,68.947,69.394,69.573,69.357,69.192,69.143,69.099,69.031,69.24,69.917,70.516,70.492,70.935,70.166,68.846
"Life expectancy at birth, total (years)",SP.DYN.LE00.IN,Monaco,MCO,..,..,..,..,..,..,..,..,..,..,..,..,..,..,..,..,..,..,..,..,..,..,..,..,..,..,..,..,..,..,..,..
"Life expectancy at birth, total (years)",SP.DYN.LE00.IN,Mongolia,MNG,58.765,59.237,59.641,60.038,60.405,60.612,60.305,60.815,61.765,62.529,62.882,63.279,63.518,64.208,64.796,64.879,65.513,65.97,66.382,66.766,67.182,67.439,68.111,68.585,69.047,69.498,69.865,70.237,71.199,71.822,72.141,70.975
"Life expectancy at birth, total (years)",SP.DYN.LE00.IN,Montenegro,MNE,75.56687805,75.68260976,74.36536585,74.63329268,73.24553659,74.109,73.46302439,73.47907317,73.31421951,72.6407561,73.8184878,74.06941463,73.9064878,73.93173171,74.56395122,73.98292683,73.83902439,74.33902439,75.13658537,75.14390244,75.9902439,75.98292683,76.2,76.4902439,76.44146341,76.44878049,76.44146341,76.48536585,76.84146341,76.68292683,75.93170732,73.82439024
"Life expectancy at birth, total (years)",SP.DYN.LE00.IN,Morocco,MAR,62.448,62.946,63.401,63.872,64.346,64.736,65.238,65.629,66.018,66.406,66.787,67.18,67.547,67.915,68.231,68.704,69.128,69.604,70.048,70.458,70.829,71.269,71.679,72.122,72.538,72.92,73.284,73.66,73.986,74.27,73.92,74.042
"Life expectancy at birth, total (years)",SP.DYN.LE00.IN,Mozambique,MOZ,44.469,44.66,44.949,45.354,45.606,46.04,46.636,47.408,48.024,48.812,49.491,50.065,50.59,50.87,51.249,51.561,51.961,52.566,53.164,53.788,54.198,54.869,55.639,56.492,57.274,58.151,59.038,59.771,60.526,61.166,61.172,59.325
"Life expectancy at birth, total (years)",SP.DYN.LE00.IN,Myanmar,MMR,56.661,57.014,57.251,57.631,57.956,58.259,58.941,59.243,59.794,59.881,60.155,60.416,60.725,60.98,61.25,61.599,61.893,62.371,56.506,63.155,63.329,63.901,64.141,64.815,65.056,65.561,65.685,65.843,66.465,66.61,66.797,65.672
"Life expectancy at birth, total (years)",SP.DYN.LE00.IN,Namibia,NAM,62.496,62.098,61.545,60.86,59.846,58.634,56.918,55.558,54.101,53.036,51.99,51.26,51.254,51.083,51.246,51.787,52.655,53.68,54.653,55.496,56.015,56.553,57.64,58.694,59.822,60.7,61.682,62.293,62.586,63.075,62.829,59.269
"Life expectancy at birth, total (years)",SP.DYN.LE00.IN,Nauru,NRU,61.356,61.303,61.223,61.338,61.463,61.321,60.504,59.644,59.224,58.803,58.732,58.278,58.181,58.095,58.072,58.161,58.379,58.53,58.833,59.123,59.64,60.24,60.715,61.231,61.807,62.269,62.702,62.988,63.234,63.484,63.437,63.617
"Life expectancy at birth, total (years)",SP.DYN.LE00.IN,Nepal,NPL,54.833,55.712,56.71,57.619,58.553,59.318,59.981,60.771,61.549,62.113,62.614,63.336,63.264,64.197,64.818,65.457,65.868,66.329,66.421,66.761,66.814,67.313,67.47,67.965,68.085,67.456,68.776,68.91,68.979,69.558,69.246,68.45
"Life expectancy at birth, total (years)",SP.DYN.LE00.IN,Netherlands,NLD,76.87804878,77,77.21707317,76.91658537,77.37512195,77.40463415,77.43560976,77.79439024,77.88292683,77.83658537,77.98780488,78.1902439,78.29268293,78.49268293,79.09512195,79.34634146,79.69756098,80.09756098,80.25121951,80.54878049,80.70243902,81.20487805,81.10487805,81.30487805,81.70731707,81.5097561,81.56097561,81.76097561,81.81219512,82.11219512,81.35853659,81.46097561
"Life expectancy at birth, total (years)",SP.DYN.LE00.IN,New Caledonia,NCL,70.48536585,70.35853659,71.61463415,71.65609756,70.67317073,72.0097561,71.99756098,71.73902439,74.37560976,73.87560976,75.16341463,74.83170732,75.10243902,75.27073171,75.47073171,75.72195122,76.07560976,76.47804878,76.6804878,76.9804878,77.2804878,76.63170732,77.07804878,77.17804878,77.23658537,77.2804878,76.93170732,77.53902439,80.00309756,80.41970732,80.83495122,79.12734146
"Life expectancy at birth, total (years)",SP.DYN.LE00.IN,New Zealand,NZL,75.37804878,76.03170732,76.12439024,76.43414634,76.88292683,76.73414634,76.78780488,77.33414634,78.08536585,77.8902439,78.63658537,78.69268293,78.84634146,79.14634146,79.54878049,79.85121951,80.04878049,80.15121951,80.35121951,80.70243902,80.90487805,81.15609756,81.40731707,81.40487805,81.45682927,81.61243902,81.65853659,81.85853659,81.70731707,82.05609756,82.25609756,82.20731707
"Life expectancy at birth, total (years)",SP.DYN.LE00.IN,Nicaragua,NIC,63.096,63.931,64.266,64.685,65.181,65.608,66.052,66.515,65.209,67.12,67.234,67.215,67.18,67.217,67.423,67.936,68.725,69.559,70.586,71.433,72.009,72.416,72.615,72.704,72.812,72.983,73.256,73.554,73.85,74.054,71.795,73.837
"Life expectancy at birth, total (years)",SP.DYN.LE00.IN,Niger,NER,41.852,42.218,42.947,43.817,44.714,45.774,46.676,47.505,48.191,48.738,49.322,49.841,50.562,51.434,52.589,53.59,54.596,55.553,56.508,57.396,58.367,58.994,59.65,60.239,60.786,61.083,61.629,62.16,62.454,62.897,61.451,61.576
"Life expectancy at birth, total (years)",SP.DYN.LE00.IN,Nigeria,NGA,46.037,45.691,45.668,45.788,45.513,45.487,45.567,45.792,46.036,46.614,47.193,47.619,47.928,48.441,48.767,49.297,49.73,50.033,50.225,50.712,50.945,51.357,51.497,51.707,51.791,51.841,52.043,52.305,52.554,52.91,52.887,52.676
"Life expectancy at birth, total (years)",SP.DYN.LE00.IN,North Macedonia,MKD,71.23380488,71.84443902,71.24407317,71.92529268,71.69268293,71.84878049,72.49512195,72.44634146,72.29756098,72.7902439,72.94634146,73.43658537,73.03902439,73.24146341,73.59756098,73.69756098,73.89512195,73.8,74.4,74.44634146,74.99756098,75.1,74.90243902,75.4,75.45121951,75.40243902,75.4,75.95365854,76.64878049,76.60243902,74.39512195,74.53682927
"Life expectancy at birth, total (years)",SP.DYN.LE00.IN,Northern Mariana Islands,MNP,..,..,..,..,..,..,..,..,..,..,..,..,..,..,..,..,..,..,..,..,..,..,..,..,..,..,..,..,..,..,..,..
"Life expectancy at birth, total (years)",SP.DYN.LE00.IN,Norway,NOR,76.53731707,76.98073171,77.18439024,77.15170732,77.6897561,77.73658537,78.1504878,78.14268293,78.32926829,78.28292683,78.63414634,78.78536585,78.98780488,79.3902439,79.84146341,80.04146341,80.34390244,80.39512195,80.59268293,80.79512195,80.99756098,81.29512195,81.45121951,81.75121951,82.1,82.30487805,82.40731707,82.6097561,82.75853659,82.95853659,83.2097561,83.16341463
"Life expectancy at birth, total (years)",SP.DYN.LE00.IN,Oman,OMN,69.782,70.189,70.656,71.165,71.385,71.99,72.191,72.415,72.97,73.184,73.466,73.808,73.869,74.14,74.329,74.396,74.48,74.461,74.612,74.681,76.269,76.608,77.061,77.246,77.446,77.687,77.916,77.924,77.966,78.002,74.757,72.541
"Life expectancy at birth, total (years)",SP.DYN.LE00.IN,Pakistan,PAK,60.066,60.259,60.116,59.934,60.116,59.878,60.398,60.603,61.09,61.679,62.102,62.421,62.626,62.843,63.052,62.466,63.731,63.852,64.036,64.14,64.436,64.648,64.782,65.15,65.284,65.697,65.88,66.297,66.482,66.756,66.269,66.098
"Life expectancy at birth, total (years)",SP.DYN.LE00.IN,Palau,PLW,69.06926829,..,..,..,..,71.84463415,..,..,..,..,70.49365854,..,..,..,..,69.12926829,..,..,..,..,..,..,..,..,..,..,..,..,..,..,..,..
"Life expectancy at birth, total (years)",SP.DYN.LE00.IN,Panama,PAN,71.097,71.207,71.462,71.8,72.096,72.385,72.675,72.97,73.279,73.622,74.001,74.414,74.824,75.218,75.544,75.829,76.012,76.154,76.225,76.343,76.448,76.627,76.819,77.038,77.248,77.468,77.653,77.795,77.863,77.81,76.657,76.223
"Life expectancy at birth, total (years)",SP.DYN.LE00.IN,Papua New Guinea,PNG,59.721,59.908,60.218,60.506,60.756,61.049,61.105,61.377,60.629,61.672,61.72,61.773,61.698,61.797,61.761,61.801,61.917,62.034,62.571,62.788,63.039,63.526,63.733,63.961,64.259,64.701,64.84,65.103,65.182,65.474,65.787,65.351
"Life expectancy at birth, total (years)",SP.DYN.LE00.IN,Paraguay,PRY,67.944,68.173,68.395,68.633,68.824,69.009,69.202,69.325,69.478,69.634,69.75,69.9,70.025,70.297,70.481,70.527,70.781,71.106,71.384,71.635,71.887,72.131,72.454,72.757,72.878,73.191,73.534,73.644,73.568,73.621,73.182,70.262
"Life expectancy at birth, total (years)",SP.DYN.LE00.IN,Peru,PER,65.106,65.434,66.149,66.681,67.227,67.644,68.147,68.605,69.082,69.743,70.424,71.041,71.661,72.217,72.668,72.986,73.172,73.223,73.377,73.466,73.711,74.133,74.544,74.967,75.333,75.621,75.789,75.879,76.009,76.156,73.665,72.377
"Life expectancy at birth, total (years)",SP.DYN.LE00.IN,Philippines,PHL,65.909,66.304,67.088,67.542,67.942,68.223,68.614,68.884,69.1,69.298,69.413,69.614,69.781,69.924,70.037,70.24,70.282,70.483,70.564,70.633,70.754,70.788,70.881,70.835,71.151,71.268,71.387,71.516,71.689,71.865,72.119,69.266
"Life expectancy at birth, total (years)",SP.DYN.LE00.IN,Poland,POL,70.8902439,70.58780488,71.0902439,71.59512195,71.69512195,71.89268293,72.24634146,72.64634146,72.99756098,73.04390244,73.74878049,74.2,74.49756098,74.59756098,74.84634146,74.99512195,75.14390244,75.24390244,75.54390244,75.69512195,76.24634146,76.69512195,76.74634146,77,77.60243902,77.45121951,77.85121951,77.75365854,77.60243902,77.90487805,76.5,75.60243902
"Life expectancy at birth, total (years)",SP.DYN.LE00.IN,Portugal,PRT,73.96585366,74.01463415,74.31219512,74.51219512,74.91463415,75.31219512,75.26097561,75.41219512,75.71219512,75.96341463,76.31463415,76.81463415,77.06585366,77.2195122,77.67073171,78.07073171,78.4195122,78.32195122,78.52439024,78.72682927,79.02682927,80.47073171,80.37317073,80.72195122,81.12195122,81.12439024,81.12439024,81.42439024,81.32439024,81.67560976,80.97560976,81.07317073
"Life expectancy at birth, total (years)",SP.DYN.LE00.IN,Puerto Rico,PRI,73.89,73.913,73.939,74.029,74.083,74.364,74.585,74.92,75.194,75.536,75.977,76.456,76.728,76.874,77.143,77.237,77.415,77.621,77.841,77.877,78.01,78.316,78.461,78.777,78.929,79.695,80.27,79.258,79.77,79.063,78.041,80.162
"Life expectancy at birth, total (years)",SP.DYN.LE00.IN,Qatar,QAT,73.982,73.966,74.122,74.243,74.348,74.25,74.685,74.787,74.809,74.8,74.828,75.263,75.412,75.565,75.961,76.064,76.57,77.016,77.427,77.878,78.425,78.891,79.227,79.536,79.768,80.064,80.433,80.717,80.898,80.99,79.099,79.272
"Life expectancy at birth, total (years)",SP.DYN.LE00.IN,Romania,ROU,69.74121951,69.78439024,69.78439024,69.56341463,69.5097561,69.45609756,69.10487805,69.00487805,69.80731707,70.51219512,71.16341463,71.16097561,71.0097561,71.3097561,71.56097561,71.91219512,72.16341463,72.56585366,72.56585366,73.3097561,73.45853659,74.4097561,74.41219512,75.06341463,74.9097561,74.91219512,75.2097561,75.3097561,75.35853659,75.60731707,74.25365854,72.96097561
"Life expectancy at birth, total (years)",SP.DYN.LE00.IN,Russian Federation,RUS,68.88609756,68.47439024,66.87317073,64.93585366,64.46707317,64.69073171,65.85414634,66.69878049,67.0297561,65.98219512,65.48365854,65.38341463,65.12878049,65.02756098,65.47097561,65.5297561,66.72756098,67.58682927,67.94926829,68.68463415,68.84121951,69.68390244,70.07219512,70.57878049,70.74365854,71.18341463,71.65121951,72.45146341,72.66219512,73.08390244,71.33878049,69.36121951
"Life expectancy at birth, total (years)",SP.DYN.LE00.IN,Rwanda,RWA,48.431,46.519,44.319,42.166,14.098,39.969,40.698,40.64,41.681,44.616,47.129,49.021,51.032,53.368,55.491,57.316,58.714,59.965,61.134,61.958,62.54,63.261,64.009,64.426,64.94,65.298,65.737,65.941,66.251,66.437,66.774,66.072
"Life expectancy at birth, total (years)",SP.DYN.LE00.IN,Samoa,WSM,67.658,67.881,68.385,68.701,68.98,69.298,69.588,69.875,70.171,70.456,70.746,71.019,71.276,71.496,71.696,71.754,72.021,72.1,72.155,70.066,72.249,72.26,72.167,72.391,72.463,72.515,72.54,72.59,72.636,72.157,72.768,72.767
"Life expectancy at birth, total (years)",SP.DYN.LE00.IN,San Marino,SMR,..,..,..,..,..,..,..,..,..,..,..,..,..,..,..,..,..,..,..,..,..,..,..,..,..,..,..,..,..,..,..,..
"Life expectancy at birth, total (years)",SP.DYN.LE00.IN,Sao Tome and Principe,STP,61.471,61.429,61.284,61.138,61.069,61.056,61.097,61.181,61.187,61.393,61.655,62.032,62.6,63.166,63.731,63.709,64.398,64.724,65.079,65.116,65.249,64.902,65.746,66.328,66.845,67.249,67.492,68.267,68.355,68.523,67.785,67.591
"Life expectancy at birth, total (years)",SP.DYN.LE00.IN,Saudi Arabia,SAU,68.948,69.366,69.925,70.303,70.705,71.011,71.273,71.483,71.879,72.136,72.467,72.974,73.337,73.628,74.153,74.588,74.81,75.046,75.274,75.431,75.763,76.234,76.461,76.626,76.757,76.918,77.064,77.16,77.212,77.304,76.239,76.936
"Life expectancy at birth, total (years)",SP.DYN.LE00.IN,Senegal,SEN,56.948,57.139,57.112,56.996,56.955,56.839,56.672,56.591,56.418,56.609,56.943,57.564,58.231,59.122,60.027,60.915,61.75,62.543,63.242,63.923,64.615,65.262,65.457,66.072,66.452,66.879,67.497,67.75,68.097,68.526,68.006,67.093
"Life expectancy at birth, total (years)",SP.DYN.LE00.IN,Serbia,SRB,70.22921951,70.61770732,70.80092683,70.96556098,71.25065854,71.6894878,71.4852439,71.58436585,71.18729268,69.71543902,71.58292683,72.23414634,72.28536585,72.43658537,72.68292683,72.83414634,73.38536585,73.63170732,73.88536585,73.98536585,74.33658537,74.53658537,74.83658537,75.18536585,75.33658537,75.28780488,75.68780488,75.53902439,75.8902439,75.93658537,74.47804878,72.73073171
"Life expectancy at birth, total (years)",SP.DYN.LE00.IN,Seychelles,SYC,68.10731707,70.71219512,71.21463415,69.46829268,70.72926829,72.48292683,71.56097561,71.21219512,71.74634146,72.66829268,72.77804878,73.25365854,71.08780488,71.02926829,72.66097561,72.13170732,72.21707317,73.14390244,73.16341463,73.08292683,73.19756098,72.72439024,74.27560976,73.1195122,73.22926829,74.29512195,74.3097561,74.3,72.84146341,74.04634146,77.23658537,73.39756098
"Life expectancy at birth, total (years)",SP.DYN.LE00.IN,Sierra Leone,SLE,44.057,43.506,43.621,43.594,42.925,42.716,43.68,43.715,42.789,42.071,45.05,45.661,46.359,46.963,47.577,48.237,49.323,50.365,51.526,52.626,53.693,54.62,55.451,56.313,56.393,57.189,58.404,58.652,59.796,60.255,59.763,60.062
"Life expectancy at birth, total (years)",SP.DYN.LE00.IN,Singapore,SGP,75.29512195,75.64634146,75.94634146,76.04634146,76.19756098,76.29512195,76.59512195,76.89756098,77.3,77.55121951,77.95121951,78.25121951,78.55121951,79.03902439,79.4902439,79.9902439,80.14146341,80.44146341,80.7902439,81.24146341,81.54146341,81.74390244,81.99512195,82.24634146,82.49512195,82.74390244,82.84634146,83.09512195,83.29756098,83.59512195,84.46585366,83.44146341
"Life expectancy at birth, total (years)",SP.DYN.LE00.IN,Sint Maarten (Dutch part),SXM,72.324,71.954,72.509,72.293,72.338,72.406,72.858,73.76,73.48,75.034,74.514,74.522,74.858,74.148,74.24,75.542,75.926,75.417,75.742,75.441,75.132,74.684,74.608,74.917,76.773,76.954,76.598,75.03,75.131,75.437,74.584,73.972
"Life expectancy at birth, total (years)",SP.DYN.LE00.IN,Slovak Republic,SVK,70.93268293,70.88292683,71.79512195,72.44878049,72.3,72.25365854,72.65365854,72.70487805,72.55121951,72.90243902,73.05121951,73.40243902,73.60487805,73.60487805,73.95853659,73.90487805,74.20487805,74.20731707,74.70487805,74.9097561,75.11219512,75.95853659,76.1097561,76.41219512,76.81219512,76.56341463,77.16585366,77.16585366,77.26585366,77.66585366,76.86585366,74.71463415
"Life expectancy at birth, total (years)",SP.DYN.LE00.IN,Slovenia,SVN,73.20487805,73.35365854,73.30487805,73.25365854,73.40487805,73.95853659,74.45853659,74.70731707,74.80731707,75.0097561,75.41219512,75.75853659,76.00731707,76.85853659,77.20731707,77.61219512,78.08658537,78.56097561,78.76585366,78.97073171,79.42195122,79.97073171,80.12439024,80.32195122,81.07804878,80.77560976,81.17560976,81.02926829,81.37804878,81.52926829,80.53170732,80.87560976
"Life expectancy at birth, total (years)",SP.DYN.LE00.IN,Solomon Islands,SLB,65.392,65.579,65.767,65.958,66.188,66.381,66.59,66.742,66.92,67.069,67.225,67.364,67.515,67.644,67.801,67.936,68.09,67.986,68.404,68.466,68.732,68.908,69.084,69.188,69.234,69.583,69.801,69.988,70.173,70.382,70.199,70.348
"Life expectancy at birth, total (years)",SP.DYN.LE00.IN,Somalia,SOM,47.105,26.565,27.312,50.648,50.327,50.6,50.447,50.195,50.66,50.525,50.66,50.74,50.731,50.614,50.538,50.661,50.597,50.515,51.12,51.853,50.563,51.304,53.161,53.843,54.277,54.857,55.044,55.654,56.375,57.078,55.967,55.28
"Life expectancy at birth, total (years)",SP.DYN.LE00.IN,South Africa,ZAF,63.375,63.265,63.341,63.045,62.612,62.262,61.459,60.805,60.001,59.241,58.47,57.261,55.666,54.331,54.043,53.98,54.278,54.992,56.022,57.447,58.899,60.651,61.846,62.533,63.38,63.95,64.747,65.402,65.674,66.175,65.252,62.341
"Life expectancy at birth, total (years)",SP.DYN.LE00.IN,South Sudan,SSD,29.935,30.148,22.724,22.704,44.384,30.948,31.297,32.242,18.385,43.223,46.028,46.881,47.492,50.253,50.917,51.545,52.016,52.856,53.538,53.891,54.812,54.94,55.865,55.751,54.973,55.566,55.544,55.309,55.95,55.912,55.48,54.975
"Life expectancy at birth, total (years)",SP.DYN.LE00.IN,Spain,ESP,76.83756098,76.97121951,77.41,77.54658537,77.90146341,77.98073171,78.1204878,78.60414634,78.66585366,78.71707317,78.96585366,79.36829268,79.56829268,79.6195122,79.87073171,80.17073171,80.82195122,80.87317073,81.17560976,81.47560976,81.62682927,82.47560976,82.42682927,83.07804878,83.22926829,82.83170732,83.32926829,83.28292683,83.43170732,83.83170732,82.33170732,83.17804878
"Life expectancy at birth, total (years)",SP.DYN.LE00.IN,Sri Lanka,LKA,71.927,71.751,72.53,73.052,72.882,72.26,72.261,72.136,72.081,72.618,70.355,70.787,71.117,71.373,67.091,72.118,71.969,72.049,71.729,69.187,73.215,73.38,73.906,74.239,74.651,74.927,75.331,75.403,75.748,76.008,76.393,76.399
"Life expectancy at birth, total (years)",SP.DYN.LE00.IN,St. Kitts and Nevis,KNA,65.188,66.15,66.972,67.58,67.294,67.152,67.313,67.853,67.69,68.709,69.781,70.2,70.452,70.768,71.303,71.362,71.288,71.367,71.374,71.393,71.27,71.538,71.669,71.457,70.966,70.763,71.74,71.84,71.467,71.572,71.627,71.682
"Life expectancy at birth, total (years)",SP.DYN.LE00.IN,St. Lucia,LCA,70.326,70.602,70.799,71.114,70.992,71.002,70.904,70.775,70.69,70.709,70.768,71.135,71.472,71.771,72.028,72.245,72.465,72.599,72.698,72.722,72.72,72.944,72.882,72.735,72.864,73.138,73.112,73.127,73.357,73.445,73.416,71.111
"Life expectancy at birth, total (years)",SP.DYN.LE00.IN,St. Martin (French part),MAF,74.463,75.917,75.327,75.483,75.654,75.821,75.98,76.154,76.326,76.502,76.663,76.847,77.031,77.206,77.384,77.555,77.726,77.892,78.068,78.236,78.406,78.827,79.022,78.908,79.966,79.309,79.475,78.59,80.614,79.983,80.149,80.379
"Life expectancy at birth, total (years)",SP.DYN.LE00.IN,St. Vincent and the Grenadines,VCT,72.38,72.937,72.624,72.458,71.922,72.097,71.266,70.922,71.097,71.3,71.377,71.938,72.168,72.352,73.035,73.516,74.017,74.703,75.053,75.083,74.718,74.596,74.146,73.798,74.473,74.407,74.28,74.305,74.128,72.835,72.126,69.629
"Life expectancy at birth, total (years)",SP.DYN.LE00.IN,Sudan,SDN,49.732,50.213,45.891,46.575,56.644,51.991,52.276,52.833,48.81,57.015,58.319,58.562,58.976,58.2,56.773,57.279,60.281,61.256,61.206,62.644,63.016,63.246,63.792,63.678,64.269,64.659,64.78,65.445,65.681,65.876,65.614,65.267
"Life expectancy at birth, total (years)",SP.DYN.LE00.IN,Suriname,SUR,64.23,64.453,64.65,64.98,65.272,65.337,65.668,65.697,65.594,65.443,65.508,65.482,65.531,65.596,66.416,67.002,67.571,68.204,68.816,69.505,69.894,69.914,69.764,69.682,69.782,70.8,71.592,72.417,72.553,72.242,72.561,70.274
"Life expectancy at birth, total (years)",SP.DYN.LE00.IN,Sweden,SWE,77.53682927,77.66682927,77.99878049,78.0604878,78.6502439,78.7404878,78.95902439,79.19756098,79.33902439,79.44146341,79.64390244,79.79512195,79.84634146,80.09512195,80.49756098,80.54634146,80.74878049,80.9,81.1,81.35121951,81.45121951,81.80243902,81.70487805,81.95609756,82.25365854,82.20487805,82.30731707,82.4097561,82.55853659,83.1097561,82.35609756,83.15609756
"Life expectancy at birth, total (years)",SP.DYN.LE00.IN,Switzerland,CHE,77.24243902,77.51463415,77.80609756,78.08536585,78.35,78.41707317,78.89609756,79.0795122,79.32439024,79.5804878,79.6804878,80.1804878,80.38536585,80.53658537,81.08780488,81.23658537,81.4902439,81.74146341,81.99268293,82.04390244,82.24634146,82.69512195,82.69756098,82.79756098,83.19756098,82.89756098,83.60243902,83.55121951,83.75365854,83.90487805,83,83.85121951
"Life expectancy at birth, total (years)",SP.DYN.LE00.IN,Syrian Arab Republic,SYR,69.817,70.036,70.263,70.193,70.141,70.416,70.347,70.283,70.196,70.425,70.764,71.644,71.939,72.414,72.475,72.769,73.35,73.709,73.551,73.853,73.881,73.305,66.769,63.827,63.153,65.124,65.993,68.481,70.145,71.822,72.14,72.063
"Life expectancy at birth, total (years)",SP.DYN.LE00.IN,Tajikistan,TJK,61.879,61.379,55.074,52.867,57.48,59.338,59.129,60.348,61.519,62.621,63.26,64.057,64.846,65.552,66.028,66.514,67.013,67.217,67.688,68.039,67.742,68.148,68.484,68.885,69.069,69.306,69.549,69.905,70.353,70.867,67.994,71.594
"Life expectancy at birth, total (years)",SP.DYN.LE00.IN,Tanzania,TZA,51.485,51.306,50.989,50.87,50.797,50.786,50.744,50.624,50.914,51.748,52.362,53.161,53.863,54.895,55.596,56.299,56.911,57.52,58.086,58.894,60.105,61.049,62.03,62.96,63.873,64.651,65.386,65.999,66.535,66.989,66.408,66.201
"Life expectancy at birth, total (years)",SP.DYN.LE00.IN,Thailand,THA,70.445,70.717,70.885,71.068,71.227,70.948,71.653,72.501,72.862,72.542,72.316,72.613,72.93,73.155,73.08,73.82,74.938,75.187,75.492,75.842,76.131,76.421,76.772,77.083,77.415,77.717,78.049,78.394,78.662,78.975,79.274,78.715
"Life expectancy at birth, total (years)",SP.DYN.LE00.IN,Timor-Leste,TLS,44.953,44.985,46.276,47.254,48.252,48.024,48.816,49.517,49.123,45.701,58.568,59.362,60.148,60.871,61.628,62.328,63.073,63.723,64.329,64.854,65.304,65.697,66.081,66.44,66.787,67.137,67.446,67.745,68.017,68.268,68.475,67.737
"Life expectancy at birth, total (years)",SP.DYN.LE00.IN,Togo,TGO,54.37,54.268,54.299,54.195,54.037,54.037,54.098,54.192,54.199,54.538,54.742,54.86,55.311,55.639,55.569,55.962,56.222,56.511,56.695,57.011,57.304,57.925,58.073,58.684,58.853,59.396,59.55,60.154,60.244,60.901,61.035,61.619
"Life expectancy at birth, total (years)",SP.DYN.LE00.IN,Tonga,TON,67.294,67.518,67.686,67.855,68.014,68.17,68.323,68.49,68.642,68.809,68.978,69.127,69.335,69.495,69.67,69.768,69.894,70.048,70.164,70.012,70.323,70.381,70.442,70.505,70.54,70.607,70.661,70.713,70.779,70.871,70.928,70.986
"Life expectancy at birth, total (years)",SP.DYN.LE00.IN,Trinidad and Tobago,TTO,68.272,68.859,68.391,68.811,68.511,69.17,69.009,68.719,69.16,68.377,69.102,69.646,70.488,69.729,71.076,71.308,71.256,71.652,71.47,73.126,72.725,73.278,73.716,73.962,74.215,74.503,74.281,74.23,73.802,74.228,74.406,72.971
"Life expectancy at birth, total (years)",SP.DYN.LE00.IN,Tunisia,TUN,70.11,70.521,70.701,71.235,71.615,71.988,72.38,72.863,73.169,73.508,73.69,73.816,74.059,74.305,74.49,74.764,74.921,75.072,75.185,75.267,75.421,75.46,75.55,75.65,75.65,75.692,75.786,75.845,75.95,75.993,75.292,73.772
"Life expectancy at birth, total (years)",SP.DYN.LE00.IN,Turkiye,TUR,67.709,68.169,68.486,68.911,69.295,69.609,70.141,70.57,71.039,70.695,71.861,72.231,72.579,72.89,73.24,73.534,73.845,74.193,74.45,74.765,75.069,74.941,75.678,76.297,76.565,76.646,76.66,77.141,77.563,77.832,75.85,76.032
"Life expectancy at birth, total (years)",SP.DYN.LE00.IN,Turkmenistan,TKM,63.939,64.035,63.875,63.804,63.756,63.684,63.596,63.646,64.106,64.518,65.026,65.156,65.385,65.746,66.075,66.068,66.499,66.895,67.407,67.958,68.293,68.567,68.722,68.74,68.614,68.782,68.777,68.916,68.796,69.002,68.687,69.264
"Life expectancy at birth, total (years)",SP.DYN.LE00.IN,Turks and Caicos Islands,TCA,69.001,68.888,69.64,69.625,68.447,68.308,71.287,72.365,73.964,74.01,73.575,74.131,75.54,75.411,76.786,77.148,76.831,75.914,76.632,77.164,76.243,76.195,77.037,77.018,77.135,76.912,76.864,76.702,76.443,75.326,75.001,74.587
"Life expectancy at birth, total (years)",SP.DYN.LE00.IN,Tuvalu,TUV,61.661,61.909,60.491,62.654,62.924,63.098,63.21,63.356,63.418,63.427,63.499,63.543,63.58,63.631,63.693,63.836,63.928,63.931,63.948,63.949,63.978,63.974,63.964,64.008,64.025,64.06,64.108,64.148,64.212,64.278,64.382,64.547
"Life expectancy at birth, total (years)",SP.DYN.LE00.IN,Uganda,UGA,46.443,46.316,46.368,46.237,46.353,46.567,46.67,46.977,47.175,47.786,48.342,49.006,49.648,50.368,51.547,52.976,54.369,55.236,55.823,56.488,57.055,57.965,58.817,59.763,60.408,61.086,61.648,62.115,62.714,62.991,62.851,62.705
"Life expectancy at birth, total (years)",SP.DYN.LE00.IN,Ukraine,UKR,70.09756098,69.29804878,68.77097561,68.13073171,67.54121951,66.74195122,67.02243902,67.57634146,68.37487805,67.98097561,67.67560976,67.83707317,68.27560976,68.21073171,68.18536585,67.95682927,68.07756098,68.22219512,68.25146341,69.19,70.26536585,70.80926829,70.94414634,71.1595122,71.18658537,71.1895122,71.47634146,71.78097561,71.58268293,71.82731707,71.18512195,69.64780488
"Life expectancy at birth, total (years)",SP.DYN.LE00.IN,United Arab Emirates,ARE,71.9,72.241,72.306,72.521,72.598,72.695,72.767,72.937,73.066,73.67,74.38,74.636,74.901,76.222,76.453,76.683,76.909,77.129,77.488,78.003,78.334,78.517,78.716,78.853,79.044,79.223,79.335,79.504,79.627,79.726,78.946,78.71
"Life expectancy at birth, total (years)",SP.DYN.LE00.IN,United Kingdom,GBR,75.8804878,76.08292683,76.43414634,76.38536585,76.88536585,76.83658537,77.08780488,77.21097561,77.1902439,77.3902439,77.74146341,77.99268293,78.14390244,78.44634146,78.74634146,79.04878049,79.24878049,79.44878049,79.6,80.05121951,80.40243902,80.95121951,80.90487805,81.00487805,81.30487805,80.95609756,81.15609756,81.25609756,81.25609756,81.40487805,80.35121951,80.7
"Life expectancy at birth, total (years)",SP.DYN.LE00.IN,United States,USA,75.21463415,75.36585366,75.61707317,75.4195122,75.6195122,75.62195122,76.02682927,76.42926829,76.5804878,76.58292683,76.63658537,76.83658537,76.93658537,77.03658537,77.48780488,77.48780488,77.68780488,77.98780488,78.03902439,78.3902439,78.54146341,78.64146341,78.74146341,78.74146341,78.84146341,78.6902439,78.53902439,78.53902439,78.63902439,78.78780488,76.9804878,76.32926829
"Life expectancy at birth, total (years)",SP.DYN.LE00.IN,Uruguay,URY,73.162,73.305,73.441,73.579,73.728,73.896,74.088,74.298,74.527,74.769,75.025,75.285,75.54,75.785,76.007,76.194,76.362,76.498,76.623,76.738,76.858,76.983,77.111,77.24,77.366,77.483,77.571,77.625,77.611,77.508,78.43,75.436
"Life expectancy at birth, total (years)",SP.DYN.LE00.IN,Uzbekistan,UZB,65.346,65.131,65.109,64.829,64.685,64.646,64.712,64.764,65.035,65.383,65.724,66.087,66.604,67.04,67.401,67.49,67.891,68.292,68.765,68.871,69.235,69.649,69.874,69.99,70.234,70.475,70.755,71.01,71.149,71.344,70.331,70.862
"Life expectancy at birth, total (years)",SP.DYN.LE00.IN,Vanuatu,VUT,66.675,67.203,67.353,67.528,67.739,67.885,68.63,68.708,68.763,68.237,68.966,69.037,69.196,69.276,69.313,69.39,69.462,69.544,69.602,69.653,69.617,69.551,69.497,69.534,69.465,69.513,69.65,69.71,69.795,69.877,70.299,70.449
"Life expectancy at birth, total (years)",SP.DYN.LE00.IN,"Venezuela, RB",VEN,71.532,71.832,71.806,71.925,71.853,72.143,72.111,72.703,72.668,72.254,72.478,71.201,72.662,71.94,72.514,72.782,72.742,73.058,72.436,72.579,72.89,72.913,73.036,73.196,72.853,73.006,72.058,71.943,71.979,72.161,71.095,70.554
"Life expectancy at birth, total (years)",SP.DYN.LE00.IN,Viet Nam,VNM,69.213,69.849,69.958,70.621,70.759,71.384,71.51,71.802,72.107,72.317,72.462,72.647,72.801,72.98,73.135,73.271,73.319,73.436,73.411,73.498,73.513,73.692,73.704,73.775,73.855,73.876,73.938,73.963,73.976,74.093,75.378,73.618
"Life expectancy at birth, total (years)",SP.DYN.LE00.IN,Virgin Islands (U.S.),VIR,71.25046341,71.45178049,71.6522439,71.81770732,71.99512195,72.00997561,72.38731707,72.20329268,72.32582927,72.19685366,76.6195122,77.62195122,77.52195122,77.52195122,77.77317073,77.42195122,78.32439024,76.86341463,77.16341463,77.51463415,77.86585366,78.31707317,78.51707317,78.71707317,78.86829268,79.01707317,79.16829268,79.36829268,79.5195122,79.66829268,79.8195122,80.06829268
"Life expectancy at birth, total (years)",SP.DYN.LE00.IN,West Bank and Gaza,PSE,67.934,68.306,68.592,68.853,69.413,69.662,70.055,70.396,70.632,70.855,70.388,69.887,70.969,71.053,71.182,72.067,71.915,72.153,72.413,72.608,73.004,73.243,73.466,74.029,72.622,74.406,74.554,74.833,74.793,75.241,74.403,73.473
"Life expectancy at birth, total (years)",SP.DYN.LE00.IN,"Yemen, Rep.",YEM,58.699,59.049,59.428,59.859,59.714,60.453,60.568,61.119,61.375,61.975,62.588,63.222,63.906,64.541,65.006,65.543,65.988,66.565,66.963,67.196,67.28,67.419,67.343,67.545,67.384,65.873,66.064,65.957,64.575,65.092,64.65,63.753
"Life expectancy at birth, total (years)",SP.DYN.LE00.IN,Zambia,ZMB,47.926,47.097,46.512,46.209,45.854,45.553,45.233,44.945,44.701,44.659,45.231,46.019,46.979,48.284,49.487,50.659,51.795,52.739,53.945,55.3,56.799,57.771,58.867,59.878,60.699,61.208,61.794,62.12,62.342,62.793,62.38,61.223
"Life expectancy at birth, total (years)",SP.DYN.LE00.IN,Zimbabwe,ZWE,59.426,58.091,56.435,54.426,52.588,50.531,48.955,47.993,46.819,45.206,44.686,41.957,44.565,43.393,44.502,44.768,45.364,45.61,46.723,48.063,50.652,53.347,55.626,57.458,58.846,59.591,60.306,60.709,61.414,61.292,61.124,59.253
"Life expectancy at birth, total (years)",SP.DYN.LE00.IN,Africa Eastern and Southern,AFE,50.60772753,50.39045961,49.96211365,50.27362797,50.88258182,51.00192529,50.81068897,50.97423136,50.32591274,51.23785191,51.96448132,52.18964821,52.540794,53.02203459,53.54545711,54.21965081,55.15054611,55.93380171,56.6804189,57.62085154,58.41114975,59.29327139,60.05078025,60.70986956,61.33791748,61.85645814,62.4440502,62.92238962,63.36586261,63.75567792,63.31386033,62.45458965
"Life expectancy at birth, total (years)",SP.DYN.LE00.IN,Africa Western and Central,AFW,48.65000339,48.66246101,48.73726634,48.83203884,48.68189229,48.78377285,48.90627733,49.07918377,49.33294924,49.75011677,50.22195388,50.56514413,50.92784833,51.40335648,51.81913179,52.34455123,52.83212568,53.25171157,53.64116468,54.15942084,54.55016917,55.01313789,55.34056099,55.67340551,55.92222899,56.19587235,56.58167849,56.88844583,57.18913927,57.55579555,57.22637273,56.98865678
"Life expectancy at birth, total (years)",SP.DYN.LE00.IN,Arab World,ARB,62.92796703,63.17961436,63.47441021,64.45832147,65.49672687,65.34978333,65.71840452,65.9944194,65.80770679,66.87672732,67.29733126,67.6316806,67.93557016,67.85900283,67.89591204,68.16268218,68.56724961,68.92868037,69.28642729,69.8126377,70.04125357,70.26151981,70.1804606,70.19651371,70.49262887,70.75822223,70.94306228,71.429596,71.63301665,71.84462603,70.92335959,70.81448302
"Life expectancy at birth, total (years)",SP.DYN.LE00.IN,Caribbean small states,CSS,69.43140493,69.54915798,69.55250094,69.64025009,69.56961514,69.60926987,69.57564278,69.42721022,69.49732902,69.39128012,69.60933316,69.70136283,69.97006694,69.7958452,70.22531816,70.48233589,70.70069035,71.02797164,71.17746943,71.8319071,72.01868933,72.35846114,72.64070319,72.72090848,72.68087691,72.61026362,72.5605217,72.60089458,72.58368687,72.52340995,72.57920388,70.99625867
"Life expectancy at birth, total (years)",SP.DYN.LE00.IN,Central Europe and the Baltics,CEB,70.65633134,70.5752213,70.73283713,70.84598662,70.86954394,71.02542143,71.33605802,71.51725807,71.89823768,72.18456107,72.71972472,73.09614819,73.24241549,73.38225278,73.73043493,73.84499514,74.09260273,74.25064872,74.57595268,74.93036393,75.29396578,75.88847488,75.9934886,76.35516299,76.67562361,76.57187776,76.96981142,76.94744264,76.97682268,77.26684467,76.08771684,74.93207697
"Life expectancy at birth, total (years)",SP.DYN.LE00.IN,Early-demographic dividend,EAR,60.82754677,61.13543152,61.62055641,61.90135379,62.15712256,62.56732058,62.8767561,63.28436259,63.71009382,64.143613,64.49925708,64.81635499,65.22265491,65.51968729,65.74290199,66.19150348,66.59202958,66.88471173,67.07969005,67.52799848,67.86597309,68.29176977,68.67255327,69.0653204,69.48499151,69.87120792,70.21638781,70.53844903,70.79482503,71.01473888,70.02869341,68.46604059
"Life expectancy at birth, total (years)",SP.DYN.LE00.IN,East Asia & Pacific,EAS,68.27020976,68.49228649,68.95878499,69.40114139,69.66914456,69.92266447,70.20833162,70.58374002,70.97042538,71.16581941,71.55256983,72.11295093,72.45015963,72.8645142,72.96325614,73.43939969,73.79188734,74.03488397,74.00482415,74.53250904,74.73436579,74.97135414,75.22981361,75.47911626,75.73130511,75.94881673,76.13792375,76.21239202,76.59416381,76.79776086,76.76192316,76.39389847
"Life expectancy at birth, total (years)",SP.DYN.LE00.IN,East Asia & Pacific (excluding high income),EAP,67.13658796,67.35842711,67.87997579,68.35127149,68.6172007,68.91516504,69.17060539,69.56051514,69.98020898,70.19359489,70.5648357,71.15329235,71.50019236,71.94853627,72.02660886,72.55536015,72.90653349,73.14946089,73.09787096,73.64961214,73.8761729,74.14703458,74.3957727,74.64474646,74.90326857,75.12303517,75.32186322,75.38591132,75.80143372,76.0020203,75.93602464,75.5432913
"Life expectancy at birth, total (years)",SP.DYN.LE00.IN,East Asia & Pacific (IDA & IBRD countries),TEA,67.09610513,67.31951383,67.84115837,68.30478723,68.58938757,69.02111829,69.27885753,69.67333846,70.09906996,70.31630115,70.69246222,71.28838265,71.63867677,71.97946961,72.05991746,72.59736927,72.95552389,73.20366027,73.15065659,73.69942025,73.9199887,74.18704409,74.43057925,74.67384968,74.92772481,75.15214647,75.35312048,75.41573339,75.83569328,76.03665735,75.96889033,75.57119341
"Life expectancy at birth, total (years)",SP.DYN.LE00.IN,Euro area,EMU,75.86741133,76.01674888,76.37455812,76.48009632,76.79171549,76.94826726,77.21311026,77.57660124,77.79273897,78.0166558,78.27083545,78.59368359,78.68212618,78.70535543,79.27696591,79.42461504,79.85486616,80.09953951,80.30259467,80.50566028,80.74751218,81.23402434,81.22809474,81.51362679,81.94491592,81.57128882,81.95633831,81.93453307,82.05155281,82.32775602,81.53792022,81.70916126
"Life expectancy at birth, total (years)",SP.DYN.LE00.IN,Europe & Central Asia,ECS,72.2259183,72.16925129,71.89067906,71.53249346,71.70351342,71.79531776,72.22507733,72.63043889,72.94014457,72.88993732,73.13208988,73.39259925,73.50290387,73.61345146,74.05454307,74.19462898,74.69319352,75.05136219,75.31282292,75.70170867,75.98639223,76.45847677,76.64330949,76.98637797,77.29720466,77.23224504,77.56687818,77.77987305,77.91198723,78.1865954,76.96009393,76.62505315
"Life expectancy at birth, total (years)",SP.DYN.LE00.IN,Europe & Central Asia (excluding high income),ECA,68.61726089,68.32325167,67.25293101,66.27522203,66.26303531,66.30894318,66.95778436,67.49664363,67.9117863,67.48550858,67.60337103,67.74899301,67.83887592,67.95858594,68.3074281,68.3823219,69.03628557,69.55386993,69.87920725,70.46091363,70.7664211,71.2192012,71.65110444,72.09998435,72.29843275,72.57288458,72.88195048,73.39110823,73.59555243,73.89492724,72.20984344,71.42246728
"Life expectancy at birth, total (years)",SP.DYN.LE00.IN,Europe & Central Asia (IDA & IBRD countries),TEC,68.92028328,68.64469885,67.76952059,66.97582932,66.97442024,67.03013623,67.59498218,68.0831338,68.50602421,68.18743347,68.37954217,68.55588269,68.65037849,68.77342079,69.11233185,69.20185944,69.78909541,70.25515767,70.55765249,71.1029279,71.4173723,71.8872603,72.26090563,72.69611935,72.91068352,73.12881763,73.4453042,73.87653634,74.04247872,74.33793584,72.69608188,71.86924485
"Life expectancy at birth, total (years)",SP.DYN.LE00.IN,European Union,EUU,74.69732688,74.80996076,75.12689288,75.25540134,75.52573652,75.67124376,75.92402183,76.24187547,76.51124163,76.74520019,77.07531688,77.42295017,77.5310033,77.589336,78.1144999,78.27142867,78.66801004,78.90181909,79.12529641,79.35763602,79.63003371,80.13874215,80.15765949,80.46479377,80.8719824,80.56843942,80.95129748,80.93259862,81.028729,81.31485796,80.45209305,80.38752852
"Life expectancy at birth, total (years)",SP.DYN.LE00.IN,Fragile and conflict affected situations,FCS,53.2987789,53.30495984,53.27782094,53.66902143,54.28468493,53.999518,54.07726747,54.37432488,54.16069427,54.8761595,55.50590381,55.72511051,56.14530965,56.41520394,56.66196962,57.05489961,57.54019855,58.00744246,58.01722426,59.06137223,59.30774096,59.96614208,60.16658424,60.46601389,60.70998736,61.01430907,61.291999,61.65653622,61.97135318,62.26889953,61.76175891,61.25304717
"Life expectancy at birth, total (years)",SP.DYN.LE00.IN,Heavily indebted poor countries (HIPC),HPC,49.21020592,49.2081967,49.18780184,49.79599985,50.16104123,50.66783571,50.788455,51.13652679,50.95230415,51.83524138,52.66175412,53.13109921,53.62999652,54.22966888,54.74040928,55.40832282,56.23362067,56.88988799,57.50407019,58.2403117,58.57768857,59.4752204,60.07801762,60.64456075,61.14707309,61.61254773,62.16196194,62.54976047,62.94757595,63.33805695,62.76172018,62.3027854
"Life expectancy at birth, total (years)",SP.DYN.LE00.IN,High income,HIC,75.26110551,75.44648252,75.70717934,75.77753623,76.05709047,76.11748883,76.47672912,76.80090463,76.99623664,77.13960764,77.4502089,77.75196863,77.91210784,78.02989117,78.45683556,78.57111278,78.88910426,79.11922262,79.27928068,79.57583316,79.76076263,80.03239216,80.15202374,80.343409,80.59891528,80.48403238,80.64248185,80.68228073,80.7690416,80.98429214,80.08086526,79.92392299
"Life expectancy at birth, total (years)",SP.DYN.LE00.IN,IBRD only,IBD,65.19537659,65.47476691,65.7714639,66.0232525,66.29254036,66.63165097,66.95541729,67.3286913,67.69346848,67.90110626,68.24163126,68.65460669,68.98758533,69.25647923,69.50103982,69.92344362,70.28013429,70.57164076,70.78943209,71.16737222,71.45242157,71.7953176,72.14222993,72.4922093,72.84938854,73.14969691,73.4173752,73.63991296,73.93264819,74.1291154,73.37931461,72.12419255
"Life expectancy at birth, total (years)",SP.DYN.LE00.IN,IDA & IBRD total,IBT,62.86084197,63.02016179,63.30178406,63.52983293,63.79290269,64.08025215,64.34191411,64.70787865,65.02333599,65.36580536,65.70457684,66.08489009,66.40750701,66.6886965,66.92512058,67.32173731,67.71699363,67.99578175,68.17942316,68.60328045,68.90044812,69.26963177,69.5858154,69.91100328,70.23649376,70.52347051,70.80497557,71.04229059,71.32110705,71.52509557,70.82146154,69.77952813
"Life expectancy at birth, total (years)",SP.DYN.LE00.IN,IDA blend,IDB,55.35812017,55.20907341,55.02011229,54.82672119,54.69206221,54.45350164,54.60367391,54.66374006,54.921379,55.35470808,55.78000075,56.02860576,56.38224256,56.70188415,57.02663983,57.06326927,57.8649628,58.11207242,58.40189967,58.73616899,59.07897345,59.46176502,59.65257136,59.95962382,60.12791036,60.36020678,60.56360982,60.87711838,61.07731953,61.33159605,61.00628794,60.6802512
"Life expectancy at birth, total (years)",SP.DYN.LE00.IN,IDA only,IDX,52.65054914,52.37152993,52.94507053,53.41005724,53.99568704,54.40809005,54.54027264,55.17686866,55.41005453,56.60640648,57.06333768,57.51218718,57.9471816,58.45082006,58.77087882,59.38510537,59.94084481,60.34575584,60.47532038,61.32735745,61.82728355,62.47195236,62.84851462,63.19409576,63.57751275,63.95788921,64.47164293,64.87272865,65.27719306,65.6417934,65.10590483,64.74778514
"Life expectancy at birth, total (years)",SP.DYN.LE00.IN,IDA total,IDA,53.54056065,53.30724953,53.62949395,53.87685124,54.22524451,54.42307695,54.56123254,55.00693292,55.24793617,56.19055052,56.63587027,57.01672868,57.4245659,57.86730674,58.18895204,58.6105703,59.24854779,59.60064945,59.78298106,60.46094127,60.90685034,61.46284942,61.77733369,62.11037061,62.42243493,62.75489676,63.16793489,63.54283746,63.88195354,64.21269888,63.74892609,63.4032889
"Life expectancy at birth, total (years)",SP.DYN.LE00.IN,Late-demographic dividend,LTE,68.25341755,68.40002887,68.70163387,68.93831635,69.14343688,69.40908093,69.75904797,70.18327906,70.61190492,70.763043,71.07867529,71.62407222,71.92144525,72.33391559,72.63781293,73.03142236,73.45090447,73.7432719,73.92103567,74.33246295,74.61511298,74.9490628,75.22631079,75.5210169,75.79063086,76.01296843,76.25807071,76.40033641,76.77063412,76.99290643,76.72290644,76.33996348
"Life expectancy at birth, total (years)",SP.DYN.LE00.IN,Latin America & Caribbean,LCN,67.82420171,68.17744203,68.50585022,68.83139057,69.20814177,69.51853073,69.8922949,70.25264244,70.50652956,70.91135465,71.22843627,71.48711822,71.83684202,72.02154934,72.34386515,72.71463922,72.92421268,73.06568532,73.28782721,73.49195702,73.38564296,73.87154444,74.0973427,74.34648539,74.5506477,74.61196958,74.57923288,74.7334935,74.85149878,75.03834947,73.03847417,72.14743433
"Life expectancy at birth, total (years)",SP.DYN.LE00.IN,Latin America & Caribbean (excluding high income),LAC,67.36205412,67.70318994,68.04919926,68.39789887,68.80446956,69.12886617,69.53221549,69.87431879,70.14829411,70.60410506,70.90651245,71.2545332,71.53699109,71.78018047,72.09169288,72.47285462,72.69617681,72.84627968,73.10394042,73.30868123,73.17970894,73.69430632,73.93763446,74.19106394,74.42849192,74.47226527,74.4717518,74.64282278,74.77198108,74.96199687,72.83630332,71.90735614
"Life expectancy at birth, total (years)",SP.DYN.LE00.IN,Latin America & the Caribbean (IDA & IBRD countries),TLA,67.61044255,67.97699493,68.31637781,68.65192016,69.03938678,69.35496067,69.73434146,70.09810045,70.35173833,70.76090881,71.07894918,71.33828908,71.69413262,71.88138912,72.20980904,72.58930914,72.80194423,72.94517221,73.17112544,73.37942548,73.26790988,73.76476008,73.99559559,74.2498057,74.45969343,74.52116454,74.48797044,74.65534965,74.77648839,74.97182396,72.92795485,72.07490252
"Life expectancy at birth, total (years)",SP.DYN.LE00.IN,Least developed countries: UN classification,LDC,50.70240312,50.42063477,51.07388754,51.61930806,52.2984569,52.8058547,52.95430815,53.66097624,53.96065103,55.20420857,55.79280181,56.27359893,56.74822283,57.33085316,57.81062726,58.34672026,58.9450601,59.37435522,59.51389134,60.50565461,60.96630398,61.68605925,62.2606485,62.70394668,63.12340036,63.49578313,64.01958645,64.41446717,64.81849985,65.15557375,64.63474279,64.2158675
"Life expectancy at birth, total (years)",SP.DYN.LE00.IN,Low & middle income,LMY,62.72207482,62.88448482,63.17040408,63.40433553,63.66595459,63.90899351,64.17511086,64.54118511,64.85652263,65.20285395,65.53620742,65.92539848,66.24430092,66.57282979,66.80581184,67.20417364,67.60202455,67.88270311,68.06945129,68.49781545,68.79819674,69.16727846,69.49049048,69.81829305,70.14799165,70.43916564,70.72471232,70.96648342,71.2506491,71.45467151,70.7632367,69.71850161
"Life expectancy at birth, total (years)",SP.DYN.LE00.IN,Low income,LIC,49.69634663,49.69365299,49.5935826,50.40780405,51.12688698,50.85319162,50.97989012,51.44118485,51.0085656,52.23816695,53.21481249,53.72947544,54.21380923,55.30958748,55.79377414,56.39241368,57.2477056,57.92882082,58.50345761,59.21910582,59.72513945,60.30491201,60.55789986,60.92835208,61.31160576,61.69951841,62.21424115,62.62371391,62.99520392,63.42399094,62.95453254,62.49610951
"Life expectancy at birth, total (years)",SP.DYN.LE00.IN,Lower middle income,LMC,59.19924954,59.41002057,59.79871021,60.01732825,60.26797053,60.53018057,60.82528399,61.21949229,61.65080599,62.14322069,62.43968043,62.77622166,63.19473382,63.54105694,63.88932615,64.25316284,64.65240484,64.93127888,65.10486155,65.54693416,65.92285537,66.36867881,66.77189297,67.17213892,67.60360316,67.99316574,68.37477433,68.69523481,68.93248831,69.12996818,68.55190232,66.91212393
"Life expectancy at birth, total (years)",SP.DYN.LE00.IN,Middle East & North Africa,MEA,65.06327205,66.20223153,66.77198292,67.1008998,67.29543631,67.6074566,67.99366757,68.26159417,68.49643096,68.9193952,69.28217807,69.63113154,69.97659245,69.86018119,70.33843986,70.63093079,70.84028814,71.18035916,71.46639113,71.81980691,72.10638332,72.37228523,72.28467802,72.34424267,72.62386339,72.88951608,73.15252184,73.60974285,73.81151713,73.95911501,72.94976833,72.74605521
"Life expectancy at birth, total (years)",SP.DYN.LE00.IN,Middle East & North Africa (excluding high income),MNA,64.35124668,65.58270646,66.15719949,66.46992884,66.64814085,66.96619722,67.35734455,67.63385599,67.8527991,68.28348147,68.64149747,68.97329522,69.32606752,69.14334688,69.62476627,69.90737182,70.09165496,70.42584048,70.68353986,71.02221905,71.27684186,71.52285846,71.37764715,71.40574681,71.70277903,71.98618912,72.25648838,72.76700114,72.98437342,73.14391859,72.172697,71.89987573
"Life expectancy at birth, total (years)",SP.DYN.LE00.IN,Middle East & North Africa (IDA & IBRD countries),TMN,64.32000574,65.55854403,66.13515514,66.44784335,66.62188673,66.93998205,67.33045614,67.60563056,67.82423612,68.25689502,68.62333389,68.96373624,69.30874849,69.12305748,69.60811602,69.88413732,70.07191122,70.40701385,70.664525,71.00465043,71.25758184,71.50354787,71.35405194,71.37597722,71.69231407,71.95855147,72.23013228,72.74322855,72.96338906,73.11939013,72.1463762,71.88113054
"Life expectancy at birth, total (years)",SP.DYN.LE00.IN,Middle income,MIC,63.67252695,63.85360272,64.18038564,64.38550923,64.62449461,64.91963405,65.2105599,65.58230674,65.97065044,66.25976453,66.55323482,66.94506392,67.26682527,67.54696637,67.77353743,68.16989305,68.54356651,68.80419437,68.97006467,69.38605973,69.68114777,70.04369432,70.38709904,70.72223177,71.05784756,71.35120611,71.62616772,71.86407988,72.15355133,72.34872713,71.64865087,70.55259393
"Life expectancy at birth, total (years)",SP.DYN.LE00.IN,North America,NAC,75.43630626,75.58795167,75.83783741,75.6464215,75.84264346,75.85550697,76.24444016,76.62556281,76.78245935,76.805024,76.88515443,77.08859604,77.19229927,77.30041953,77.73479067,77.7460653,77.96879427,78.23960735,78.30377015,78.65485588,78.8171965,78.92397044,79.03288391,79.04171276,79.13628432,79.00364571,78.87972427,78.87247617,78.9657813,79.14171238,77.46351685,76.97672317
"Life expectancy at birth, total (years)",SP.DYN.LE00.IN,Not classified,INX,..,..,..,..,..,..,..,..,..,..,..,..,..,..,..,..,..,..,..,..,..,..,..,..,..,..,..,..,..,..,..,..
"Life expectancy at birth, total (years)",SP.DYN.LE00.IN,OECD members,OED,74.60307479,74.79537146,75.06615133,75.16822685,75.45626603,75.54634,75.91982175,76.25545148,76.45866388,76.57453305,76.91642858,77.20344126,77.37869866,77.50530678,77.89854655,78.01183306,78.29782141,78.50505334,78.65647407,78.92002277,79.09273336,79.31967811,79.47425719,79.67080279,79.91900941,79.79413993,79.90687206,79.93333537,80.01156155,80.22365119,78.90003954,78.71548692
"Life expectancy at birth, total (years)",SP.DYN.LE00.IN,Other small states,OSS,62.0460774,61.98918151,61.84084992,61.77407926,61.43291037,61.26439439,61.1070858,60.710956,60.30498874,59.9351215,60.43293684,60.39981955,60.42835081,60.57027627,60.8492846,61.20167474,61.79743046,62.4977743,63.19120333,63.81487858,64.55296037,65.07533591,65.63222371,66.21211563,66.70960829,67.28883688,67.90554881,68.37726156,68.49629251,68.77113447,68.25557483,66.98962292
"Life expectancy at birth, total (years)",SP.DYN.LE00.IN,Pacific island small states,PSS,65.70301232,65.87955546,66.09130681,66.27283445,66.47968642,66.7313987,66.90856825,67.0374725,67.23718663,67.3133508,67.30394873,67.41204518,67.20526611,67.51969951,67.68820691,67.83041239,67.98573346,67.96521287,68.12384038,68.02361267,68.39569841,68.53138452,68.59709178,68.62577395,68.64263989,68.56220876,68.82751124,69.11886489,69.21374829,69.29425141,69.3649211,69.16359418
"Life expectancy at birth, total (years)",SP.DYN.LE00.IN,Post-demographic dividend,PST,75.46736504,75.59409578,75.71001651,75.72237627,76.03872476,76.05967746,76.43728513,76.77499037,76.99097603,77.09730464,77.34938363,77.64403374,77.79598902,77.90945147,78.33936142,78.42655315,78.75858691,79.00559021,79.1510877,79.47561101,79.68519081,79.95038526,80.08387248,80.26021548,80.51601285,80.38202542,80.5395097,80.58368658,80.6711212,80.89907357,80.00445805,79.79771401
"Life expectancy at birth, total (years)",SP.DYN.LE00.IN,Pre-demographic dividend,PRE,48.72872621,48.64986201,48.56316302,49.0575882,49.90104942,49.71632546,49.72926763,49.97010471,49.63320215,50.72839995,51.473936,51.92156143,52.36811614,52.88379279,53.33980165,53.93977917,54.57857535,55.08678014,55.61365438,56.30800351,56.81196828,57.38710652,57.8697927,58.33005929,58.75219654,59.11937126,59.52391506,59.95061135,60.35483878,60.72165737,60.24953184,59.87258063
"Life expectancy at birth, total (years)",SP.DYN.LE00.IN,Small states,SST,64.04607662,64.02202033,63.92059087,63.89562444,63.64082894,63.53892112,63.41666518,63.09708623,62.8229158,62.52369316,62.9101269,62.89344382,62.94105805,63.01006249,63.29641142,63.59498857,64.05073828,64.59480083,65.11312214,65.67070685,66.25767121,66.704324,67.16178487,67.59565915,67.94508487,68.3472918,68.80769833,69.18060321,69.26893496,69.46719962,69.08257253,67.82243894
"Life expectancy at birth, total (years)",SP.DYN.LE00.IN,South Asia,SAS,58.56024242,58.73664102,59.3765808,59.71141771,60.1037148,60.45769238,60.82523063,61.34399001,61.9292523,62.55714898,62.89296615,63.30370735,63.77152964,64.19977294,64.54003483,64.9162981,65.37140474,65.63227682,65.96100708,66.25459145,66.75099424,67.14243659,67.63201789,68.1214015,68.6382507,69.14378351,69.60957244,69.97928938,70.25347861,70.47275497,69.74833092,67.57912905
"Life expectancy at birth, total (years)",SP.DYN.LE00.IN,South Asia (IDA & IBRD),TSA,58.56024242,58.73664102,59.3765808,59.71141771,60.1037148,60.45769238,60.82523063,61.34399001,61.9292523,62.55714898,62.89296615,63.30370735,63.77152964,64.19977294,64.54003483,64.9162981,65.37140474,65.63227682,65.96100708,66.25459145,66.75099424,67.14243659,67.63201789,68.1214015,68.6382507,69.14378351,69.60957244,69.97928938,70.25347861,70.47275497,69.74833092,67.57912905
"Life expectancy at birth, total (years)",SP.DYN.LE00.IN,Sub-Saharan Africa,SSF,49.82430763,49.69963103,49.47216067,49.69693252,50.00215988,50.11417407,50.04852833,50.21533671,49.92778687,50.64083818,51.2645448,51.53632183,51.89134244,52.36952152,52.84880712,53.46219505,54.21330107,54.84902854,55.45071261,56.21961307,56.84736569,57.55861069,58.14101325,58.668043,59.1426582,59.5629817,60.06902467,60.47713846,60.86302754,61.24429052,60.84889442,60.24174346
"Life expectancy at birth, total (years)",SP.DYN.LE00.IN,Sub-Saharan Africa (excluding high income),SSA,49.82184752,49.69684178,49.46933673,49.69437855,49.99948044,50.11131544,50.04581161,50.2127224,49.92508674,50.63812907,51.2619441,51.53376263,51.88907115,52.36739593,52.84661812,53.46017793,54.21136824,54.84710781,55.44886261,56.21789288,56.84569723,57.55714406,58.13948003,58.66668187,59.14134689,59.56161718,60.06772333,60.47589307,60.86196643,61.24317607,60.84749279,60.24063783
"Life expectancy at birth, total (years)",SP.DYN.LE00.IN,Sub-Saharan Africa (IDA & IBRD countries),TSS,49.82430763,49.69963103,49.47216067,49.69693252,50.00215988,50.11417407,50.04852833,50.21533671,49.92778687,50.64083818,51.2645448,51.53632183,51.89134244,52.36952152,52.84880712,53.46219505,54.21330107,54.84902854,55.45071261,56.21961307,56.84736569,57.55861069,58.14101325,58.668043,59.1426582,59.5629817,60.06902467,60.47713846,60.86302754,61.24429052,60.84889442,60.24174346
"Life expectancy at birth, total (years)",SP.DYN.LE00.IN,Upper middle income,UMC,67.57750086,67.76579926,68.07100759,68.29648868,68.5571316,68.91574889,69.23604736,69.62048622,70.0040119,70.13857627,70.46693564,70.95149959,71.21856038,71.47192723,71.61661372,72.08148899,72.46592177,72.74534103,72.9373872,73.35987923,73.60641426,73.9149013,74.22321623,74.51647766,74.77740401,74.99421297,75.17986183,75.35255787,75.72575526,75.94562363,75.13900352,74.69315759
"Life expectancy at birth, total (years)",SP.DYN.LE00.IN,World,WLD,65.18840651,65.33519025,65.59637517,65.78025124,66.02523417,66.21565793,66.48003428,66.82174035,67.0967795,67.38719522,67.7004017,68.0522403,68.33322196,68.60683639,68.86230529,69.19874131,69.57122906,69.83511451,70.00610058,70.40149984,70.67120077,71.00829742,71.28437756,71.57722586,71.88087567,72.09434071,72.34434845,72.54169517,72.7832104,72.9791435,72.24346591,71.32686542
,,,,,,,,,,,,,,,,,,,,,,,,,,,,,,,,,,,
,,,,,,,,,,,,,,,,,,,,,,,,,,,,,,,,,,,
,,,,,,,,,,,,,,,,,,,,,,,,,,,,,,,,,,,
Data from database: World Development Indicators,,,,,,,,,,,,,,,,,,,,,,,,,,,,,,,,,,,
Last Updated: 12/18/2023,,,,,,,,,,,,,,,,,,,,,,,,,,,,,,,,,,,
